[ 
    { 
       "Id":25183,
       "Text":"System Bar bao gồm các thành phần nào?",
       "Marks":1,
       "AnswerId":104411,
       "Answers":[ 
          { 
             "Id":104408,
             "Text":"Navigation Bar"
          },
          { 
             "Id":104409,
             "Text":"Status Bar"
          },
          { 
             "Id":104410,
             "Text":"Notification Bar"
          },
          { 
             "Id":104411,
             "Text":"Status Bar và Navigation Bar"
          }
       ]
    },
    { 
       "Id":25184,
       "Text":"Câu nào sau đây đúng khi nói về Frame layout?",
       "Marks":1,
       "AnswerId":104412,
       "Answers":[ 
          { 
             "Id":104412,
             "Text":"Frame layout là loại layout luôn lấy tọa độ gốc là top- left và nó xếp chồng view sau lên view trước"
          },
          { 
             "Id":104413,
             "Text":"Frame layout sắp xếp các view ở chính xác tọa độ mong muốn thông qua các thuộc tính layout_x và layout_y"
          },
          { 
             "Id":104414,
             "Text":"Frame layout sắp xếp các view theo hàng ngang hoặc hàng dọc, trong một cột hoặc một dòng"
          },
          { 
             "Id":104415,
             "Text":"Frame layout sắp xếp các view thành các cột và dòng. Mỗi view trong 1 tableRow sẽ là 1 cột"
          }
       ]
    },
    { 
       "Id":25185,
       "Text":"Trong android, interface được tạo từ các điều khiển gì?",
       "Marks":1,
       "AnswerId":104416,
       "Answers":[ 
          { 
             "Id":104416,
             "Text":"View và View group"
          },
          { 
             "Id":104417,
             "Text":"View"
          },
          { 
             "Id":104418,
             "Text":"Button"
          },
          { 
             "Id":104419,
             "Text":"View group"
          }
       ]
    },
    { 
       "Id":25186,
       "Text":"Điều khiển nào sau đây không phải là một layout?",
       "Marks":1,
       "AnswerId":104420,
       "Answers":[ 
          { 
             "Id":104420,
             "Text":"LeftAlignLayout"
          },
          { 
             "Id":104421,
             "Text":"RelativeLayout"
          },
          { 
             "Id":104422,
             "Text":"AbsoluteLayout"
          },
          { 
             "Id":104423,
             "Text":"RelativeLayout"
          }
       ]
    },
    { 
       "Id":25187,
       "Text":"Các điều khiển nào sau đây hiển thị trên Navigation Bar?",
       "Marks":1,
       "AnswerId":104425,
       "Answers":[ 
          { 
             "Id":104424,
             "Text":"Recent"
          },
          { 
             "Id":104425,
             "Text":"Tất cả các phương án đều đúng"
          },
          { 
             "Id":104426,
             "Text":"Home"
          },
          { 
             "Id":104427,
             "Text":"Back"
          }
       ]
    },
    { 
       "Id":25188,
       "Text":"Loại layout nào sau đây luôn dùng để gắn các control ở góc bên trái trên cùng màn hình và không cho phép thay đổi vị trí của các control?",
       "Marks":1,
       "AnswerId":104428,
       "Answers":[ 
          { 
             "Id":104428,
             "Text":"Frame layout"
          },
          { 
             "Id":104429,
             "Text":"Table layout"
          },
          { 
             "Id":104430,
             "Text":"Relative layout"
          },
          { 
             "Id":104431,
             "Text":"Linear layout"
          }
       ]
    },
    { 
       "Id":25189,
       "Text":"Khi viết code, ta có thể thiết lập hướng các control trên Linear layout bằng hàm nào?",
       "Marks":1,
       "AnswerId":104435,
       "Answers":[ 
          { 
             "Id":104432,
             "Text":"setVertical()"
          },
          { 
             "Id":104433,
             "Text":"setHorizontal()"
          },
          { 
             "Id":104434,
             "Text":"setDirection()"
          },
          { 
             "Id":104435,
             "Text":"setOrientation()"
          }
       ]
    },
    { 
       "Id":25190,
       "Text":"Màn hình Home Screen là màn hình như thế nào?",
       "Marks":1,
       "AnswerId":104437,
       "Answers":[ 
          { 
             "Id":104436,
             "Text":"Màn hình cung cấp cho người dùng truy cập đến các ứng dụng Mail được cài trên thiết bị"
          },
          { 
             "Id":104437,
             "Text":"Chứa các folder, widgets hoặc các app shortcuts tùy theo ý người dùng"
          },
          { 
             "Id":104438,
             "Text":"Màn hình cung cấp cho người dùng truy cập đến các ứng dụng đang chạy gần đây một cách nhanh nhất"
          },
          { 
             "Id":104439,
             "Text":"Hiển thị toàn bộ ứng dụng được cài trên máy từ Amazon Store, và có thể đưa một ứng dụng bất kỳ ra màn hình Home"
          }
       ]
    },
    { 
       "Id":25191,
       "Text":"Câu nào đúng khi nói về AutoCompleteTextView?",
       "Marks":1,
       "AnswerId":104443,
       "Answers":[ 
          { 
             "Id":104440,
             "Text":"Vừa là layout vừa là widget"
          },
          { 
             "Id":104441,
             "Text":"Thực chất là một Menu"
          },
          { 
             "Id":104442,
             "Text":"Là một layout"
          },
          { 
             "Id":104443,
             "Text":"Là một widget"
          }
       ]
    },
    { 
       "Id":25192,
       "Text":"Đơn vị đo lường không dùng trong Android là?",
       "Marks":1,
       "AnswerId":104446,
       "Answers":[ 
          { 
             "Id":104444,
             "Text":"Db/dip (Density- independent pixel)"
          },
          { 
             "Id":104445,
             "Text":"Px (Pixel)"
          },
          { 
             "Id":104446,
             "Text":"Ptx"
          },
          { 
             "Id":104447,
             "Text":"Pt (Point)"
          }
       ]
    },
    { 
       "Id":25193,
       "Text":"Để thêm font vào ứng dụng trong android, khi bạn cần copy thêm fonts thì phải thêm font vào thư mục nào?",
       "Marks":1,
       "AnswerId":104451,
       "Answers":[ 
          { 
             "Id":104448,
             "Text":"/layout/fonts"
          },
          { 
             "Id":104449,
             "Text":"/menu/fonts"
          },
          { 
             "Id":104450,
             "Text":"/value/fonts"
          },
          { 
             "Id":104451,
             "Text":"/assets/fonts"
          }
       ]
    },
    { 
       "Id":25194,
       "Text":"Khi thiết kế bố trí các control trên màn hình, khoảng cách các control nên là bao nhiêu?",
       "Marks":1,
       "AnswerId":104455,
       "Answers":[ 
          { 
             "Id":104452,
             "Text":"10dp"
          },
          { 
             "Id":104453,
             "Text":"7dp"
          },
          { 
             "Id":104454,
             "Text":"9dp"
          },
          { 
             "Id":104455,
             "Text":"8dp"
          }
       ]
    },
    { 
       "Id":25195,
       "Text":"Trong Relative layout, để chỉ ra rằng widget phải được đặt ở bên dưới của widget tham chiếu. ta sử dụng thuộc tính nào?",
       "Marks":1,
       "AnswerId":104458,
       "Answers":[ 
          { 
             "Id":104456,
             "Text":"android:layout_above"
          },
          { 
             "Id":104457,
             "Text":"android:layout_toRightOf"
          },
          { 
             "Id":104458,
             "Text":"android:layout_below"
          },
          { 
             "Id":104459,
             "Text":"android:layout_toLeftOf"
          }
       ]
    },
    { 
       "Id":25196,
       "Text":"Trong table layout ta dùng thuộc tính nào để giãn đều các control, các cell ?",
       "Marks":1,
       "AnswerId":104461,
       "Answers":[ 
          { 
             "Id":104460,
             "Text":"android:stretchColumns=\"1\""
          },
          { 
             "Id":104461,
             "Text":"android:stretchColumns=\"*\""
          },
          { 
             "Id":104462,
             "Text":"android:stretchColumns=\"+\""
          },
          { 
             "Id":104463,
             "Text":"android:stretchColumns=\"0\""
          }
       ]
    },
    { 
       "Id":25197,
       "Text":"Để sử dụng font copy trong file xml, ta sử dụng thuộc tính sau?",
       "Marks":1,
       "AnswerId":104466,
       "Answers":[ 
          { 
             "Id":104464,
             "Text":"android:face=‘”serif”"
          },
          { 
             "Id":104465,
             "Text":"android:type=‘”serif”"
          },
          { 
             "Id":104466,
             "Text":"android:typeface=‘”serif”"
          },
          { 
             "Id":104467,
             "Text":"android:font=‘”serif”"
          }
       ]
    },
    { 
       "Id":25198,
       "Text":"Trong Relative layout, để chỉ ra rằng widget phải được đặt ở bên trái của widget tham chiếu. ta sử dụng thuộc tính nào?",
       "Marks":1,
       "AnswerId":104471,
       "Answers":[ 
          { 
             "Id":104468,
             "Text":"android:layout_toRightOf"
          },
          { 
             "Id":104469,
             "Text":"android:layout_alignParentLeft"
          },
          { 
             "Id":104470,
             "Text":"android:layout_alignParentRight"
          },
          { 
             "Id":104471,
             "Text":"android:layout_toLeftOf"
          }
       ]
    },
    { 
       "Id":25199,
       "Text":"Layout nào cho phép sắp xếp các control dưới dạng lưới (cột và hàng)?",
       "Marks":1,
       "AnswerId":104472,
       "Answers":[ 
          { 
             "Id":104472,
             "Text":"Table layout"
          },
          { 
             "Id":104473,
             "Text":"Relative layout"
          },
          { 
             "Id":104474,
             "Text":"Frame layout"
          },
          { 
             "Id":104475,
             "Text":"Absolute layout"
          }
       ]
    },
    { 
       "Id":25200,
       "Text":"Style có thể được kế thừa bằng cách thêm thuộc tính parent = “@android: style/…” đúng hay sai?",
       "Marks":1,
       "AnswerId":104476,
       "Answers":[ 
          { 
             "Id":104476,
             "Text":"Đúng"
          },
          { 
             "Id":104477,
             "Text":"Sai"
          }
       ]
    },
    { 
       "Id":25201,
       "Text":"Điều khiển nào không phải là một layout?",
       "Marks":1,
       "AnswerId":104481,
       "Answers":[ 
          { 
             "Id":104478,
             "Text":"Absolute layout"
          },
          { 
             "Id":104479,
             "Text":"Table layout"
          },
          { 
             "Id":104480,
             "Text":"Table layout và Absolute layout"
          },
          { 
             "Id":104481,
             "Text":"ListView"
          }
       ]
    },
    { 
       "Id":25202,
       "Text":"Trong Relative layout, để chỉ ra rằng widget phải được đặt ở đầu của layout mà nó nằm ta sử dụng thuộc tính?",
       "Marks":1,
       "AnswerId":104482,
       "Answers":[ 
          { 
             "Id":104482,
             "Text":"android:layout_alignParentTop"
          },
          { 
             "Id":104483,
             "Text":"android:layout_above"
          },
          { 
             "Id":104484,
             "Text":"android:layout_alignParentBottom"
          },
          { 
             "Id":104485,
             "Text":"android:layout_below"
          }
       ]
    },
    { 
       "Id":25203,
       "Text":"Với CheckBox để thiết lập trạng thái checked hay unchecked ta dùng lệnh sau?",
       "Marks":1,
       "AnswerId":104486,
       "Answers":[ 
          { 
             "Id":104486,
             "Text":"setChecked()"
          },
          { 
             "Id":104487,
             "Text":"clearChecked()"
          },
          { 
             "Id":104488,
             "Text":"getCheckedRadioButtonId()"
          },
          { 
             "Id":104489,
             "Text":"isChecked()"
          }
       ]
    },
    { 
       "Id":25204,
       "Text":"Thuộc tính sau có thể áp dụng cho những widget nào? android:src=\"@drawable/icon\"",
       "Marks":1,
       "AnswerId":104493,
       "Answers":[ 
          { 
             "Id":104490,
             "Text":"ImageButtion"
          },
          { 
             "Id":104491,
             "Text":"ImageView"
          },
          { 
             "Id":104492,
             "Text":"EditText"
          },
          { 
             "Id":104493,
             "Text":"Cả ImageButtion và ImageView"
          }
       ]
    },
    { 
       "Id":25205,
       "Text":"Với RadioButton để thiết lập trạng thái checked hay unchecked ta dùng lệnh sau?",
       "Marks":1,
       "AnswerId":104494,
       "Answers":[ 
          { 
             "Id":104494,
             "Text":"isChecked()"
          },
          { 
             "Id":104495,
             "Text":"clearChecked()"
          },
          { 
             "Id":104496,
             "Text":"getCheckedRadioButtonId()"
          },
          { 
             "Id":104497,
             "Text":"setChecked()"
          }
       ]
    },
    { 
       "Id":25206,
       "Text":"Trong những câu sau, câu nào đúng khi nói về RadioButton?",
       "Marks":1,
       "AnswerId":104499,
       "Answers":[ 
          { 
             "Id":104498,
             "Text":"Những RadioButton cùng nằm trong một RadioGroup thì tại 1 thời điểm có nhiều RadioButton được checked."
          },
          { 
             "Id":104499,
             "Text":"Những RadioButton cùng nằm trong một RadioGroup thì tại 1 thời điểm chỉ có 1 RadioButton được checked mà thôi"
          },
          { 
             "Id":104500,
             "Text":"Những RadioButton không cùng nằm trong một RadioGroup thì tại 1 thời điểm chỉ có 1 RadioButton được checked mà thôi"
          },
          { 
             "Id":104501,
             "Text":"Không phương án nào đúng."
          }
       ]
    },
    { 
       "Id":25207,
       "Text":"Để lấy dữ liệu bên trong EditText ta thực hiện lệnh sau?",
       "Marks":1,
       "AnswerId":104503,
       "Answers":[ 
          { 
             "Id":104502,
             "Text":"doText()"
          },
          { 
             "Id":104503,
             "Text":"getText()"
          },
          { 
             "Id":104504,
             "Text":"setText()"
          },
          { 
             "Id":104505,
             "Text":"Text()"
          }
       ]
    },
    { 
       "Id":25208,
       "Text":"Với RadioButton để xóa bỏ checked trong group, ta dùng lệnh sau?",
       "Marks":1,
       "AnswerId":104509,
       "Answers":[ 
          { 
             "Id":104506,
             "Text":"setChecked()"
          },
          { 
             "Id":104507,
             "Text":"isChecked()"
          },
          { 
             "Id":104508,
             "Text":"getCheckedRadioButtonId()"
          },
          { 
             "Id":104509,
             "Text":"clearChecked()"
          }
       ]
    },
    { 
       "Id":25209,
       "Text":"Trong ImageView và ImageButton khi khai báo thuộc tínhandroid:src=\"@drawable/icon\", thì icon sẽ được lưu ở đâu?",
       "Marks":1,
       "AnswerId":104511,
       "Answers":[ 
          { 
             "Id":104510,
             "Text":"/res/menu"
          },
          { 
             "Id":104511,
             "Text":"/res/drawable/"
          },
          { 
             "Id":104512,
             "Text":"/res/values"
          },
          { 
             "Id":104513,
             "Text":"/res/layout"
          }
       ]
    },
    { 
       "Id":25210,
       "Text":"Trong EditText để nhập một hoặc nhiều dòng dữ liệu ta sử dụng thuộc tính?",
       "Marks":1,
       "AnswerId":104516,
       "Answers":[ 
          { 
             "Id":104514,
             "Text":"android:capitalize"
          },
          { 
             "Id":104515,
             "Text":"android:textSize"
          },
          { 
             "Id":104516,
             "Text":"android:singleLine"
          },
          { 
             "Id":104517,
             "Text":"android:digits"
          }
       ]
    },
    { 
       "Id":25211,
       "Text":"Trong EditText để hiển thị thông tin gợi ý trong vùng nhập dữ liệu khi bạn chưa nhập bất kỳ dữ liệu nào vào và phần gợi ý sẽ tự động mất đi khi có dữ liệu nhập, người ta sử dụng thuộc tính nào?",
       "Marks":1,
       "AnswerId":104520,
       "Answers":[ 
          { 
             "Id":104518,
             "Text":"android: hint"
          },
          { 
             "Id":104519,
             "Text":"android:textSize"
          },
          { 
             "Id":104520,
             "Text":"android:autoText"
          },
          { 
             "Id":104521,
             "Text":"android:capitalize"
          }
       ]
    },
    { 
       "Id":25212,
       "Text":"Để Button thực hiện một hành động click ta khai báo thuộc tính sau?",
       "Marks":1,
       "AnswerId":104525,
       "Answers":[ 
          { 
             "Id":104522,
             "Text":"android: input=\"\""
          },
          { 
             "Id":104523,
             "Text":"android: Click=\"\""
          },
          { 
             "Id":104524,
             "Text":"android:inClick=\"\""
          },
          { 
             "Id":104525,
             "Text":"android:onClick=\"\""
          }
       ]
    },
    { 
       "Id":25213,
       "Text":"Trong ListView, các dòng dữ liệu có thể chứa những loại nào sau đây?",
       "Marks":1,
       "AnswerId":104526,
       "Answers":[ 
          { 
             "Id":104526,
             "Text":"Tất cả các phương án đều đúng"
          },
          { 
             "Id":104527,
             "Text":"multi-line items"
          },
          { 
             "Id":104528,
             "Text":"custom items"
          },
          { 
             "Id":104529,
             "Text":"simple single-line items"
          }
       ]
    },
    { 
       "Id":25214,
       "Text":"Để hiển thị thanh cuốn theo chiều dọc người ta dùng điều khiển nào?",
       "Marks":1,
       "AnswerId":104533,
       "Answers":[ 
          { 
             "Id":104530,
             "Text":"Button"
          },
          { 
             "Id":104531,
             "Text":"Textview"
          },
          { 
             "Id":104532,
             "Text":"EditText"
          },
          { 
             "Id":104533,
             "Text":"Gridview"
          }
       ]
    },
    { 
       "Id":25215,
       "Text":"Trong các dòng dữ liệu ở ListView, ta có thể đặt điều khiển nào?",
       "Marks":1,
       "AnswerId":104536,
       "Answers":[ 
          { 
             "Id":104534,
             "Text":"Button action"
          },
          { 
             "Id":104535,
             "Text":"Icons"
          },
          { 
             "Id":104536,
             "Text":"Tất cả các phương án đều đúng"
          },
          { 
             "Id":104537,
             "Text":"Checkbox"
          }
       ]
    },
    { 
       "Id":25216,
       "Text":"Để người sử dụng có thể nhập từ mới (không có trong danh sách) hoặc có thể lựa chọn từ ở trong danh sách hiển thị, ta dùng widget nào?",
       "Marks":1,
       "AnswerId":104539,
       "Answers":[ 
          { 
             "Id":104538,
             "Text":"Spinner"
          },
          { 
             "Id":104539,
             "Text":"AutoCompleteTextView"
          },
          { 
             "Id":104540,
             "Text":"GridView"
          },
          { 
             "Id":104541,
             "Text":"Textview"
          }
       ]
    },
    { 
       "Id":25217,
       "Text":"Trong Gridview để hiển thị 4 cột, phải dùng khai báo nào sau đây?",
       "Marks":1,
       "AnswerId":104542,
       "Answers":[ 
          { 
             "Id":104542,
             "Text":"android:numColumns = \"4\""
          },
          { 
             "Id":104543,
             "Text":"android:Columns = \"4\""
          },
          { 
             "Id":104544,
             "Text":"android:Col = \"4\""
          },
          { 
             "Id":104545,
             "Text":"android:numCol= \"4\""
          }
       ]
    },
    { 
       "Id":25218,
       "Text":"Trong những widget sau đây, đâu không phải là widget lựa chọn?",
       "Marks":1,
       "AnswerId":104546,
       "Answers":[ 
          { 
             "Id":104546,
             "Text":"Textview"
          },
          { 
             "Id":104547,
             "Text":"ListView"
          },
          { 
             "Id":104548,
             "Text":"AutocomplexTextview"
          },
          { 
             "Id":104549,
             "Text":"Spinner"
          }
       ]
    },
    { 
       "Id":25219,
       "Text":"Để chỉ ra số cột sẽ hiển thị trong GridView, phải sử dụng thuộc tính nào?",
       "Marks":1,
       "AnswerId":104552,
       "Answers":[ 
          { 
             "Id":104550,
             "Text":"android:verticalSpacing"
          },
          { 
             "Id":104551,
             "Text":"android:columnWidth"
          },
          { 
             "Id":104552,
             "Text":"android:numColumns"
          },
          { 
             "Id":104553,
             "Text":"android:horizontalSpacing"
          }
       ]
    },
    { 
       "Id":25220,
       "Text":"Trong Android, điều khiển nào là một widget chọn dạng drop-down?",
       "Marks":1,
       "AnswerId":104554,
       "Answers":[ 
          { 
             "Id":104554,
             "Text":"Spinner"
          },
          { 
             "Id":104555,
             "Text":"Listview và Gridview"
          },
          { 
             "Id":104556,
             "Text":"Gridview"
          },
          { 
             "Id":104557,
             "Text":"Listwiew"
          }
       ]
    },
    { 
       "Id":25221,
       "Text":"Trong AutoCompleteTextView thuộc tính nào chỉ ra số ký tự tối thiểu mà người dùng có thể nhập để hiển thị ra danh sách từ gợi ý tương tự?",
       "Marks":1,
       "AnswerId":104561,
       "Answers":[ 
          { 
             "Id":104558,
             "Text":"android:completionHintView"
          },
          { 
             "Id":104559,
             "Text":"android:dropDownSelector"
          },
          { 
             "Id":104560,
             "Text":"android:completionHint"
          },
          { 
             "Id":104561,
             "Text":"android:completionThreshold"
          }
       ]
    },
    { 
       "Id":25222,
       "Text":"Phương thức sử dụng để gọi ngày tháng năm trong DatePickerDialog là?",
       "Marks":1,
       "AnswerId":104565,
       "Answers":[ 
          { 
             "Id":104562,
             "Text":"OnTimeChangedListene"
          },
          { 
             "Id":104563,
             "Text":"OnDateChangedListener và OnDateSetListener"
          },
          { 
             "Id":104564,
             "Text":"OnDateChangedListener"
          },
          { 
             "Id":104565,
             "Text":"OnDateSetListener"
          }
       ]
    },
    { 
       "Id":25223,
       "Text":"SlidingDrawer chỉ được sử dụng bên trong layout nào?",
       "Marks":1,
       "AnswerId":104569,
       "Answers":[ 
          { 
             "Id":104566,
             "Text":"Absolute Layout"
          },
          { 
             "Id":104567,
             "Text":"Relative Layout"
          },
          { 
             "Id":104568,
             "Text":"Frame layout"
          },
          { 
             "Id":104569,
             "Text":"Frame layout và Relative Layout"
          }
       ]
    },
    { 
       "Id":25224,
       "Text":"Trong Android, loại tab nào cố định không thể cuộn được?",
       "Marks":1,
       "AnswerId":104572,
       "Answers":[ 
          { 
             "Id":104570,
             "Text":"Home Tabs"
          },
          { 
             "Id":104571,
             "Text":"Scrollalbe Tabs"
          },
          { 
             "Id":104572,
             "Text":"Fixed Tabs"
          },
          { 
             "Id":104573,
             "Text":"Không có tab nào có thể cuộn được"
          }
       ]
    },
    { 
       "Id":25225,
       "Text":"Phải sử dụng phương thức OnDateChangedListener khi người dùng thay đổi ngày tháng năm trên điều khiển DatePicker?",
       "Marks":1,
       "AnswerId":104575,
       "Answers":[ 
          { 
             "Id":104574,
             "Text":"Sai"
          },
          { 
             "Id":104575,
             "Text":"Đúng"
          }
       ]
    },
    { 
       "Id":25226,
       "Text":"Tab Selector có những loại sau?",
       "Marks":1,
       "AnswerId":104577,
       "Answers":[ 
          { 
             "Id":104576,
             "Text":"Scrollalbe Tabs"
          },
          { 
             "Id":104577,
             "Text":"Scrollalbe Tabs và Fixed Tabs"
          },
          { 
             "Id":104578,
             "Text":"Fixed Tabs"
          },
          { 
             "Id":104579,
             "Text":"Tất cả các phương án đều sai"
          }
       ]
    },
    { 
       "Id":25227,
       "Text":"Các thành phần của Tab Selector gồm có?",
       "Marks":1,
       "AnswerId":104581,
       "Answers":[ 
          { 
             "Id":104580,
             "Text":"TabHost"
          },
          { 
             "Id":104581,
             "Text":"Tất cả các phương án đều đúng"
          },
          { 
             "Id":104582,
             "Text":"TabWidget"
          },
          { 
             "Id":104583,
             "Text":"FrameLayout"
          }
       ]
    },
    { 
       "Id":25228,
       "Text":"Phải sử dụng phương thức OnTimeChangedListener khi người dùng thay đổi thời gian giờ phút giây?",
       "Marks":1,
       "AnswerId":104584,
       "Answers":[ 
          { 
             "Id":104584,
             "Text":"Đúng"
          },
          { 
             "Id":104585,
             "Text":"Sai"
          }
       ]
    },
    { 
       "Id":25229,
       "Text":"Để hiển thị ngày, tháng năm trong Android, ta có thể dùng điều khiển nào?",
       "Marks":1,
       "AnswerId":104589,
       "Answers":[ 
          { 
             "Id":104586,
             "Text":"DatePicker"
          },
          { 
             "Id":104587,
             "Text":"DatePickerDialog"
          },
          { 
             "Id":104588,
             "Text":"TimePicker"
          },
          { 
             "Id":104589,
             "Text":"DatePicker và DatePickerDialog"
          }
       ]
    },
    { 
       "Id":25230,
       "Text":"Để thiết lập giờ, phút, giây trong Android, ta có thể dùng điều khiển nào?",
       "Marks":1,
       "AnswerId":104593,
       "Answers":[ 
          { 
             "Id":104590,
             "Text":"TimePicker"
          },
          { 
             "Id":104591,
             "Text":"DatePicker"
          },
          { 
             "Id":104592,
             "Text":"TimePickerDialog"
          },
          { 
             "Id":104593,
             "Text":"TimePicker và TimePickerDialog"
          }
       ]
    },
    { 
       "Id":25231,
       "Text":"Layout được sử dụng trong Tab content là?",
       "Marks":1,
       "AnswerId":104594,
       "Answers":[ 
          { 
             "Id":104594,
             "Text":"Frame Layout"
          },
          { 
             "Id":104595,
             "Text":"Relative Layout"
          },
          { 
             "Id":104596,
             "Text":"Linear Layout"
          },
          { 
             "Id":104597,
             "Text":"Table layout"
          }
       ]
    },
    { 
       "Id":25232,
       "Text":"EditText cho phép hiển thị action như Send ngay trên bàn phím, hỗ trợ nhanh thao tác gửi tin nhắn bằng cách khai báo thuộc tính như thế nào?",
       "Marks":1,
       "AnswerId":104600,
       "Answers":[ 
          { 
             "Id":104598,
             "Text":"android:imeOptions=\"actionNone\""
          },
          { 
             "Id":104599,
             "Text":"android:imeOptions=\"actionSearch\""
          },
          { 
             "Id":104600,
             "Text":"android:imeOptions=\"actionSend\""
          },
          { 
             "Id":104601,
             "Text":"android:imeOptions=\"actionSend\" và android:imeOptions=\"actionSearch\""
          }
       ]
    },
    { 
       "Id":25233,
       "Text":"Khi thực hiện chức năng Search để tạo một truy vấn sử dụng những từ đã truy cập gần đây cần thực hiện bước nào đầu tiên?",
       "Marks":1,
       "AnswerId":104603,
       "Answers":[ 
          { 
             "Id":104602,
             "Text":"Tạo một content provider để chứa nội dung search, được kế thừa từ SearchRecentSuggestionsProvider và được khai báo trong manifest"
          },
          { 
             "Id":104603,
             "Text":"Tạo một searchable activity"
          },
          { 
             "Id":104604,
             "Text":"Lưu chuỗi truy vấn vào content provider mỗi lần thực hiện lệnh search"
          },
          { 
             "Id":104605,
             "Text":"Chỉnh sửa cấu hình searchable"
          }
       ]
    },
    { 
       "Id":25234,
       "Text":"Để hiển thị thông báo ta có thể sử dụng điều khiển nào?",
       "Marks":1,
       "AnswerId":104609,
       "Answers":[ 
          { 
             "Id":104606,
             "Text":"Alert Dialog"
          },
          { 
             "Id":104607,
             "Text":"Message"
          },
          { 
             "Id":104608,
             "Text":"Toast"
          },
          { 
             "Id":104609,
             "Text":"Toast và Alert Dialog"
          }
       ]
    },
    { 
       "Id":25235,
       "Text":"Trong EditText để nhập text có chứa dạng số cần nhập giá trị nào vào thuộc tính android:inputType?",
       "Marks":1,
       "AnswerId":104612,
       "Answers":[ 
          { 
             "Id":104610,
             "Text":"text"
          },
          { 
             "Id":104611,
             "Text":"textEmailAddress"
          },
          { 
             "Id":104612,
             "Text":"number"
          },
          { 
             "Id":104613,
             "Text":"textUri"
          }
       ]
    },
    { 
       "Id":25236,
       "Text":"Để hiển thị thông báo trong các mục thiết lập thông số cấu hình, hay đơn giản chỉ là hiển thị lên để xem thông tin tạm thời nào đó mà không cho phép người sử dụng tương tác ta dùng lớp nào?",
       "Marks":1,
       "AnswerId":104616,
       "Answers":[ 
          { 
             "Id":104614,
             "Text":"Notification"
          },
          { 
             "Id":104615,
             "Text":"Alert Dialog"
          },
          { 
             "Id":104616,
             "Text":"Toast"
          },
          { 
             "Id":104617,
             "Text":"Tất cả các phương án đều đúng"
          }
       ]
    },
    { 
       "Id":25237,
       "Text":"Để hiển thị Toast trong 2 giây ta sử dụng giá trị sau?",
       "Marks":1,
       "AnswerId":104620,
       "Answers":[ 
          { 
             "Id":104618,
             "Text":"Toast.LENGTH_LONG"
          },
          { 
             "Id":104619,
             "Text":"Toast.LONG"
          },
          { 
             "Id":104620,
             "Text":"Toast.LENGTH_SHORT"
          },
          { 
             "Id":104621,
             "Text":"Toast.SHORT"
          }
       ]
    },
    { 
       "Id":25238,
       "Text":"Để hiển thị Dialog ta dùng phương thức nào?",
       "Marks":1,
       "AnswerId":104625,
       "Answers":[ 
          { 
             "Id":104622,
             "Text":"hide()"
          },
          { 
             "Id":104623,
             "Text":"onDialog()"
          },
          { 
             "Id":104624,
             "Text":"create()"
          },
          { 
             "Id":104625,
             "Text":"show()"
          }
       ]
    },
    { 
       "Id":25239,
       "Text":"Trong EditText để nhập text có chứa dạng số điện thoại cần nhập giá trị nào vào thuộc tính android:inputType?",
       "Marks":1,
       "AnswerId":104629,
       "Answers":[ 
          { 
             "Id":104626,
             "Text":"android:inputType =\"textUri\""
          },
          { 
             "Id":104627,
             "Text":"android:inputType =\"number\""
          },
          { 
             "Id":104628,
             "Text":"android:inputType =\"textEmailAddress\""
          },
          { 
             "Id":104629,
             "Text":"android:inputType =\"phone”"
          }
       ]
    },
    { 
       "Id":25240,
       "Text":"Khi cấu hình một thẻ Searchable để gán các thuộc tính như: voice search, search suggestion hoặc hint text cho hộp thoại search, người ta tạo một file searchable.xml trong thư mục nào?",
       "Marks":1,
       "AnswerId":104632,
       "Answers":[ 
          { 
             "Id":104630,
             "Text":"/res/values"
          },
          { 
             "Id":104631,
             "Text":"/res/layout"
          },
          { 
             "Id":104632,
             "Text":"/res/xml"
          },
          { 
             "Id":104633,
             "Text":"/res/menu"
          }
       ]
    },
    { 
       "Id":25241,
       "Text":"Để xóa lịch sửa truy vấn sử dụng phương thức nào của SearchRecentSuggestions?",
       "Marks":1,
       "AnswerId":104635,
       "Answers":[ 
          { 
             "Id":104634,
             "Text":".hide()"
          },
          { 
             "Id":104635,
             "Text":".clearHistory()"
          },
          { 
             "Id":104636,
             "Text":".clear()"
          },
          { 
             "Id":104637,
             "Text":".hideHistory()"
          }
       ]
    },
    { 
       "Id":25242,
       "Text":"Phương thức nào của WebView dùng để xóa cache trên trình duyệt?",
       "Marks":1,
       "AnswerId":104641,
       "Answers":[ 
          { 
             "Id":104638,
             "Text":"clearCacheBrowner()"
          },
          { 
             "Id":104639,
             "Text":"clear()"
          },
          { 
             "Id":104640,
             "Text":"clearCaches()"
          },
          { 
             "Id":104641,
             "Text":"clearCache()"
          }
       ]
    },
    { 
       "Id":25243,
       "Text":"Loại menu nào trong Android được kích hoạt bằng cách nhấn vào nút Menu?",
       "Marks":1,
       "AnswerId":104645,
       "Answers":[ 
          { 
             "Id":104642,
             "Text":"Popup menu"
          },
          { 
             "Id":104643,
             "Text":"Không có loại menu nào"
          },
          { 
             "Id":104644,
             "Text":"Context menu"
          },
          { 
             "Id":104645,
             "Text":"Option menu"
          }
       ]
    },
    { 
       "Id":25244,
       "Text":"Phương thức nào dùng để xử lý sự kiện, để tìm ra xem menu nào được lựa chọn?",
       "Marks":1,
       "AnswerId":104648,
       "Answers":[ 
          { 
             "Id":104646,
             "Text":"registerForContextMenu()"
          },
          { 
             "Id":104647,
             "Text":"getResources().getColor()"
          },
          { 
             "Id":104648,
             "Text":"onContextItemSelected()"
          },
          { 
             "Id":104649,
             "Text":"onCreateContextMenu()"
          }
       ]
    },
    { 
       "Id":25245,
       "Text":"Thực hiện phương thức nào dùng để nạp Context Menu XML vào ứng dụng. phương thức sẽ được gọi mỗi khi context menu được yêu cầu?",
       "Marks":1,
       "AnswerId":104652,
       "Answers":[ 
          { 
             "Id":104650,
             "Text":"registerForContextMenu()"
          },
          { 
             "Id":104651,
             "Text":"onContextItemSelected()"
          },
          { 
             "Id":104652,
             "Text":"onCreateContextMenu()"
          },
          { 
             "Id":104653,
             "Text":"getResources().getColor()"
          }
       ]
    },
    { 
       "Id":25246,
       "Text":"Câu nào là đúng đối với menu trong Android?",
       "Marks":1,
       "AnswerId":104654,
       "Answers":[ 
          { 
             "Id":104654,
             "Text":"Phải đăng ký Popup Menu cho đối tượng sau đó muốn hiển thị lên thì ta nhấn thật lâu vào đối tượng (long click )"
          },
          { 
             "Id":104655,
             "Text":"Không thể tạo Context menu trong code"
          },
          { 
             "Id":104656,
             "Text":"Phải đăng ký Option Menu cho đối tượng sau đó muốn hiển thị lên thì ta nhấn thật lâu vào đối tượng (long click )"
          },
          { 
             "Id":104657,
             "Text":"Có thể tạo Menu động trong code"
          }
       ]
    },
    { 
       "Id":25247,
       "Text":"Để bật Javascript, gọi : myWebView.setSettings().setJavaScriptEnabled(true); đối với đối tượng WebView\u003e, điều này đúng hay sai?",
       "Marks":1,
       "AnswerId":104659,
       "Answers":[ 
          { 
             "Id":104658,
             "Text":"Sai"
          },
          { 
             "Id":104659,
             "Text":"Đúng"
          }
       ]
    },
    { 
       "Id":25248,
       "Text":"Để định nghĩa menu, tạo một file xml trong thư mục nào của dự án?",
       "Marks":1,
       "AnswerId":104662,
       "Answers":[ 
          { 
             "Id":104660,
             "Text":"res/values/"
          },
          { 
             "Id":104661,
             "Text":"res/layout/"
          },
          { 
             "Id":104662,
             "Text":"res/menu/"
          },
          { 
             "Id":104663,
             "Text":"res/xml/"
          }
       ]
    },
    { 
       "Id":25249,
       "Text":"Sử dụng thuộc tính android:showAsAction=\"always\" cho item của menu có nghĩa là item sẽ luôn xuất hiện trên thanh action bar, điều này đúng hay sai?",
       "Marks":1,
       "AnswerId":104665,
       "Answers":[ 
          { 
             "Id":104664,
             "Text":"Đúng"
          },
          { 
             "Id":104665,
             "Text":"Sai"
          }
       ]
    },
    { 
       "Id":25250,
       "Text":"Để tải trang web cần hiển thị lên WebView ta sử dụng phương thức sau?",
       "Marks":1,
       "AnswerId":104667,
       "Answers":[ 
          { 
             "Id":104666,
             "Text":".loadView(….)"
          },
          { 
             "Id":104667,
             "Text":".loadUrl(...)"
          },
          { 
             "Id":104668,
             "Text":".loadData(….)"
          },
          { 
             "Id":104669,
             "Text":".loadWeb(…)"
          }
       ]
    },
    { 
       "Id":25251,
       "Text":"Trong android có mấy loại menu?",
       "Marks":1,
       "AnswerId":104671,
       "Answers":[ 
          { 
             "Id":104670,
             "Text":"4"
          },
          { 
             "Id":104671,
             "Text":"3"
          },
          { 
             "Id":104672,
             "Text":"5"
          },
          { 
             "Id":104673,
             "Text":"2"
          }
       ]
    },
    { 
       "Id":25252,
       "Text":"Để Navigation Drawer được gọi từ trái qua phải ta sẽ khai báo như thế nào?",
       "Marks":1,
       "AnswerId":104677,
       "Answers":[ 
          { 
             "Id":104674,
             "Text":"android:layout_gravity=”right”"
          },
          { 
             "Id":104675,
             "Text":"android:layout_gravity=”left”"
          },
          { 
             "Id":104676,
             "Text":"android:layout_gravity=”end”"
          },
          { 
             "Id":104677,
             "Text":"android:layout_gravity=”start”"
          }
       ]
    },
    { 
       "Id":25253,
       "Text":"Chiều cao của mỗi item trên Navigation Drawer không nên nhỏ hơn bao nhiêu?",
       "Marks":1,
       "AnswerId":104679,
       "Answers":[ 
          { 
             "Id":104678,
             "Text":"47dp"
          },
          { 
             "Id":104679,
             "Text":"48dp"
          },
          { 
             "Id":104680,
             "Text":"49dp"
          },
          { 
             "Id":104681,
             "Text":"46dp"
          }
       ]
    },
    { 
       "Id":25254,
       "Text":"Thông thường ta có thể đặt action bar ở những vị trí nào sau đây?",
       "Marks":1,
       "AnswerId":104685,
       "Answers":[ 
          { 
             "Id":104682,
             "Text":"Main action bar"
          },
          { 
             "Id":104683,
             "Text":"Top bar"
          },
          { 
             "Id":104684,
             "Text":"Bottom bar"
          },
          { 
             "Id":104685,
             "Text":"Tất cả các phương án đều đúng"
          }
       ]
    },
    { 
       "Id":25255,
       "Text":"Để chứa các action ít thực hiện dưới dạng các menu ta sẽ thiết kế vùng action bar nào?",
       "Marks":1,
       "AnswerId":104686,
       "Answers":[ 
          { 
             "Id":104686,
             "Text":"Action Overflow"
          },
          { 
             "Id":104687,
             "Text":"App icon"
          },
          { 
             "Id":104688,
             "Text":"View Control"
          },
          { 
             "Id":104689,
             "Text":"Action Button"
          }
       ]
    },
    { 
       "Id":25256,
       "Text":"Thay đổi một Action Bar Icon bằng một icon khác ta sử dụng phương thức nào?",
       "Marks":1,
       "AnswerId":104693,
       "Answers":[ 
          { 
             "Id":104690,
             "Text":"actionBar.getIcon(R.drawable.ico_actionbar)"
          },
          { 
             "Id":104691,
             "Text":"actionBar.hideIcon(R.drawable.ico_actionbar)"
          },
          { 
             "Id":104692,
             "Text":"actionBar.showIcon(R.drawable.ico_actionbar)"
          },
          { 
             "Id":104693,
             "Text":"actionBar.setIcon(R.drawable.ico_actionbar)"
          }
       ]
    },
    { 
       "Id":25257,
       "Text":"Khởi tạo sự kiện mở, đóng navigation drawer bằng phương thức nào?",
       "Marks":1,
       "AnswerId":104694,
       "Answers":[ 
          { 
             "Id":104694,
             "Text":"onDrawerClosed(view)   và onDrawerOpened(drawerView)"
          },
          { 
             "Id":104695,
             "Text":"onDrawerClose(view)   và onDrawerOpene(drawerView)"
          },
          { 
             "Id":104696,
             "Text":"onClosedDrawer(view)   và onOpenedDrawer(drawerView"
          },
          { 
             "Id":104697,
             "Text":"onClosed(view)   và onOpened(drawerView)"
          }
       ]
    },
    { 
       "Id":25258,
       "Text":"Khi khai báo một Action item, để hiển thị icon của action nếu không gian màn hình cho phép ta dùng?",
       "Marks":1,
       "AnswerId":104699,
       "Answers":[ 
          { 
             "Id":104698,
             "Text":"android:showAsAction=\"Always\""
          },
          { 
             "Id":104699,
             "Text":"android:showAsAction=\"ifRoom\""
          },
          { 
             "Id":104700,
             "Text":"android:showAsAction=\"Never\""
          },
          { 
             "Id":104701,
             "Text":"android:showAsAction=\"withText\""
          }
       ]
    },
    { 
       "Id":25259,
       "Text":"Trong những vùng sau, đâu là vùng chức năng của Action bar?",
       "Marks":1,
       "AnswerId":104704,
       "Answers":[ 
          { 
             "Id":104702,
             "Text":"Button Overflow"
          },
          { 
             "Id":104703,
             "Text":"Label Overflow"
          },
          { 
             "Id":104704,
             "Text":"View Control"
          },
          { 
             "Id":104705,
             "Text":"Text Overflow"
          }
       ]
    },
    { 
       "Id":25260,
       "Text":"Navigation Drawer là một bảng điều hướng xuất hiện khi nào ?",
       "Marks":1,
       "AnswerId":104706,
       "Answers":[ 
          { 
             "Id":104706,
             "Text":"Vuốt từ trên xuống"
          },
          { 
             "Id":104707,
             "Text":"Bật ứng dụng Gmail"
          },
          { 
             "Id":104708,
             "Text":"Nhìn bằng mắt vào điện thoại"
          },
          { 
             "Id":104709,
             "Text":"Lắc điện thoại"
          }
       ]
    },
    { 
       "Id":25261,
       "Text":"Action Buttons có phải là một vùng chức năng của Action Bar?",
       "Marks":1,
       "AnswerId":104711,
       "Answers":[ 
          { 
             "Id":104710,
             "Text":"Sai"
          },
          { 
             "Id":104711,
             "Text":"Đúng"
          }
       ]
    }
 ]