[ 
    { 
       "Id":25970,
       "Text":"Lập trình viên thường gán giá trị mặc định cho các điều khiển trong phương thức xử lý sự kiện ........... của trang",
       "Marks":1,
       "AnswerId":107573,
       "Answers":[ 
          { 
             "Id":107571,
             "Text":"Prerender"
          },
          { 
             "Id":107572,
             "Text":"Init"
          },
          { 
             "Id":107573,
             "Text":"Load"
          },
          { 
             "Id":107574,
             "Text":"Unload"
          }
       ]
    },
    { 
       "Id":25971,
       "Text":"Bạn hãy cho biết định nghĩa nào sau đây là nói về ứng dụng web?",
       "Marks":1,
       "AnswerId":107575,
       "Answers":[ 
          { 
             "Id":107575,
             "Text":"Là một ứng dụng client/server được truy cập thông qua trình duyệt Web trên mạng Internet hoặc intranet"
          },
          { 
             "Id":107576,
             "Text":"Các phương án đều đúng"
          },
          { 
             "Id":107577,
             "Text":"Là ứng dụng chỉ chạy trên một máy tính đơn"
          },
          { 
             "Id":107578,
             "Text":"Là ứng dụng chỉ chạy trên môi trường mobile"
          }
       ]
    },
    { 
       "Id":25972,
       "Text":"Để hiển thị dòng \"Hello World\" trên trang web, trong ASP.Net cần dùng lệnh nào?",
       "Marks":1,
       "AnswerId":107582,
       "Answers":[ 
          { 
             "Id":107579,
             "Text":"Document.Write(\"Hello World\");"
          },
          { 
             "Id":107580,
             "Text":"\"Hello World\""
          },
          { 
             "Id":107581,
             "Text":"Request.Write((\"Hello World\");"
          },
          { 
             "Id":107582,
             "Text":"Response.Write(\"Hello World\");"
          }
       ]
    },
    { 
       "Id":25973,
       "Text":"Phát biểu nào sau đây đúng về ASP.NET?",
       "Marks":1,
       "AnswerId":107584,
       "Answers":[ 
          { 
             "Id":107583,
             "Text":"ASP.NET là mô hình lập trình hướng cấu trúc"
          },
          { 
             "Id":107584,
             "Text":"ASP.NET là mô hình lập trình hướng sự kiện"
          },
          { 
             "Id":107585,
             "Text":"ASP.NET là mô hình lập trình hướng thành phần"
          },
          { 
             "Id":107586,
             "Text":"ASP.NET là mô hình lập trình hướng đối tượng"
          }
       ]
    },
    { 
       "Id":25974,
       "Text":"Khi chạy một ứng dụng ASP.NET, nếu ngoại lệ xảy ra nhưng không được bắt và xử lý, ứng dụng sẽ chuyển sang chế độ ngắt và hộp thoại ............ sẽ hiển thị.",
       "Marks":1,
       "AnswerId":107587,
       "Answers":[ 
          { 
             "Id":107587,
             "Text":"Exception Assistant"
          },
          { 
             "Id":107588,
             "Text":"Exception Help"
          },
          { 
             "Id":107589,
             "Text":"Các phương án đều sai"
          },
          { 
             "Id":107590,
             "Text":"Exception"
          }
       ]
    },
    { 
       "Id":25975,
       "Text":"Theo bạn, câu nào sau đây là sai khi nói về web động?",
       "Marks":1,
       "AnswerId":107591,
       "Answers":[ 
          { 
             "Id":107591,
             "Text":"Viết hoàn toàn bằng ngôn ngữ HTML"
          },
          { 
             "Id":107592,
             "Text":"Có tương tác với người dùng, nội dung của trang hiển thị khác nhau đáp ứng các sự kiện."
          },
          { 
             "Id":107593,
             "Text":"Có thể dùng để hiển thị và cung cấp thông tin"
          },
          { 
             "Id":107594,
             "Text":"Lưu dữ liệu trong cơ sở dữ liệu"
          }
       ]
    },
    { 
       "Id":25976,
       "Text":"Vòng đời của một trang Web bao gồm các các sự kiện:1. PreRender2. Load3. UnLoad4. InitTheo bạn, các sự kiện xảy ra theo thứ tự nào sau đây là đúng?",
       "Marks":1,
       "AnswerId":107595,
       "Answers":[ 
          { 
             "Id":107595,
             "Text":"4 - 2 – 3 – 1"
          },
          { 
             "Id":107596,
             "Text":"4 - 3 – 2 – 1"
          },
          { 
             "Id":107597,
             "Text":"2 - 3 – 4 – 1"
          },
          { 
             "Id":107598,
             "Text":"1 - 2 - 3 – 4"
          }
       ]
    },
    { 
       "Id":25977,
       "Text":"Phím tắt nào sau đây dùng để bắt đầu chạy ứng dụng dưới chế độ gỡ lỗi?",
       "Marks":1,
       "AnswerId":107599,
       "Answers":[ 
          { 
             "Id":107599,
             "Text":"F9"
          },
          { 
             "Id":107600,
             "Text":"F10"
          },
          { 
             "Id":107601,
             "Text":"F5"
          },
          { 
             "Id":107602,
             "Text":"F11"
          }
       ]
    },
    { 
       "Id":25978,
       "Text":"Lớp nào sau đây được ASP.NET cung cấp để duy trì các thông tin trao đổi giữa Client và Server?",
       "Marks":1,
       "AnswerId":107603,
       "Answers":[ 
          { 
             "Id":107603,
             "Text":"HttpResponse"
          },
          { 
             "Id":107604,
             "Text":"Các phươn án đều đúng"
          },
          { 
             "Id":107605,
             "Text":"HttpServerUtility"
          },
          { 
             "Id":107606,
             "Text":"HttpRequest"
          }
       ]
    },
    { 
       "Id":25979,
       "Text":"Theo bạn, sự kiện nào sau đây được xem là sự kiện tự động kích hoạt?",
       "Marks":1,
       "AnswerId":107607,
       "Answers":[ 
          { 
             "Id":107607,
             "Text":"Tải trang (Page_load)"
          },
          { 
             "Id":107608,
             "Text":"Thay đổi giá trị ở TextBox (changeText)"
          },
          { 
             "Id":107609,
             "Text":"Nhấn chuột vào một nút (button_click)"
          },
          { 
             "Id":107610,
             "Text":"Đóng cửa sổ trình duyệt (close window)"
          }
       ]
    },
    { 
       "Id":25980,
       "Text":"Các lớp tạo ra các điều khiển Web server nằm trong namespace nào?",
       "Marks":1,
       "AnswerId":107611,
       "Answers":[ 
          { 
             "Id":107611,
             "Text":"System.Web.UI.WebControls"
          },
          { 
             "Id":107612,
             "Text":"System.Windows.Page. WebControls"
          },
          { 
             "Id":107613,
             "Text":"System.Web.UI.Controls"
          },
          { 
             "Id":107614,
             "Text":"System.web.UI.Page"
          }
       ]
    },
    { 
       "Id":25981,
       "Text":"Những điều khiển nào sau đây thuộc về loại List Control?",
       "Marks":1,
       "AnswerId":107615,
       "Answers":[ 
          { 
             "Id":107615,
             "Text":"DropDownList, ListBox, RadioButtonList, CheckBoxList, BulletedList"
          },
          { 
             "Id":107616,
             "Text":"ComboboxList, ListBox, HyperLinkList, CheckBoxList, BulletedList"
          },
          { 
             "Id":107617,
             "Text":"ComboboxList, ListBox, RadioButtonList, CheckBoxList, BulletedList"
          },
          { 
             "Id":107618,
             "Text":"DropdownList, ButtonList , RadioButtonList, CheckBoxList, ListBox"
          }
       ]
    },
    { 
       "Id":25982,
       "Text":"Để che dấu các kí tự nhập vào một text box bạn gán giá trị cho thuộc tính TextMode bằng giá trị nào dưới đây?",
       "Marks":1,
       "AnswerId":107619,
       "Answers":[ 
          { 
             "Id":107619,
             "Text":"Password"
          },
          { 
             "Id":107620,
             "Text":"Hidden"
          },
          { 
             "Id":107621,
             "Text":"Mask"
          },
          { 
             "Id":107622,
             "Text":"Các phương án đều sai"
          }
       ]
    },
    { 
       "Id":25983,
       "Text":"Chọn phương án đúng về điều khiển FileUpLoad:",
       "Marks":1,
       "AnswerId":107623,
       "Answers":[ 
          { 
             "Id":107623,
             "Text":"Sử dụng phương thức SaveAs(String) để lưu file được upload tới một đường dẫn được chỉ định trong tham số String"
          },
          { 
             "Id":107624,
             "Text":"Hỗ trợ một button cho phép người dùng gửi yêu cầu upload File được chọn lên Server"
          },
          { 
             "Id":107625,
             "Text":"Sử dụng phương thức Save(String) để lưu file được upload tới một đường dẫn được chỉ định trong tham số String"
          },
          { 
             "Id":107626,
             "Text":"Các phương án đều sai"
          }
       ]
    },
    { 
       "Id":25984,
       "Text":"Để một Check Box hiển thị trên trình duyệt với một dấu tích chọn , bạn gán giá trị True cho thuộc tính nào dưới đây?",
       "Marks":1,
       "AnswerId":107629,
       "Answers":[ 
          { 
             "Id":107627,
             "Text":"Selected"
          },
          { 
             "Id":107628,
             "Text":"Chosen"
          },
          { 
             "Id":107629,
             "Text":"Checked"
          },
          { 
             "Id":107630,
             "Text":"Các phương án đều sai"
          }
       ]
    },
    { 
       "Id":25985,
       "Text":"Mã lệnh nào sau đây cho phép tạo ra điều khiển Hyperlink trong ASP.Net liên kết đến trang index.aspx của website, có đoạn văn bản hiển thị trên điều khiển là “Trang chủ” và hình ảnh được hiển thị là icon “home.gif”?",
       "Marks":1,
       "AnswerId":107631,
       "Answers":[ 
          { 
             "Id":107631,
             "Text":"\u003casp:HyperLink ID=\"HyperLink1\" runat=\"server\" ImageUrl=\"home.gif\" NavigateUrl=\"index.apsx\"\u003eTrang chủ\u003c/asp:HyperLink\u003e"
          },
          { 
             "Id":107632,
             "Text":"\u003casp:HyperLink ID=\"HyperLink1\" runat=\"server\" ImageUrl=\"home.gif\" href=\"index.apsx\" text= “Trang chủ”\u003e\u003c/asp:HyperLink\u003e"
          },
          { 
             "Id":107633,
             "Text":"\u003casp:HyperLink ID=\"HyperLink1\" runat=\"server\" Image=\"home.gif\" href =\"index.apsx\"\u003eTrang chủ\u003c/asp:HyperLink\u003e"
          },
          { 
             "Id":107634,
             "Text":"\u003casp:HyperLink ID=\"HyperLink1\" runat=\"server\" Image=\"home.gif\" NavigateUrl=\"index.apsx\" text= “Trang chủ”\u003e\u003c/asp:HyperLink\u003e"
          }
       ]
    },
    { 
       "Id":25986,
       "Text":"Thuộc tính GroupName là thuộc tính của điều khiển nào sau đây?",
       "Marks":1,
       "AnswerId":107638,
       "Answers":[ 
          { 
             "Id":107635,
             "Text":"Check box"
          },
          { 
             "Id":107636,
             "Text":"Các phương án đều đúng"
          },
          { 
             "Id":107637,
             "Text":"Radio button List"
          },
          { 
             "Id":107638,
             "Text":"Radio button"
          }
       ]
    },
    { 
       "Id":25987,
       "Text":"Để một điều khiển HTML được nhận diện như là một điều khiển trên Server, bạn  phải:A. Gán giá trị cho thuộc tính Runat của điều khiển bằng \"Server\"B. Gán giá trị cho thuộc tính Server của điều khiển bằng \"Runat\"",
       "Marks":1,
       "AnswerId":107639,
       "Answers":[ 
          { 
             "Id":107639,
             "Text":"Cả A, B đều đúng"
          },
          { 
             "Id":107640,
             "Text":"B đúng"
          },
          { 
             "Id":107641,
             "Text":"Cả A, B đều sai"
          },
          { 
             "Id":107642,
             "Text":"A đúng"
          }
       ]
    },
    { 
       "Id":25988,
       "Text":"ddlDay là một drop-down list. Câu lệnh nào sau đây thực hiện thêm một phần tử vào drop-down list",
       "Marks":1,
       "AnswerId":107646,
       "Answers":[ 
          { 
             "Id":107643,
             "Text":"Các phương án đều sai"
          },
          { 
             "Id":107644,
             "Text":"ddlDay.Add(new ListItem (\"Sunday\", \"1\"));"
          },
          { 
             "Id":107645,
             "Text":"ddlDay.ListItems.Add(new ListItem(\"Sunday\", \"1\"));"
          },
          { 
             "Id":107646,
             "Text":"ddlDay.Items.Add(new ListItem(\"Sunday\", \"1\"));"
          }
       ]
    },
    { 
       "Id":25989,
       "Text":"Sự kiện Click là sự kiện của điều khiển nào sau đây?A. ImageMapB. ButtonC. Text box",
       "Marks":1,
       "AnswerId":107649,
       "Answers":[ 
          { 
             "Id":107647,
             "Text":"A đúng"
          },
          { 
             "Id":107648,
             "Text":"B đúng"
          },
          { 
             "Id":107649,
             "Text":"A, B đúng"
          },
          { 
             "Id":107650,
             "Text":"Cả A, B, C đều đúng"
          }
       ]
    },
    { 
       "Id":25990,
       "Text":"Điều khiển nào dùng để hiển thị tổng hợp tất cả lỗi của các Validator trên trang?",
       "Marks":1,
       "AnswerId":107653,
       "Answers":[ 
          { 
             "Id":107651,
             "Text":"Các phương án đều sai"
          },
          { 
             "Id":107652,
             "Text":"SummaryValidator"
          },
          { 
             "Id":107653,
             "Text":"ValidationSummary"
          },
          { 
             "Id":107654,
             "Text":"CustomValidator"
          }
       ]
    },
    { 
       "Id":25991,
       "Text":"Chọn phương án đúng khi nói về CompareValidator:",
       "Marks":1,
       "AnswerId":107657,
       "Answers":[ 
          { 
             "Id":107655,
             "Text":"Kiểm tra kiểu dữ liệu nhập vào điều khiển nhập liệu"
          },
          { 
             "Id":107656,
             "Text":"So sánh giá trị điều khiển nhập liệu với hằng số"
          },
          { 
             "Id":107657,
             "Text":"Các phương án đều đúng"
          },
          { 
             "Id":107658,
             "Text":"So sánh giá trị của điều khiển nhập liệu với giá trị của một điều khiển khác"
          }
       ]
    },
    { 
       "Id":25992,
       "Text":"ASP.NET cung cấp mấy loại điều khiển Validation?",
       "Marks":1,
       "AnswerId":107661,
       "Answers":[ 
          { 
             "Id":107659,
             "Text":"4"
          },
          { 
             "Id":107660,
             "Text":"3"
          },
          { 
             "Id":107661,
             "Text":"6"
          },
          { 
             "Id":107662,
             "Text":"5"
          }
       ]
    },
    { 
       "Id":25993,
       "Text":"Phát biểu về Cookie nào sau đây là đúng?",
       "Marks":1,
       "AnswerId":107663,
       "Answers":[ 
          { 
             "Id":107663,
             "Text":"Ứng dụng gửi một Cookie tới trình duyệt thông qua hồi đáp HTTP (HTTP Response)"
          },
          { 
             "Id":107664,
             "Text":"Lập trình viên không thể sử dụng cookie để lưu trữ dữ liệu của riêng mình"
          },
          { 
             "Id":107665,
             "Text":"Session Cookie được lưu trữ vĩnh viễn trên ổ đĩa máy Client"
          },
          { 
             "Id":107666,
             "Text":"Các phương án đều sai"
          }
       ]
    },
    { 
       "Id":25994,
       "Text":"Để bắt buộc người dùng phải thay đổi giá trị hiển thị mặc định trên một Text box, lập trình viên sử dụng điều khiển nào sau đây:",
       "Marks":1,
       "AnswerId":107667,
       "Answers":[ 
          { 
             "Id":107667,
             "Text":"RangeValidator"
          },
          { 
             "Id":107668,
             "Text":"RequiredFieldValidator"
          },
          { 
             "Id":107669,
             "Text":"CompareValidator"
          },
          { 
             "Id":107670,
             "Text":"Các phương án đều sai"
          }
       ]
    },
    { 
       "Id":25995,
       "Text":"ASP.NET cung cấp các phương pháp nào để duy trì trạng thái?",
       "Marks":1,
       "AnswerId":107671,
       "Answers":[ 
          { 
             "Id":107671,
             "Text":"Cả 3 phương án đã nêu"
          },
          { 
             "Id":107672,
             "Text":"Trạng thái phiên làm việc"
          },
          { 
             "Id":107673,
             "Text":"Trạng thái hiển thị"
          },
          { 
             "Id":107674,
             "Text":"Trạng thái ứng dụng"
          }
       ]
    },
    { 
       "Id":25996,
       "Text":"Để kiểm tra tính hợp lệ cho kiểu dữ liệu người dùng nhập lên một điều khiển nhập liệu, cần phải:",
       "Marks":1,
       "AnswerId":107678,
       "Answers":[ 
          { 
             "Id":107675,
             "Text":"Gán giá trị cho thuộc tính Operator bằng kiểu dữ liệu cần kiểm tra"
          },
          { 
             "Id":107676,
             "Text":"Gán giá trị cho thuộc tính Type bằng kiểu dữ liệu cần kiểm tra"
          },
          { 
             "Id":107677,
             "Text":"Các phương án đều sai"
          },
          { 
             "Id":107678,
             "Text":"Gán giá trị cho thuộc tính Operator bằng DataCheckType và giá trị cho thuộc tính Type bằng kiểu dữ liệu cần kiểm tra"
          }
       ]
    },
    { 
       "Id":25997,
       "Text":"Phát biểu nào sau đây là đúng khi nói đến điều khiển Validation Summary?",
       "Marks":1,
       "AnswerId":107682,
       "Answers":[ 
          { 
             "Id":107679,
             "Text":"Thuộc tính ShowMessageBox của điều khiển Validation Summary có giá trị mặc định là “True”"
          },
          { 
             "Id":107680,
             "Text":"Được sử dụng để kiểm tra tính hợp lệ của điều khiển nhập liệu có phép tính tổng"
          },
          { 
             "Id":107681,
             "Text":"Hiển thị lỗi trong một tập tin xml"
          },
          { 
             "Id":107682,
             "Text":"Được sử dụng để hiển thị toàn bộ thông tin lỗi của các validator trên trang"
          }
       ]
    },
    { 
       "Id":25998,
       "Text":"Để kiểm tra tính hợp lệ cho một trường bắt buộc người dùng nhập liệu, lập trình viên có thể sử dụng điều khiển ________",
       "Marks":1,
       "AnswerId":107685,
       "Answers":[ 
          { 
             "Id":107683,
             "Text":"RequiredValidator"
          },
          { 
             "Id":107684,
             "Text":"RequiredFieldValidation"
          },
          { 
             "Id":107685,
             "Text":"RequiredFieldValidator"
          },
          { 
             "Id":107686,
             "Text":"RequiredFields"
          }
       ]
    },
    { 
       "Id":25999,
       "Text":"Nhóm điều khiển nào sau đây trên Toolbox, sử dụng để kiểm tra tính hợp lệ của dữ liệu nhập vào một web form?",
       "Marks":1,
       "AnswerId":107689,
       "Answers":[ 
          { 
             "Id":107687,
             "Text":"Navigation"
          },
          { 
             "Id":107688,
             "Text":"Data"
          },
          { 
             "Id":107689,
             "Text":"Validation"
          },
          { 
             "Id":107690,
             "Text":"Standard"
          }
       ]
    },
    { 
       "Id":26000,
       "Text":"Để áp dụng theme tùy chỉnh cho toàn bộ các trang của một ứng dụng, bạn phải làm gì?",
       "Marks":1,
       "AnswerId":107694,
       "Answers":[ 
          { 
             "Id":107691,
             "Text":"Thêm phần tử Theme vào file web.config. Chỉ định giá trị thuộc tính fileName bằng tên Theme         \u003csystem.web\u003e                   \u003ctheme fileName=\"ThemeName\" /\u003e         \u003c/system.web\u003e"
          },
          { 
             "Id":107692,
             "Text":"Thêm thuộc tính Theme vào chỉ dẫn Page     \u003c%@ Page=\"\" Language=\"C#\" Theme=\" ThemeName\" %\u003e"
          },
          { 
             "Id":107693,
             "Text":"Thêm thuộc tính Skin vào chỉ dẫn Page     \u003c%@ Page=\"\" Language=\"C#\" Skin=\" ThemeName\" %\u003e"
          },
          { 
             "Id":107694,
             "Text":"Thêm phần tử Pages vào file web.config. Chỉ định giá trị thuộc tính Theme bằng tên Theme         \u003csystem.web\u003e                   \u003cpages theme=\"ThemeName\" /\u003e         \u003c/system.web\u003e"
          }
       ]
    },
    { 
       "Id":26001,
       "Text":"Phát biểu nào sau đây ĐÚNG?",
       "Marks":1,
       "AnswerId":107697,
       "Answers":[ 
          { 
             "Id":107695,
             "Text":"Sự kiện của các điều khiển trên trang nội dung sẽ được xử lý sau trang master"
          },
          { 
             "Id":107696,
             "Text":"Sự kiện Load của trang nội dung xảy ra sau sự kiện Load của trang master"
          },
          { 
             "Id":107697,
             "Text":"Sự kiện Load của trang nội dung xảy ra trước sự kiện Load của trang master"
          },
          { 
             "Id":107698,
             "Text":"Các phương án đều sai"
          }
       ]
    },
    { 
       "Id":26002,
       "Text":"Để hủy Theme tùy chỉnh cho một trang web, sử dụng phương pháp nào sau đây?",
       "Marks":1,
       "AnswerId":107701,
       "Answers":[ 
          { 
             "Id":107699,
             "Text":"Các phương án đều sai"
          },
          { 
             "Id":107700,
             "Text":"Thiết lập thuộc tính Theme của chỉ dẫn Page bằng False"
          },
          { 
             "Id":107701,
             "Text":"Thiết lập thuộc tính Theme của chỉ dẫn Page bằng xâu rỗng"
          },
          { 
             "Id":107702,
             "Text":"Thiết lập thuộc tính Theme của chỉ dẫn Page bằng True"
          }
       ]
    },
    { 
       "Id":26003,
       "Text":"Để áp dụng skin cho một điều khiển tại thời gian chạy, bạn cần gán giá trị cho thuộc tính SkinID của điều khiển trong phương thức xử lý sự kiện nào sau đây?",
       "Marks":1,
       "AnswerId":107703,
       "Answers":[ 
          { 
             "Id":107703,
             "Text":"PreInit"
          },
          { 
             "Id":107704,
             "Text":"PreRender"
          },
          { 
             "Id":107705,
             "Text":"Unload"
          },
          { 
             "Id":107706,
             "Text":"Load"
          }
       ]
    },
    { 
       "Id":26004,
       "Text":"ASP.NET hỗ trợ cách định dạng hiển thị nào cho các thành phần trên trang web?",
       "Marks":1,
       "AnswerId":107707,
       "Answers":[ 
          { 
             "Id":107707,
             "Text":"Các phương án đều đúng"
          },
          { 
             "Id":107708,
             "Text":"Sử dụng thuộc tính của các điều khiển"
          },
          { 
             "Id":107709,
             "Text":"Sử dụng external style (File CSS)"
          },
          { 
             "Id":107710,
             "Text":"Sử dụng internal style Sử dụng internal style"
          }
       ]
    },
    { 
       "Id":26005,
       "Text":"Phát biểu nào sau đây ĐÚNG ?",
       "Marks":1,
       "AnswerId":107711,
       "Answers":[ 
          { 
             "Id":107711,
             "Text":"Hai thành phần cơ bản của Theme là File Skin và File CSS"
          },
          { 
             "Id":107712,
             "Text":"Theme chỉ sử dụng để định dạng hiển thị cho các phần tử HTML trên trang"
          },
          { 
             "Id":107713,
             "Text":"Theme chỉ sử dụng để định dạng hiển thị cho các điều khiển web server"
          },
          { 
             "Id":107714,
             "Text":"Chỉ được áp dụng một Theme cho một trang aspx"
          }
       ]
    },
    { 
       "Id":26006,
       "Text":"Điều khiển Navigation nào sau đây hiển thị dãy các liên kết từ trang chủ đến trang hiện tại?",
       "Marks":1,
       "AnswerId":107718,
       "Answers":[ 
          { 
             "Id":107715,
             "Text":"Menu"
          },
          { 
             "Id":107716,
             "Text":"TreeView"
          },
          { 
             "Id":107717,
             "Text":"Các phương án đều sai"
          },
          { 
             "Id":107718,
             "Text":"SiteMapPath"
          }
       ]
    },
    { 
       "Id":26007,
       "Text":"Điều khiển nào sau đây không cần phải buộc với một điều khiển SiteMapDatasource, để hiển thị cấu trúc phân cấp điều hướng được định nghĩa trong file web.sitemap?",
       "Marks":1,
       "AnswerId":107720,
       "Answers":[ 
          { 
             "Id":107719,
             "Text":"TreeView"
          },
          { 
             "Id":107720,
             "Text":"SiteMapPath"
          },
          { 
             "Id":107721,
             "Text":"Menu"
          },
          { 
             "Id":107722,
             "Text":"Tất cả đáp án đều sai"
          }
       ]
    },
    { 
       "Id":26008,
       "Text":"Các style của ............ được áp dụng sau external, internal, inline style và các thuộc tính của điều khiển",
       "Marks":1,
       "AnswerId":107724,
       "Answers":[ 
          { 
             "Id":107723,
             "Text":"Các phương án đều sai"
          },
          { 
             "Id":107724,
             "Text":"Theme tùy chỉnh"
          },
          { 
             "Id":107725,
             "Text":"Theme tùy chỉnh và Theme StyleSheet"
          },
          { 
             "Id":107726,
             "Text":"Theme StyleSheet"
          }
       ]
    },
    { 
       "Id":26009,
       "Text":"Sử dụng phương pháp nào sau đây để áp dụng Theme tùy chỉnh cho một trang web?",
       "Marks":1,
       "AnswerId":107727,
       "Answers":[ 
          { 
             "Id":107727,
             "Text":"Cả hai phương án đều đúng"
          },
          { 
             "Id":107728,
             "Text":"Cả hai phương án đều sai"
          },
          { 
             "Id":107729,
             "Text":"Thêm thuộc tính Theme vào chỉ dẫn Page của trang và gán tên của theme cho thuộc tính này."
          },
          { 
             "Id":107730,
             "Text":"Gán giá trị cho thuộc tính Theme của lớp Page trong phương thức xử lý sự kiện Page_PreInit"
          }
       ]
    },
    { 
       "Id":26010,
       "Text":"Phát biểu nào sau đây Đúng về điều khiển data source?",
       "Marks":1,
       "AnswerId":107731,
       "Answers":[ 
          { 
             "Id":107731,
             "Text":"Điều khiển data source quản lý các tác vụ kết nối đến CSDL, đọc và ghi dữ liệu."
          },
          { 
             "Id":107732,
             "Text":"Các phương án đều sai"
          },
          { 
             "Id":107733,
             "Text":"Mỗi điều khiển data source chỉ được buộc vào một điều khiển hiển thị dữ liệu"
          },
          { 
             "Id":107734,
             "Text":"Điều khiển data source dùng để hiển thị dữ liệu cho người dùng"
          }
       ]
    },
    { 
       "Id":26011,
       "Text":"Giả sử bạn đã thiết lập một chuỗi kết nối trong file web.config với tên “demoConnectionString” trong thẻ \"\u003cconnectionStrings\u003e\" Câu lệnh nào trong lớp code-behind để lấy thông tin chuỗi kết nối?",
       "Marks":1,
       "AnswerId":107738,
       "Answers":[ 
          { 
             "Id":107735,
             "Text":"ConnectionStrings[\"demoConnectionString\"].ConnectionString"
          },
          { 
             "Id":107736,
             "Text":"WebConfigurationManager.ConnectionStrings[\"demoConnectionString\"]"
          },
          { 
             "Id":107737,
             "Text":"ConnectionStrings[\"demoConnectionString\"]"
          },
          { 
             "Id":107738,
             "Text":"WebConfigurationManager.ConnectionStrings[\"demoConnectionString\"].ConnectionString"
          }
       ]
    },
    { 
       "Id":26012,
       "Text":"Đối tượng nào sau đây sử dụng để lấy dữ liệu từ CSDL lưu vào dataset?",
       "Marks":1,
       "AnswerId":107742,
       "Answers":[ 
          { 
             "Id":107739,
             "Text":"DataReader"
          },
          { 
             "Id":107740,
             "Text":"Các phương án đều đúng"
          },
          { 
             "Id":107741,
             "Text":"Dataset"
          },
          { 
             "Id":107742,
             "Text":"DataAdapter"
          }
       ]
    },
    { 
       "Id":26013,
       "Text":"Phát biểu nào sau đây là sai về ADO.Net?",
       "Marks":1,
       "AnswerId":107745,
       "Answers":[ 
          { 
             "Id":107743,
             "Text":"Các lớp của ADO.net được định nghĩa trong namespace System.Data"
          },
          { 
             "Id":107744,
             "Text":"ADO.Net hỗ trợ các ứng dụng kết nối đến các cơ sở dữ liệu"
          },
          { 
             "Id":107745,
             "Text":"ADO.Net không hỗ trợ kiến trúc không kết nối"
          },
          { 
             "Id":107746,
             "Text":"Tất cả các phương án đã nêu"
          }
       ]
    },
    { 
       "Id":26014,
       "Text":"Phương thức nào sau đây của đối tượng Command sử dụng để xóa/cập nhật dữ liệu trong CSDL sử dụng kiến trúc kết nối?",
       "Marks":1,
       "AnswerId":107747,
       "Answers":[ 
          { 
             "Id":107747,
             "Text":"ExecuteNonQuery()"
          },
          { 
             "Id":107748,
             "Text":"ExecuteReader()"
          },
          { 
             "Id":107749,
             "Text":"ExecuteScalar()"
          },
          { 
             "Id":107750,
             "Text":"Execute()"
          }
       ]
    },
    { 
       "Id":26015,
       "Text":"Phương thức nào sau đây không thuộc về lớp SqlDataAdapter?",
       "Marks":1,
       "AnswerId":107751,
       "Answers":[ 
          { 
             "Id":107751,
             "Text":"ReadData"
          },
          { 
             "Id":107752,
             "Text":"FillSchema"
          },
          { 
             "Id":107753,
             "Text":"Fill"
          },
          { 
             "Id":107754,
             "Text":"Update"
          }
       ]
    },
    { 
       "Id":26016,
       "Text":"Lựa chọn đáp án đúng.Để liên kết điều khiển DataList với một SqlDataSouce, bạn chọn ............ trên menu thông minh",
       "Marks":1,
       "AnswerId":107756,
       "Answers":[ 
          { 
             "Id":107755,
             "Text":"Data Binding"
          },
          { 
             "Id":107756,
             "Text":"Chose Data Source"
          },
          { 
             "Id":107757,
             "Text":"Binding DataSource"
          },
          { 
             "Id":107758,
             "Text":"Configure Data Source"
          }
       ]
    },
    { 
       "Id":26017,
       "Text":"Điều khiển data source nào sau đây hỗ trợ phát triển ứng dụng Web theo kiến trúc ba tầng?",
       "Marks":1,
       "AnswerId":107759,
       "Answers":[ 
          { 
             "Id":107759,
             "Text":"ObjectDataSource"
          },
          { 
             "Id":107760,
             "Text":"AccessDataSource"
          },
          { 
             "Id":107761,
             "Text":"SQLDataSource"
          },
          { 
             "Id":107762,
             "Text":"Các phương án đều đúng"
          }
       ]
    },
    { 
       "Id":26018,
       "Text":"Thành phần nào của Data provider dùng để thực thi các lệnh sql lấy dữ liệu từ CSDL hoặc thay đổi dữ liệu trong CSDL?",
       "Marks":1,
       "AnswerId":107764,
       "Answers":[ 
          { 
             "Id":107763,
             "Text":"DataAdapter"
          },
          { 
             "Id":107764,
             "Text":"SqlCommand"
          },
          { 
             "Id":107765,
             "Text":"Connection"
          },
          { 
             "Id":107766,
             "Text":"DataReader"
          }
       ]
    },
    { 
       "Id":26019,
       "Text":"Đối tượng nào sau đây tham gia trong quá trình truy cập CSDL sử dụng kiến trúc kết nối?A. DataReaderB. DataAdapter",
       "Marks":1,
       "AnswerId":107767,
       "Answers":[ 
          { 
             "Id":107767,
             "Text":"Cả A, B đều sai"
          },
          { 
             "Id":107768,
             "Text":"A đúng"
          },
          { 
             "Id":107769,
             "Text":"Cả A, B đều đúng"
          },
          { 
             "Id":107770,
             "Text":"B đúng"
          }
       ]
    },
    { 
       "Id":26020,
       "Text":"Để kích hoạt tính năng sắp xếp của điều khiển GridView, bạn cần thực hiện các công việc gì?",
       "Marks":1,
       "AnswerId":107772,
       "Answers":[ 
          { 
             "Id":107771,
             "Text":"Thiết lập thuộc tính AllowSorting là “True”, sau đó thêm thuộc tính SortExpression vào mỗi cột muốn sắp xếp và thiết lập thuộc tính DataSourceMode của nguồn dữ liệu đặt ở chế độ DataSet"
          },
          { 
             "Id":107772,
             "Text":"Các phương án đều đúng"
          },
          { 
             "Id":107773,
             "Text":"Trong bảng Smart tag menu của GridView, kích chọn hộp kiểm “Enable Sorting”"
          },
          { 
             "Id":107774,
             "Text":"Các phương án đều sai"
          }
       ]
    },
    { 
       "Id":26021,
       "Text":"Các điều khiển nào sau đây cho phép hiển thị một hàng dữ liệu đơn từ datasource?",
       "Marks":1,
       "AnswerId":107778,
       "Answers":[ 
          { 
             "Id":107775,
             "Text":"DetailsView, GridView"
          },
          { 
             "Id":107776,
             "Text":"GridView, ListView"
          },
          { 
             "Id":107777,
             "Text":"DataList, ListView"
          },
          { 
             "Id":107778,
             "Text":"DetailsView, FormView"
          }
       ]
    },
    { 
       "Id":26022,
       "Text":"Theo bạn, sự khác nhau của điều khiển GridView và ListView là gì?",
       "Marks":1,
       "AnswerId":107779,
       "Answers":[ 
          { 
             "Id":107779,
             "Text":"GridView trình bày dữ liệu dưới dạng bảng theo cột và hàng giống bảng trong CSDL còn ListView trình bày dữ liệu dưới dạng danh sách theo một template có sẵn"
          },
          { 
             "Id":107780,
             "Text":"GridView có hỗ trợ phân trang còn ListView thì không"
          },
          { 
             "Id":107781,
             "Text":"GridView hỗ trợ tính năng cập nhật CSDL, không hỗ trợ tính năng chèn mới dữ liệu còn ListView thì ngược lại, cho phép chèn dữ liệu nhưng không cho phép cập nhật dữ liệu."
          },
          { 
             "Id":107782,
             "Text":"Các phương án đều sai"
          }
       ]
    },
    { 
       "Id":26023,
       "Text":"Điều khiển nào sau đây bắt buộc phải dùng Template và biểu thức buộc dữ liệu để hiển thị các trường dữ liệu?",
       "Marks":1,
       "AnswerId":107784,
       "Answers":[ 
          { 
             "Id":107783,
             "Text":"GridView"
          },
          { 
             "Id":107784,
             "Text":"FormView"
          },
          { 
             "Id":107785,
             "Text":"DataList"
          },
          { 
             "Id":107786,
             "Text":"DetailsView"
          }
       ]
    },
    { 
       "Id":26024,
       "Text":"Hãy chọn một phần tử của GridView",
       "Marks":1,
       "AnswerId":107787,
       "Answers":[ 
          { 
             "Id":107787,
             "Text":"Các phương án đều đúng"
          },
          { 
             "Id":107788,
             "Text":"Asp:ImageField"
          },
          { 
             "Id":107789,
             "Text":"Asp:HyperlinkField"
          },
          { 
             "Id":107790,
             "Text":"Asp:CommandField"
          }
       ]
    },
    { 
       "Id":26025,
       "Text":"Thuộc tính nào của điều khiển GridView thiết lập số lượng hàng trong một trang ?",
       "Marks":1,
       "AnswerId":107791,
       "Answers":[ 
          { 
             "Id":107791,
             "Text":"PageSize"
          },
          { 
             "Id":107792,
             "Text":"PageRows"
          },
          { 
             "Id":107793,
             "Text":"PageRecords"
          },
          { 
             "Id":107794,
             "Text":"PageField"
          }
       ]
    },
    { 
       "Id":26026,
       "Text":"Để thêm một trường mới cho một điều khiển GridView, bạn sử dụng phương pháp nào sau đây?A. Sử dụng hộp thoại FieldsB. Sử dụng hộp thoại Add FieldsC. Sử dụng hộp thoại Add Field",
       "Marks":1,
       "AnswerId":107795,
       "Answers":[ 
          { 
             "Id":107795,
             "Text":"B, C đúng"
          },
          { 
             "Id":107796,
             "Text":"A, B đúng"
          },
          { 
             "Id":107797,
             "Text":"A, C đúng"
          },
          { 
             "Id":107798,
             "Text":"Tất cả đáp án đều sai"
          }
       ]
    },
    { 
       "Id":26027,
       "Text":"Phát biểu nào sau đây ĐÚNG về FormView?",
       "Marks":1,
       "AnswerId":107802,
       "Answers":[ 
          { 
             "Id":107799,
             "Text":"Hiển thị dữ liệu dưới dạng danh sách các mẫu tin"
          },
          { 
             "Id":107800,
             "Text":"Tất cả đáp án đều sai"
          },
          { 
             "Id":107801,
             "Text":"Không hỗ trợ thao tác thêm dữ liệu vào CSDL"
          },
          { 
             "Id":107802,
             "Text":"Hỗ trợ sử dụng CSS để định dạng hiển thị dữ liệu"
          }
       ]
    },
    { 
       "Id":26028,
       "Text":"Thuộc tính nào sau đây của phần tử Asp:BoundField chỉ định chuỗi định dạng hiển thị dữ liệu cho một trường dữ liệu của GridView?",
       "Marks":1,
       "AnswerId":107806,
       "Answers":[ 
          { 
             "Id":107803,
             "Text":"FieldFormatString"
          },
          { 
             "Id":107804,
             "Text":"ColumnFormatString"
          },
          { 
             "Id":107805,
             "Text":"FieldFormat"
          },
          { 
             "Id":107806,
             "Text":"DataFormatString"
          }
       ]
    },
    { 
       "Id":26029,
       "Text":"Lựa chọn phương án ĐÚNG.Sau khi liên kết một SqlDataSource với GridView, mặc định các trường tạo ra là ............",
       "Marks":1,
       "AnswerId":107809,
       "Answers":[ 
          { 
             "Id":107807,
             "Text":"Trường TemplateField"
          },
          { 
             "Id":107808,
             "Text":"Các phương án đều sai"
          },
          { 
             "Id":107809,
             "Text":"Trường BoundField"
          },
          { 
             "Id":107810,
             "Text":"Trường BoundField hoặc trường TemplateField tùy theo kiểu dữ liệu của cột trong bảng CSDL"
          }
       ]
    },
    { 
       "Id":26030,
       "Text":"Lựa phương án án ĐÚNGĐể một điều khiển DetailsView hiển thị chế độ mặc định là chế độ Insert trên trình duyệt, lập trình viên phải ............",
       "Marks":1,
       "AnswerId":107812,
       "Answers":[ 
          { 
             "Id":107811,
             "Text":"Không phải thực hiện bất cứ một thao tác nào, DetailsView được hiển thị mặc định ở chế độ Insert"
          },
          { 
             "Id":107812,
             "Text":"Gán giá trị cho thuộc tính DefaultMode bằng Insert"
          },
          { 
             "Id":107813,
             "Text":"Gán giá trị cho thuộc tính Mode bằng Insert"
          },
          { 
             "Id":107814,
             "Text":"Gán giá trị cho thuộc tính InsertMode bằng True"
          }
       ]
    },
    { 
       "Id":26031,
       "Text":"Phương pháp triển khai ứng dụng web nào sau đây không được hỗ trợ bởi phiên bản Visual Studio Express?",
       "Marks":1,
       "AnswerId":107817,
       "Answers":[ 
          { 
             "Id":107815,
             "Text":"Xcopy"
          },
          { 
             "Id":107816,
             "Text":"Các phương án đều sai"
          },
          { 
             "Id":107817,
             "Text":"Tạo Web Setup Project"
          },
          { 
             "Id":107818,
             "Text":"Tiền biên dịch"
          }
       ]
    },
    { 
       "Id":26032,
       "Text":"Phát biểu nào sau đây là đúng khi đề cập đến ObjectDataSource?",
       "Marks":1,
       "AnswerId":107819,
       "Answers":[ 
          { 
             "Id":107819,
             "Text":"ObjectDataSource truy cập cơ sở dữ liệu trực tiếp mà không thông qua lớp truy cập dữ liệu."
          },
          { 
             "Id":107820,
             "Text":"Trong các ứng dụng lớn, nên thiết kế theo kiến trúc ba tầng. Do đó, không nên sử dụng ObjectDataSource"
          },
          { 
             "Id":107821,
             "Text":"Trong các ứng dụng nhỏ, sử dụng ObjectDataSource mang lại nhiều lợi ích, không phải viết code C#."
          },
          { 
             "Id":107822,
             "Text":"ObjectDataSource cho phép bạn sử dụng phương pháp buộc dữ liệu cùng với kiến trúc 3 tầng trong ứng dụng cơ sở dữ liệu"
          }
       ]
    },
    { 
       "Id":26033,
       "Text":"Để Client có thể truy cập đến một website không nằm trong thư mục gốc (C:\\inetpub\\wwwroot) của web server, ta phải tạo và cấu hình ............ trong IISA. Một Web siteB. Một thư mục ảo",
       "Marks":1,
       "AnswerId":107823,
       "Answers":[ 
          { 
             "Id":107823,
             "Text":"B đúng"
          },
          { 
             "Id":107824,
             "Text":"Cả A, B đều đúng"
          },
          { 
             "Id":107825,
             "Text":"A đúng"
          },
          { 
             "Id":107826,
             "Text":"Cả A, B đều sai"
          }
       ]
    },
    { 
       "Id":26034,
       "Text":"Điều khiển Object Data Source có thể được buộc vào điều khiển nào sau đây?A. List boxB. Check boxC. Radio buttonD. Drop-down list",
       "Marks":1,
       "AnswerId":107829,
       "Answers":[ 
          { 
             "Id":107827,
             "Text":"A, C đúng"
          },
          { 
             "Id":107828,
             "Text":"B, C đúng"
          },
          { 
             "Id":107829,
             "Text":"A, D đúng"
          },
          { 
             "Id":107830,
             "Text":"A, B đúng"
          }
       ]
    },
    { 
       "Id":26035,
       "Text":"Phương pháp triển khai nào sau đây làm tăng hiệu năng của người dùng đầu tiên truy cập đến Website?",
       "Marks":1,
       "AnswerId":107832,
       "Answers":[ 
          { 
             "Id":107831,
             "Text":"Tạo Web Setup Project"
          },
          { 
             "Id":107832,
             "Text":"Tiền biên dịch"
          },
          { 
             "Id":107833,
             "Text":"Các phương án đều sai"
          },
          { 
             "Id":107834,
             "Text":"Xcopy"
          }
       ]
    },
    { 
       "Id":26036,
       "Text":"Trong mô hình 3 tầng, các lớp nghiệp vụ của tầng trung gian được chứa trong thư mục nào của ứng dụng?",
       "Marks":1,
       "AnswerId":107838,
       "Answers":[ 
          { 
             "Id":107835,
             "Text":"Logic_Code"
          },
          { 
             "Id":107836,
             "Text":"Application"
          },
          { 
             "Id":107837,
             "Text":"Images"
          },
          { 
             "Id":107838,
             "Text":"App_Code"
          }
       ]
    },
    { 
       "Id":26037,
       "Text":"Theo bạn, các bước tạo và cấu hình thư mục ảo trong IIS7 theo thứ tự nào sau đây là đúng?1.Tạo thư mục ảo trong IIS và chuyển thư mục ảo thành ứng dụng2. Cấu hình xác thực 3. Tạo Application Pool và gán Applicaton Pool cho ứng dụng4. Kích hoạt directory b",
       "Marks":1,
       "AnswerId":107840,
       "Answers":[ 
          { 
             "Id":107839,
             "Text":"3-\u003e2-\u003e1-\u003e5-\u003e4"
          },
          { 
             "Id":107840,
             "Text":"1-\u003e2-\u003e3-\u003e4-\u003e5"
          },
          { 
             "Id":107841,
             "Text":"2-\u003e1-\u003e3-\u003e5-\u003e4"
          },
          { 
             "Id":107842,
             "Text":"1-\u003e2-\u003e3-\u003e5-\u003e4"
          }
       ]
    },
    { 
       "Id":26038,
       "Text":"Trong kiến trúc ba tầng, lớp nghiệp vụ thuộc tầng nào sau đây?",
       "Marks":1,
       "AnswerId":107843,
       "Answers":[ 
          { 
             "Id":107843,
             "Text":"Tầng trung gian"
          },
          { 
             "Id":107844,
             "Text":"Tầng CSDL"
          },
          { 
             "Id":107845,
             "Text":"Tầng trình bày"
          },
          { 
             "Id":107846,
             "Text":"Các phương án đều sai"
          }
       ]
    },
    { 
       "Id":26039,
       "Text":"Trong mô hình 3 tầng, tầng nào chứa các trang ASP.Net chịu trách nhiệm nhận thông tin từ người dùng và xuất kết quả đến người dùng?",
       "Marks":1,
       "AnswerId":107847,
       "Answers":[ 
          { 
             "Id":107847,
             "Text":"Tầng trình bày"
          },
          { 
             "Id":107848,
             "Text":"Tầng trung gian"
          },
          { 
             "Id":107849,
             "Text":"Tầng CSDL"
          },
          { 
             "Id":107850,
             "Text":"Các phương án đều sai"
          }
       ]
    },
    { 
       "Id":26040,
       "Text":"Để liên kết với CSS từ một file bên ngoài, ta dùng khai báo nào?",
       "Marks":1,
       "AnswerId":107852,
       "Answers":[ 
          { 
             "Id":107851,
             "Text":"\u003clinked href=\"my_style_sheet.css\" media=\"screen\" rel=\"stylesheet\"  type=\"text/css\"  /\u003e"
          },
          { 
             "Id":107852,
             "Text":"\u003clink href=\"my_style_sheet.css\" media=\"screen\" rel=\"stylesheet\"  type=\"text/css\"  /\u003e"
          },
          { 
             "Id":107853,
             "Text":"\u003clink href=\"my_style_sheet.css\" media=\"screen\" type=\"text/css\"  /\u003e"
          },
          { 
             "Id":107854,
             "Text":"Tất cả các phương án đều sai"
          }
       ]
    },
    { 
       "Id":26041,
       "Text":"Ý nghĩa của thuộc tính Display trong CSS?",
       "Marks":1,
       "AnswerId":107856,
       "Answers":[ 
          { 
             "Id":107855,
             "Text":"Tất cả các phương án đều đúng"
          },
          { 
             "Id":107856,
             "Text":"Cho phép một thẻ cục bộ lấp đầy thẻ chứa nó"
          },
          { 
             "Id":107857,
             "Text":"Không cho phép một thẻ cục bộ lấp đầy thẻ chứa nó"
          },
          { 
             "Id":107858,
             "Text":"Tất cả các phương án đều sai"
          }
       ]
    },
    { 
       "Id":26042,
       "Text":"Margin trong cấu trúc Box định nghĩa điều gì?",
       "Marks":1,
       "AnswerId":107859,
       "Answers":[ 
          { 
             "Id":107859,
             "Text":"Định nghĩa lề cho box"
          },
          { 
             "Id":107860,
             "Text":"Tất cả các phương án đều đúng"
          },
          { 
             "Id":107861,
             "Text":"Định nghĩa khoảng đệm cho box"
          },
          { 
             "Id":107862,
             "Text":"Định nghĩa đường viền cho Box"
          }
       ]
    },
    { 
       "Id":26043,
       "Text":"CSS là viết tắt của cụm từ nào?",
       "Marks":1,
       "AnswerId":107866,
       "Answers":[ 
          { 
             "Id":107863,
             "Text":"Cascading Style Sheet"
          },
          { 
             "Id":107864,
             "Text":"Tất cả các phương án đều sai"
          },
          { 
             "Id":107865,
             "Text":"Cascaded Style Sheets"
          },
          { 
             "Id":107866,
             "Text":"Cascading Style Sheets"
          }
       ]
    },
    { 
       "Id":26044,
       "Text":"Thuộc tính clear trong CSS dùng để làm gì?",
       "Marks":1,
       "AnswerId":107870,
       "Answers":[ 
          { 
             "Id":107867,
             "Text":"Cho phép thẻ nổi"
          },
          { 
             "Id":107868,
             "Text":"Không cho phép sửa trang web"
          },
          { 
             "Id":107869,
             "Text":"Tất cả các đáp án đều sai"
          },
          { 
             "Id":107870,
             "Text":"Không cho phép thẻ nổi"
          }
       ]
    },
    { 
       "Id":26045,
       "Text":"Giá trị static của thuộc tính position có ý nghĩa gì?",
       "Marks":1,
       "AnswerId":107872,
       "Answers":[ 
          { 
             "Id":107871,
             "Text":"Tất cả các phương án đều sai"
          },
          { 
             "Id":107872,
             "Text":"Đặt cố định các box để tránh chồng chéo giữa các box"
          },
          { 
             "Id":107873,
             "Text":"Tất cả các phương án đều đúng"
          },
          { 
             "Id":107874,
             "Text":"Định nghĩa phương thức tĩnh"
          }
       ]
    },
    { 
       "Id":26046,
       "Text":"Thuộc tính float trong CSS dùng để làm gì?",
       "Marks":1,
       "AnswerId":107876,
       "Answers":[ 
          { 
             "Id":107875,
             "Text":"Dùng đề định nghĩa số thực"
          },
          { 
             "Id":107876,
             "Text":"Dùng để nổi những thành phần (box, image, text, …) trên trang"
          },
          { 
             "Id":107877,
             "Text":"Tất cả các phương án đều sai"
          },
          { 
             "Id":107878,
             "Text":"Dùng để thay đổi những thành phần (box, image, text, …) trên trang"
          }
       ]
    },
    { 
       "Id":26047,
       "Text":"Class trong CSS dùng để làm gì?",
       "Marks":1,
       "AnswerId":107882,
       "Answers":[ 
          { 
             "Id":107879,
             "Text":"Định nghĩa lớp cho các giá trị của thuộc tính trong CSS"
          },
          { 
             "Id":107880,
             "Text":"Định nghĩa một lớp trong lập trình hướng đối tượng"
          },
          { 
             "Id":107881,
             "Text":"Tất cả các phương án đều đúng"
          },
          { 
             "Id":107882,
             "Text":"Định nghĩa một kiểu định dạng cho nhiều thẻ có cùng class"
          }
       ]
    },
    { 
       "Id":26048,
       "Text":"Ý nghĩa của thuộc tính overflow trong CSS?",
       "Marks":1,
       "AnswerId":107883,
       "Answers":[ 
          { 
             "Id":107883,
             "Text":"Để tránh hiện tượng xô lệch các cột"
          },
          { 
             "Id":107884,
             "Text":"Để tránh tràn số trong ASP.NET"
          },
          { 
             "Id":107885,
             "Text":"Để đánh dấu cờ tràn trong ASP.NET"
          },
          { 
             "Id":107886,
             "Text":"Tất cả các phương án đều đúng"
          }
       ]
    },
    { 
       "Id":26049,
       "Text":"Các giá trị nào là của thuộc tính Display trong CSS?",
       "Marks":1,
       "AnswerId":107888,
       "Answers":[ 
          { 
             "Id":107887,
             "Text":"online, block"
          },
          { 
             "Id":107888,
             "Text":"inline, block"
          },
          { 
             "Id":107889,
             "Text":"inline, online, block"
          },
          { 
             "Id":107890,
             "Text":"Tất cả các phương án đều sai"
          }
       ]
    }
 ]