[ 
    { 
       "Id":25820,
       "Text":"Sử dụng phần tử nào của HTML5 để xem phim trên Web?",
       "Marks":1,
       "AnswerId":106849,
       "Answers":[ 
          { 
             "Id":106846,
             "Text":"\u003cyoutube\u003e"
          },
          { 
             "Id":106847,
             "Text":"\u003cmedia\u003e"
          },
          { 
             "Id":106848,
             "Text":"\u003cclip\u003e"
          },
          { 
             "Id":106849,
             "Text":"\u003cvideo\u003e"
          },
          { 
             "Id":106850,
             "Text":"\u003ccanvas\u003e"
          },
          { 
             "Id":106851,
             "Text":"\u003cfilm\u003e"
          }
       ]
    },
    { 
       "Id":25821,
       "Text":"Trong HTML5, chúng ta sử dụng thẻ mới nào để tạo ra nội dung cho vùng Header của trang?",
       "Marks":1,
       "AnswerId":106857,
       "Answers":[ 
          { 
             "Id":106852,
             "Text":"\u003cdiv class=\"head\"\u003e\u003c/div\u003e"
          },
          { 
             "Id":106853,
             "Text":"\u003cdiv class=\"header\"\u003e\u003c/div\u003e"
          },
          { 
             "Id":106854,
             "Text":"\u003chead\u003e\u003c/head\u003e"
          },
          { 
             "Id":106855,
             "Text":"\u003cdiv id=\"head\"\u003e\u003c/div\u003e"
          },
          { 
             "Id":106856,
             "Text":"\u003cdiv id=\"header\"\u003e\u003c/div\u003e"
          },
          { 
             "Id":106857,
             "Text":"\u003cheader\u003e\u003c/header\u003e"
          }
       ]
    },
    { 
       "Id":25822,
       "Text":"Muốn thực hiện vẽ trong HTML5, phải sử dụng phần tử nào sau đây?",
       "Marks":1,
       "AnswerId":106862,
       "Answers":[ 
          { 
             "Id":106858,
             "Text":"\u003cp\u003e"
          },
          { 
             "Id":106859,
             "Text":"\u003caudio\u003e"
          },
          { 
             "Id":106860,
             "Text":"\u003cdraw\u003e"
          },
          { 
             "Id":106861,
             "Text":"\u003cvideo\u003e"
          },
          { 
             "Id":106862,
             "Text":"\u003ccanvas\u003e"
          },
          { 
             "Id":106863,
             "Text":"\u003cdiv\u003e"
          }
       ]
    },
    { 
       "Id":25823,
       "Text":"Đâu là công nghệ mới của HTML5 cho phép người dùng lưu trữ dữ liệu ngay trên trình duyệt Web?",
       "Marks":1,
       "AnswerId":106865,
       "Answers":[ 
          { 
             "Id":106864,
             "Text":"Web 2.0"
          },
          { 
             "Id":106865,
             "Text":"Web storage"
          },
          { 
             "Id":106866,
             "Text":"Web server"
          },
          { 
             "Id":106867,
             "Text":"Web code"
          },
          { 
             "Id":106868,
             "Text":"Web 1.0"
          },
          { 
             "Id":106869,
             "Text":"Web design"
          }
       ]
    },
    { 
       "Id":25824,
       "Text":"Phần tử transitions thuộc công nghệ nào sau đây?",
       "Marks":1,
       "AnswerId":106872,
       "Answers":[ 
          { 
             "Id":106870,
             "Text":"HTML5"
          },
          { 
             "Id":106871,
             "Text":"HTML4"
          },
          { 
             "Id":106872,
             "Text":"CSS3"
          },
          { 
             "Id":106873,
             "Text":"CSS2"
          },
          { 
             "Id":106874,
             "Text":"CSS4"
          },
          { 
             "Id":106875,
             "Text":"HTML6"
          }
       ]
    },
    { 
       "Id":25825,
       "Text":"Với phiên bản nào của HTML bạn có thể xem video và nghe nhạc trực tiếp trên Web mà không cần plug in?",
       "Marks":1,
       "AnswerId":106881,
       "Answers":[ 
          { 
             "Id":106876,
             "Text":"HTML8"
          },
          { 
             "Id":106877,
             "Text":"HTML6"
          },
          { 
             "Id":106878,
             "Text":"HTML4"
          },
          { 
             "Id":106879,
             "Text":"HTML7"
          },
          { 
             "Id":106880,
             "Text":"HTML3"
          },
          { 
             "Id":106881,
             "Text":"HTML5"
          }
       ]
    },
    { 
       "Id":25826,
       "Text":"Đâu là từ viết tắt của Giao diện lập trình ứng dụng?",
       "Marks":1,
       "AnswerId":106883,
       "Answers":[ 
          { 
             "Id":106882,
             "Text":"AFS"
          },
          { 
             "Id":106883,
             "Text":"API"
          },
          { 
             "Id":106884,
             "Text":"AKT"
          },
          { 
             "Id":106885,
             "Text":"ASK"
          },
          { 
             "Id":106886,
             "Text":"ATK"
          },
          { 
             "Id":106887,
             "Text":"APP"
          }
       ]
    },
    { 
       "Id":25827,
       "Text":"Với máy tính không có font của web, thì giải pháp nào có thể khắc phục được điều này?",
       "Marks":1,
       "AnswerId":106891,
       "Answers":[ 
          { 
             "Id":106888,
             "Text":"Sử dụng lệnh @font-size để liên kết tới nơi chứa font và trình duyệt nhận biết được"
          },
          { 
             "Id":106889,
             "Text":"Sử dụng lệnh @font-embed để liên kết tới nơi chứa font và trình duyệt nhận biết được"
          },
          { 
             "Id":106890,
             "Text":"Sử dụng lệnh @font-style để liên kết tới nơi chứa font và trình duyệt nhận biết được"
          },
          { 
             "Id":106891,
             "Text":"Sử dụng lệnh @font-face để liên kết tới nơi chứa font và trình duyệt nhận biết được"
          },
          { 
             "Id":106892,
             "Text":"Sử dụng lệnh @font-name để liên kết tới nơi chứa font và trình duyệt nhận biết được"
          },
          { 
             "Id":106893,
             "Text":"Sử dụng lệnh @font-type để liên kết tới nơi chứa font và trình duyệt nhận biết được"
          }
       ]
    },
    { 
       "Id":25828,
       "Text":"Phát biểu nào sau đây về HTML5 là đúng?",
       "Marks":1,
       "AnswerId":106899,
       "Answers":[ 
          { 
             "Id":106894,
             "Text":"HTML5 đã thêm thẻ youtube"
          },
          { 
             "Id":106895,
             "Text":"So với HTML4, HTML5 không có các thẻ mới"
          },
          { 
             "Id":106896,
             "Text":"HTML5 đã loại bỏ JavaScript"
          },
          { 
             "Id":106897,
             "Text":"HTML5 không hỗ trợ các thuộc tính CSS3"
          },
          { 
             "Id":106898,
             "Text":"HTML5 ra đời năm 2006"
          },
          { 
             "Id":106899,
             "Text":"HTML5 hỗ trợ đầy đủ CSS3"
          }
       ]
    },
    { 
       "Id":25829,
       "Text":"Phần tử canvas được sử dụng với mục đích?",
       "Marks":1,
       "AnswerId":106904,
       "Answers":[ 
          { 
             "Id":106900,
             "Text":"Tạo ra các phần tử có thể kéo thả"
          },
          { 
             "Id":106901,
             "Text":"Thao tác với dữ liệu trong cơ sở dữ liệu MySQL"
          },
          { 
             "Id":106902,
             "Text":"Xem video"
          },
          { 
             "Id":106903,
             "Text":"Hiển thị bản ghi trong cơ sở dữ liệu"
          },
          { 
             "Id":106904,
             "Text":"Vẽ đồ họa"
          },
          { 
             "Id":106905,
             "Text":"Chơi nhạc"
          }
       ]
    },
    { 
       "Id":25830,
       "Text":"Đâu là cách khai báo đúng về DOCTYPE trong HTML5?",
       "Marks":1,
       "AnswerId":106907,
       "Answers":[ 
          { 
             "Id":106906,
             "Text":"\u003c!DOCTYPE html PUBLIC \u003e"
          },
          { 
             "Id":106907,
             "Text":"\u003c!DOCTYPE html\u003e"
          },
          { 
             "Id":106908,
             "Text":"\u003c!DOCTYPE html PUBLIC \"-//W3C//DTD XHTML 5.0 Transitional//EN\" \"http://www.w3.org/TR/xhtml1/DTD/xhtml1-transitional.dtd\"\u003e"
          },
          { 
             "Id":106909,
             "Text":"\u003c!DOCTYPE html PUBLIC \"-//W3C//DTD XHTML 1.0 Transitional//EN\" \u003e"
          },
          { 
             "Id":106910,
             "Text":"\u003c!DOCTYPE html5\u003e"
          }
       ]
    },
    { 
       "Id":25831,
       "Text":"Đâu là phát biểu đúng về phần tử \u003cheader\u003e trong HTML5?",
       "Marks":1,
       "AnswerId":106912,
       "Answers":[ 
          { 
             "Id":106911,
             "Text":"Phần tử \u003cheader\u003e được sử dụng tối đa 5 lần trên trang"
          },
          { 
             "Id":106912,
             "Text":"Phần tử \u003cheader\u003e được sử dụng nhiều lần trên trang"
          },
          { 
             "Id":106913,
             "Text":"Phần tử \u003cheader\u003e được sử dụng tối đa 2 lần trên trang"
          },
          { 
             "Id":106914,
             "Text":"Phần tử \u003cheader\u003e bắt buộc phải được khai báo ở phía dưới cùng đoạn mã trang"
          },
          { 
             "Id":106915,
             "Text":"Phần tử \u003cheader\u003e được sử dụng tối đa 3 lần trên trang"
          },
          { 
             "Id":106916,
             "Text":"Phần tử \u003cheader\u003e chỉ được sử dụng một lần trên trang"
          }
       ]
    },
    { 
       "Id":25832,
       "Text":"Đâu là cách khai báo đúng trong HTML5 đối với điều khiển cho phép người dùng chọn ngày và thời gian?",
       "Marks":1,
       "AnswerId":106918,
       "Answers":[ 
          { 
             "Id":106917,
             "Text":"\u003cinput font=\"datetime\" name=\"bdaytime\"\u003e"
          },
          { 
             "Id":106918,
             "Text":"\u003cinput type=\"datetime\" name=\"bdaytime\"\u003e"
          },
          { 
             "Id":106919,
             "Text":"\u003cinput style=\"datetime\" name=\"bdaytime\"\u003e"
          },
          { 
             "Id":106920,
             "Text":"\u003cinput id=\"datetime\" name=\"bdaytime\"\u003e"
          },
          { 
             "Id":106921,
             "Text":"\u003cinput for=\"datetime\" name=\"bdaytime\"\u003e"
          },
          { 
             "Id":106922,
             "Text":"\u003cinput format=\"datetime\" name=\"bdaytime\"\u003e"
          }
       ]
    },
    { 
       "Id":25833,
       "Text":"Form được sử dụng trên web để?",
       "Marks":1,
       "AnswerId":106928,
       "Answers":[ 
          { 
             "Id":106923,
             "Text":"Thiết kế đẹp"
          },
          { 
             "Id":106924,
             "Text":"Định nghĩa trang web theo chuẩn HTML5"
          },
          { 
             "Id":106925,
             "Text":"Theo xu thế"
          },
          { 
             "Id":106926,
             "Text":"Viết code rõ ràng"
          },
          { 
             "Id":106927,
             "Text":"Định nghĩa trang web theo chuẩn HTML4"
          },
          { 
             "Id":106928,
             "Text":"Tương tác với người dùng"
          }
       ]
    },
    { 
       "Id":25834,
       "Text":"Muốn nhóm một vài thẻ tiêu đề trong HTML5 ta có thể sử dụng phần tử nào sau đây?",
       "Marks":1,
       "AnswerId":106929,
       "Answers":[ 
          { 
             "Id":106929,
             "Text":"\u003chgroup\u003e"
          },
          { 
             "Id":106930,
             "Text":"\u003chheader\u003e"
          },
          { 
             "Id":106931,
             "Text":"\u003chembedded\u003e"
          },
          { 
             "Id":106932,
             "Text":"\u003chsession\u003e"
          },
          { 
             "Id":106933,
             "Text":"\u003chcontent\u003e"
          },
          { 
             "Id":106934,
             "Text":"\u003chbody\u003e"
          }
       ]
    },
    { 
       "Id":25835,
       "Text":"Trong HTML5, thuộc tính nào dùng để bắt buộc người dùng phải nhập giá trị vào một điều khiển trên form?",
       "Marks":1,
       "AnswerId":106935,
       "Answers":[ 
          { 
             "Id":106935,
             "Text":"required"
          },
          { 
             "Id":106936,
             "Text":"notnull"
          },
          { 
             "Id":106937,
             "Text":"checkempty"
          },
          { 
             "Id":106938,
             "Text":"validate"
          },
          { 
             "Id":106939,
             "Text":"placeholder"
          },
          { 
             "Id":106940,
             "Text":"formvalidate"
          }
       ]
    },
    { 
       "Id":25836,
       "Text":"Phần tử nào thường được định nghĩa như nhãn của một phần tử nhập liệu?",
       "Marks":1,
       "AnswerId":106943,
       "Answers":[ 
          { 
             "Id":106941,
             "Text":"\u003cbrand\u003e"
          },
          { 
             "Id":106942,
             "Text":"\u003ctext\u003e"
          },
          { 
             "Id":106943,
             "Text":"\u003clabel\u003e"
          },
          { 
             "Id":106944,
             "Text":"\u003cinput\u003e"
          },
          { 
             "Id":106945,
             "Text":"\u003csubmit\u003e"
          },
          { 
             "Id":106946,
             "Text":"\u003ctop input\u003e"
          }
       ]
    },
    { 
       "Id":25837,
       "Text":"Đâu là cách khai báo đúng trong HTML5 đối với label?",
       "Marks":1,
       "AnswerId":106949,
       "Answers":[ 
          { 
             "Id":106947,
             "Text":"\u003clabel name=\"male\"\u003eMale\u003c/label\u003e"
          },
          { 
             "Id":106948,
             "Text":"\u003clabel type=\"label\"\u003eMale\u003c/label\u003e"
          },
          { 
             "Id":106949,
             "Text":"\u003clabel for=\"male\"\u003eMale\u003c/label\u003e"
          },
          { 
             "Id":106950,
             "Text":"\u003clabel font=\"arial\"\u003eMale\u003c/label\u003e"
          },
          { 
             "Id":106951,
             "Text":"\u003clabel id=\"male\"\u003eMale\u003c/label\u003e"
          },
          { 
             "Id":106952,
             "Text":"\u003clabel color=\"red\"\u003eMale\u003c/label\u003e"
          }
       ]
    },
    { 
       "Id":25838,
       "Text":"Với HTML5, phần tử nào có thể sử dụng để nhóm các thành phần trong form?",
       "Marks":1,
       "AnswerId":106957,
       "Answers":[ 
          { 
             "Id":106953,
             "Text":"\u003cfieldstyle\u003e"
          },
          { 
             "Id":106954,
             "Text":"\u003cfieldshow\u003e"
          },
          { 
             "Id":106955,
             "Text":"\u003cfieldrow\u003e"
          },
          { 
             "Id":106956,
             "Text":"\u003cfieldcolumn\u003e"
          },
          { 
             "Id":106957,
             "Text":"\u003cfieldset\u003e"
          },
          { 
             "Id":106958,
             "Text":"\u003cfieldground\u003e"
          }
       ]
    },
    { 
       "Id":25839,
       "Text":"Đâu là cách khai báo đúng để sử dụng font unicode trong HTML5?",
       "Marks":1,
       "AnswerId":106963,
       "Answers":[ 
          { 
             "Id":106959,
             "Text":"\u003ccharset\u003eunicode\u003c/charset\u003e"
          },
          { 
             "Id":106960,
             "Text":"\u003cmeta\u003echarset=\"utf-8\"\u003c/meta\u003e"
          },
          { 
             "Id":106961,
             "Text":"\u003ccharset\u003eutf-8\u003c/charset\u003e"
          },
          { 
             "Id":106962,
             "Text":"\u003cmeta style=\"utf-8\"\u003e\u003c/meta\u003e"
          },
          { 
             "Id":106963,
             "Text":"\u003cmeta charset=\"utf-8\"\u003e\u003c/meta\u003e"
          },
          { 
             "Id":106964,
             "Text":"\u003cmeta\u003echarset=\"unicode\"\u003c/meta\u003e"
          }
       ]
    },
    { 
       "Id":25840,
       "Text":"Trong JavaScript, đoạn mã nào dùng để hiển thị \"Hello World\"?",
       "Marks":1,
       "AnswerId":106966,
       "Answers":[ 
          { 
             "Id":106965,
             "Text":"response.write(\"Hello World\");"
          },
          { 
             "Id":106966,
             "Text":"document.write(\"Hello World\");"
          },
          { 
             "Id":106967,
             "Text":"request.write(\"Hello World\");"
          },
          { 
             "Id":106968,
             "Text":"print \"Hello World\";"
          },
          { 
             "Id":106969,
             "Text":"(\"Hello World\");"
          },
          { 
             "Id":106970,
             "Text":"echo \"Hello World\";"
          }
       ]
    },
    { 
       "Id":25841,
       "Text":"Từ khóa nào giúp hàm trả lại giá trị?",
       "Marks":1,
       "AnswerId":106975,
       "Answers":[ 
          { 
             "Id":106971,
             "Text":"back"
          },
          { 
             "Id":106972,
             "Text":"forward"
          },
          { 
             "Id":106973,
             "Text":"upward"
          },
          { 
             "Id":106974,
             "Text":"backward"
          },
          { 
             "Id":106975,
             "Text":"return"
          },
          { 
             "Id":106976,
             "Text":"wayback"
          }
       ]
    },
    { 
       "Id":25842,
       "Text":"Câu lệnh Jquery nào để thiết lập độ cao cho tất cả phần tử \u003cdiv\u003e là 100 pixel",
       "Marks":1,
       "AnswerId":106980,
       "Answers":[ 
          { 
             "Id":106977,
             "Text":"$(\"div\").yPos(100);"
          },
          { 
             "Id":106978,
             "Text":"$(\"div\").length=\"100\";"
          },
          { 
             "Id":106979,
             "Text":"$(\"div\").xPos(100);"
          },
          { 
             "Id":106980,
             "Text":"$(\"div\").height(100);"
          },
          { 
             "Id":106981,
             "Text":"$(\"div\").height=\"100\";"
          },
          { 
             "Id":106982,
             "Text":"$(\"div\").length(100);"
          }
       ]
    },
    { 
       "Id":25843,
       "Text":"Phương thức nào của Jquery để ẩn phần tử?",
       "Marks":1,
       "AnswerId":106983,
       "Answers":[ 
          { 
             "Id":106983,
             "Text":"hide();"
          },
          { 
             "Id":106984,
             "Text":"visible(false);"
          },
          { 
             "Id":106985,
             "Text":"display(none);"
          },
          { 
             "Id":106986,
             "Text":"invisable(false);"
          },
          { 
             "Id":106987,
             "Text":"invisable(true);"
          },
          { 
             "Id":106988,
             "Text":"hidden();"
          }
       ]
    },
    { 
       "Id":25844,
       "Text":"Lệnh nào dùng để gọi hàm myFunction trong JavaScript?",
       "Marks":1,
       "AnswerId":106990,
       "Answers":[ 
          { 
             "Id":106989,
             "Text":"execute myFunction();"
          },
          { 
             "Id":106990,
             "Text":"myFunction();"
          },
          { 
             "Id":106991,
             "Text":"call myFunction();"
          },
          { 
             "Id":106992,
             "Text":"call function myFunction();"
          },
          { 
             "Id":106993,
             "Text":"execute function myFunction();"
          },
          { 
             "Id":106994,
             "Text":"run function myFunction();"
          }
       ]
    },
    { 
       "Id":25845,
       "Text":"Hàm sau có tác dụng như thế nào? \u003cscript\u003efunction displayShow(){document.getElementById(\"demo\").innerHTML=Date();}\u003c/script\u003e",
       "Marks":1,
       "AnswerId":106997,
       "Answers":[ 
          { 
             "Id":106995,
             "Text":"Bật âm thanh"
          },
          { 
             "Id":106996,
             "Text":"Hiển thị hình ảnh"
          },
          { 
             "Id":106997,
             "Text":"Hiển thị ngày tháng"
          },
          { 
             "Id":106998,
             "Text":"Hiển thị màu sắc cho đoạn văn bản"
          },
          { 
             "Id":106999,
             "Text":"Xem video"
          },
          { 
             "Id":107000,
             "Text":"Hiển thị hình ảnh động"
          }
       ]
    },
    { 
       "Id":25846,
       "Text":"Cách viết lệnh if nào trong Javascript là đúng?",
       "Marks":1,
       "AnswerId":107004,
       "Answers":[ 
          { 
             "Id":107001,
             "Text":"if i=5 then"
          },
          { 
             "Id":107002,
             "Text":"if i=5"
          },
          { 
             "Id":107003,
             "Text":"if i==5 then"
          },
          { 
             "Id":107004,
             "Text":"if (i==5)"
          },
          { 
             "Id":107005,
             "Text":"if (i===5)"
          },
          { 
             "Id":107006,
             "Text":"if i===5 then"
          }
       ]
    },
    { 
       "Id":25847,
       "Text":"Trong dòng mã sau:\u003cinput type=\"button\" onclick=\"show\" value=\"Submit\"\u003eTừ khóa onclick nhằm tác dụng gì?",
       "Marks":1,
       "AnswerId":107010,
       "Answers":[ 
          { 
             "Id":107007,
             "Text":"Thực thi sự kiện show khi trang web được mở"
          },
          { 
             "Id":107008,
             "Text":"Thực thi sự kiện show khi nhả nút"
          },
          { 
             "Id":107009,
             "Text":"Thực thi sự kiện show khi đóng trình duyệt"
          },
          { 
             "Id":107010,
             "Text":"Thực thi sự kiện show khi nhấn nút"
          },
          { 
             "Id":107011,
             "Text":"Thực thi sự kiện show khi nhấn đúp chuột vào nút"
          },
          { 
             "Id":107012,
             "Text":"Gọi sự kiện show khi thực hiện di chuột qua nút"
          }
       ]
    },
    { 
       "Id":25848,
       "Text":"Đâu là phát biểu chính xác về Jquery?",
       "Marks":1,
       "AnswerId":107013,
       "Answers":[ 
          { 
             "Id":107013,
             "Text":"Là một thư viện của JavaScript"
          },
          { 
             "Id":107014,
             "Text":"Là một tệp tin dạng doc và được trỏ tới thông qua lệnh @font-face của HTML5"
          },
          { 
             "Id":107015,
             "Text":"Là một tệp tin dạng excel"
          },
          { 
             "Id":107016,
             "Text":"Là một thư viện của PHP"
          },
          { 
             "Id":107017,
             "Text":"Là một tệp tin dạng doc"
          },
          { 
             "Id":107018,
             "Text":"Là một công nghệ riêng biệt, hình thành song song với công nghệ JavaScript"
          }
       ]
    },
    { 
       "Id":25849,
       "Text":"Đâu là cách khai báo biến đúng trong JavaScript?",
       "Marks":1,
       "AnswerId":107021,
       "Answers":[ 
          { 
             "Id":107019,
             "Text":"show name=ducati"
          },
          { 
             "Id":107020,
             "Text":"var Ducati"
          },
          { 
             "Id":107021,
             "Text":"var name=\"Ducati\";"
          },
          { 
             "Id":107022,
             "Text":"show name=ducati;"
          },
          { 
             "Id":107023,
             "Text":"show name=\"Ducati\";"
          },
          { 
             "Id":107024,
             "Text":"showvar name;"
          }
       ]
    },
    { 
       "Id":25850,
       "Text":"Phát biểu nào sau đây là đúng?",
       "Marks":1,
       "AnswerId":107025,
       "Answers":[ 
          { 
             "Id":107025,
             "Text":"Canvas là hàm API vẽ hai chiều của HTML5"
          },
          { 
             "Id":107026,
             "Text":"Canvas là đối tượng hình học trong HTML5"
          },
          { 
             "Id":107027,
             "Text":"Canvas là giá trị vẽ hình trong HTML5"
          },
          { 
             "Id":107028,
             "Text":"Canvas là thẻ vẽ ba chiều của HTML5"
          },
          { 
             "Id":107029,
             "Text":"Canvas là thành phần làm việc chèn ảnh đặc biệt trong HTML5"
          },
          { 
             "Id":107030,
             "Text":"Canvas là thuộc tính vẽ hình trong HTML5"
          }
       ]
    },
    { 
       "Id":25851,
       "Text":"Phát biểu nào sau đây là đúng?",
       "Marks":1,
       "AnswerId":107031,
       "Answers":[ 
          { 
             "Id":107031,
             "Text":"Hình vẽ bởi Canvas không giống với định dạng hình ảnh JPG và có thể cập nhật theo thời gian thực"
          },
          { 
             "Id":107032,
             "Text":"Hình vẽ bởi Canvas hoàn toàn giống với định dạng hình ảnh SVG"
          },
          { 
             "Id":107033,
             "Text":"Hình vẽ bởi Canvas hoàn toàn giống với định dạng swf"
          },
          { 
             "Id":107034,
             "Text":"Hình vẽ bởi Canvas hoàn toàn giống với định dạng GIF"
          },
          { 
             "Id":107035,
             "Text":"Hình vẽ bởi Canvas hoàn toàn giống với định dạng hình ảnh JPG"
          }
       ]
    },
    { 
       "Id":25852,
       "Text":"Trong HTML5, thuộc tính nào của thẻ video giúp người dùng có thể xem, tạm dừng video?",
       "Marks":1,
       "AnswerId":107038,
       "Answers":[ 
          { 
             "Id":107036,
             "Text":"handling"
          },
          { 
             "Id":107037,
             "Text":"controlling"
          },
          { 
             "Id":107038,
             "Text":"controls"
          },
          { 
             "Id":107039,
             "Text":"play"
          },
          { 
             "Id":107040,
             "Text":"pause"
          },
          { 
             "Id":107041,
             "Text":"handle"
          }
       ]
    },
    { 
       "Id":25853,
       "Text":"Phương thức addColorStop được sử dụng để?",
       "Marks":1,
       "AnswerId":107043,
       "Answers":[ 
          { 
             "Id":107042,
             "Text":"Quy định dải màu"
          },
          { 
             "Id":107043,
             "Text":"Quy định cụ thể một màu và vị trí màu sắc trong đối tượng gradient"
          },
          { 
             "Id":107044,
             "Text":"Quy định điểm dừng màu"
          },
          { 
             "Id":107045,
             "Text":"Quy định dải màu cho đối tượng Canvas"
          },
          { 
             "Id":107046,
             "Text":"Quy định điểm bắt đầu màu"
          },
          { 
             "Id":107047,
             "Text":"Quy định màu sắc cho đối tượng Canvas"
          }
       ]
    },
    { 
       "Id":25854,
       "Text":"Để sử dụng Canvas, cần thiết cần phải sử dụng thêm công nghệ nào hỗ trợ?",
       "Marks":1,
       "AnswerId":107048,
       "Answers":[ 
          { 
             "Id":107048,
             "Text":"JavaScript"
          },
          { 
             "Id":107049,
             "Text":"Java"
          },
          { 
             "Id":107050,
             "Text":"PHP"
          },
          { 
             "Id":107051,
             "Text":"ASP.NET"
          },
          { 
             "Id":107052,
             "Text":"Python"
          },
          { 
             "Id":107053,
             "Text":"ActionScript"
          }
       ]
    },
    { 
       "Id":25855,
       "Text":"Hàm nào di chuyển path tới một điểm xác định trên canvas mà không vẽ thêm một đường thẳng?",
       "Marks":1,
       "AnswerId":107059,
       "Answers":[ 
          { 
             "Id":107054,
             "Text":"drawTo"
          },
          { 
             "Id":107055,
             "Text":"lineTo"
          },
          { 
             "Id":107056,
             "Text":"drawTo(x,y)"
          },
          { 
             "Id":107057,
             "Text":"moveTo"
          },
          { 
             "Id":107058,
             "Text":"lineTo(x, y)"
          },
          { 
             "Id":107059,
             "Text":"moveTo(x,y)"
          }
       ]
    },
    { 
       "Id":25856,
       "Text":"Hai thẻ nào của HTML5 được sử dụng để xem video và audio trực tuyến mà không cần plugin?",
       "Marks":1,
       "AnswerId":107063,
       "Answers":[ 
          { 
             "Id":107060,
             "Text":"applet và javascript"
          },
          { 
             "Id":107061,
             "Text":"video và embed"
          },
          { 
             "Id":107062,
             "Text":"applet và span"
          },
          { 
             "Id":107063,
             "Text":"video và audio"
          },
          { 
             "Id":107064,
             "Text":"video và jscript"
          },
          { 
             "Id":107065,
             "Text":"audio và jscript"
          }
       ]
    },
    { 
       "Id":25857,
       "Text":"Đối tượng build-in HTML5 được sử dụng để vẽ trên canvas là đối tượng nào?",
       "Marks":1,
       "AnswerId":107070,
       "Answers":[ 
          { 
             "Id":107066,
             "Text":"getGraphics"
          },
          { 
             "Id":107067,
             "Text":"getCanvas"
          },
          { 
             "Id":107068,
             "Text":"getDrawing"
          },
          { 
             "Id":107069,
             "Text":"getScreen"
          },
          { 
             "Id":107070,
             "Text":"getContext"
          }
       ]
    },
    { 
       "Id":25858,
       "Text":"Có thể lưu hình vẽ được tạo ra bởi canvas với định dạng nào?",
       "Marks":1,
       "AnswerId":107075,
       "Answers":[ 
          { 
             "Id":107071,
             "Text":"avi"
          },
          { 
             "Id":107072,
             "Text":"swf"
          },
          { 
             "Id":107073,
             "Text":"saaw"
          },
          { 
             "Id":107074,
             "Text":"flash"
          },
          { 
             "Id":107075,
             "Text":"png"
          },
          { 
             "Id":107076,
             "Text":"mp4"
          }
       ]
    },
    { 
       "Id":25859,
       "Text":"Hàm nào sẽ tạo điểm mới và tạo một đường thẳng nối điểm mới này với điểm cuối cùng trên canvas?",
       "Marks":1,
       "AnswerId":107079,
       "Answers":[ 
          { 
             "Id":107077,
             "Text":"fillTo"
          },
          { 
             "Id":107078,
             "Text":"fillTo(x,y)"
          },
          { 
             "Id":107079,
             "Text":"lineTo(x, y)"
          },
          { 
             "Id":107080,
             "Text":"strokeTo(x,y)"
          },
          { 
             "Id":107081,
             "Text":"strokeTo"
          },
          { 
             "Id":107082,
             "Text":"lineTo"
          }
       ]
    },
    { 
       "Id":25860,
       "Text":"Giá trị center có thể là giá trị của những thuộc tính nào sau đây?",
       "Marks":1,
       "AnswerId":107085,
       "Answers":[ 
          { 
             "Id":107083,
             "Text":"box-show và box-align"
          },
          { 
             "Id":107084,
             "Text":"box-align và box-float"
          },
          { 
             "Id":107085,
             "Text":"box-pack và box-align"
          },
          { 
             "Id":107086,
             "Text":"box-float và box-pack"
          }
       ]
    },
    { 
       "Id":25861,
       "Text":"Thuộc tính nào của CSS3 animation dùng để xác định số lần một hình ảnh động được lặp lại",
       "Marks":1,
       "AnswerId":107088,
       "Answers":[ 
          { 
             "Id":107087,
             "Text":"animation-duration"
          },
          { 
             "Id":107088,
             "Text":"animation-iteration-count"
          },
          { 
             "Id":107089,
             "Text":"animation-count"
          },
          { 
             "Id":107090,
             "Text":"animation-name"
          },
          { 
             "Id":107091,
             "Text":"animation-timing-function"
          },
          { 
             "Id":107092,
             "Text":"animation-timing-times"
          }
       ]
    },
    { 
       "Id":25862,
       "Text":"Keyframe là gì và nó được sử dụng ở đâu trong CSS3?",
       "Marks":1,
       "AnswerId":107098,
       "Answers":[ 
          { 
             "Id":107093,
             "Text":"Một keyframe được sử dụng để thiết lập background image"
          },
          { 
             "Id":107094,
             "Text":"Một keyframe được sử dụng để thiết lập border-radius"
          },
          { 
             "Id":107095,
             "Text":"Một keyframe được sử dụng trong vẽ canvas"
          },
          { 
             "Id":107096,
             "Text":"Một keyframe được sử dụng trong hiển thị video"
          },
          { 
             "Id":107097,
             "Text":"Một keyframe được sử dụng trong xem audio"
          },
          { 
             "Id":107098,
             "Text":"Một keyframe được sử dụng trong hoạt hình CSS3 và định nghĩa giá trị xác định của một thuộc tính, ví dụ như góc quay"
          }
       ]
    },
    { 
       "Id":25863,
       "Text":"Giá trị nào của transition-timing-function chỉ định một hiệu ứng chuyển tiếp với cùng một tốc độ từ đầu đến cuối?",
       "Marks":1,
       "AnswerId":107104,
       "Answers":[ 
          { 
             "Id":107099,
             "Text":"Ease"
          },
          { 
             "Id":107100,
             "Text":"medium"
          },
          { 
             "Id":107101,
             "Text":"Ease-in"
          },
          { 
             "Id":107102,
             "Text":"Ease-out"
          },
          { 
             "Id":107103,
             "Text":"Ease-in-out"
          },
          { 
             "Id":107104,
             "Text":"linear"
          }
       ]
    },
    { 
       "Id":25864,
       "Text":"Thuộc tính nào được dùng để tạo ra góc bo tròn?",
       "Marks":1,
       "AnswerId":107110,
       "Answers":[ 
          { 
             "Id":107105,
             "Text":"border"
          },
          { 
             "Id":107106,
             "Text":"radius-border"
          },
          { 
             "Id":107107,
             "Text":"border-round"
          },
          { 
             "Id":107108,
             "Text":"round"
          },
          { 
             "Id":107109,
             "Text":"round-border"
          },
          { 
             "Id":107110,
             "Text":"border-radius"
          }
       ]
    },
    { 
       "Id":25865,
       "Text":"Chuẩn CSS nào gần CSS3 nhất?",
       "Marks":1,
       "AnswerId":107111,
       "Answers":[ 
          { 
             "Id":107111,
             "Text":"CSS2.1"
          },
          { 
             "Id":107112,
             "Text":"CSS2"
          },
          { 
             "Id":107113,
             "Text":"Linux"
          },
          { 
             "Id":107114,
             "Text":"Flash"
          },
          { 
             "Id":107115,
             "Text":"Adobe"
          },
          { 
             "Id":107116,
             "Text":"CSS1"
          }
       ]
    },
    { 
       "Id":25866,
       "Text":"Thuộc tính background-image trong CSS3 hỗ trợ bao nhiêu ảnh nền?",
       "Marks":1,
       "AnswerId":107118,
       "Answers":[ 
          { 
             "Id":107117,
             "Text":"3"
          },
          { 
             "Id":107118,
             "Text":"Không giới hạn"
          },
          { 
             "Id":107119,
             "Text":"5"
          },
          { 
             "Id":107120,
             "Text":"1"
          },
          { 
             "Id":107121,
             "Text":"4"
          },
          { 
             "Id":107122,
             "Text":"2"
          }
       ]
    },
    { 
       "Id":25867,
       "Text":"Tiền tố -ms được trình duyệt nào sử dụng?",
       "Marks":1,
       "AnswerId":107127,
       "Answers":[ 
          { 
             "Id":107123,
             "Text":"Dolphin"
          },
          { 
             "Id":107124,
             "Text":"Opera"
          },
          { 
             "Id":107125,
             "Text":"Firefox"
          },
          { 
             "Id":107126,
             "Text":"Opera Mini"
          },
          { 
             "Id":107127,
             "Text":"IE"
          },
          { 
             "Id":107128,
             "Text":"Safari"
          }
       ]
    },
    { 
       "Id":25868,
       "Text":"Rule mới nào giúp cho việc khắc phục hạn chế của font trên Web?",
       "Marks":1,
       "AnswerId":107131,
       "Answers":[ 
          { 
             "Id":107129,
             "Text":"@add-font"
          },
          { 
             "Id":107130,
             "Text":"edit-font"
          },
          { 
             "Id":107131,
             "Text":"@font-face"
          },
          { 
             "Id":107132,
             "Text":"font-style"
          },
          { 
             "Id":107133,
             "Text":"set-font"
          },
          { 
             "Id":107134,
             "Text":"Gimme-Gimme"
          }
       ]
    },
    { 
       "Id":25869,
       "Text":"Công nghệ nào được sử dụng để tạo hoạt hình (amination) trước khi có CSS3",
       "Marks":1,
       "AnswerId":107136,
       "Answers":[ 
          { 
             "Id":107135,
             "Text":"Paint"
          },
          { 
             "Id":107136,
             "Text":"Adobe Flash"
          },
          { 
             "Id":107137,
             "Text":"Notepad"
          },
          { 
             "Id":107138,
             "Text":"Etch-a-Sketch"
          }
       ]
    },
    { 
       "Id":25870,
       "Text":"Câu lệnh nào để phát hiện thiết bị di động đặt nằm ngang (landscape mode)?",
       "Marks":1,
       "AnswerId":107140,
       "Answers":[ 
          { 
             "Id":107139,
             "Text":"directing:landscape"
          },
          { 
             "Id":107140,
             "Text":"orientation:landscape"
          },
          { 
             "Id":107141,
             "Text":"oriented:landscape"
          },
          { 
             "Id":107142,
             "Text":"orienting:landscape"
          },
          { 
             "Id":107143,
             "Text":"direction:landscape"
          },
          { 
             "Id":107144,
             "Text":"directed:landscape"
          }
       ]
    },
    { 
       "Id":25871,
       "Text":"Thuộc tính max-device-width nhằm tác dụng gì?",
       "Marks":1,
       "AnswerId":107145,
       "Answers":[ 
          { 
             "Id":107145,
             "Text":"Quy định chiều rộng lớn nhất của web trên trình duyệt của thiết bị"
          },
          { 
             "Id":107146,
             "Text":"Quy định chiều cao lớn nhất của web trên trình duyệt"
          },
          { 
             "Id":107147,
             "Text":"Quy định chiều rộng nhỏ nhất của web trên trình duyệt"
          },
          { 
             "Id":107148,
             "Text":"Quy định chiều rộng lớn nhất của web trên trình duyệt"
          },
          { 
             "Id":107149,
             "Text":"Quy định vị trí xuất hiện của web trên trình duyệt"
          }
       ]
    },
    { 
       "Id":25872,
       "Text":"Lệnh nào quy định một thành phần không thể thay đổi kích thước?",
       "Marks":1,
       "AnswerId":107153,
       "Answers":[ 
          { 
             "Id":107150,
             "Text":"resizing:none"
          },
          { 
             "Id":107151,
             "Text":"change-size:none"
          },
          { 
             "Id":107152,
             "Text":"changing-size:none"
          },
          { 
             "Id":107153,
             "Text":"resize:none"
          }
       ]
    },
    { 
       "Id":25873,
       "Text":"Dạng layout nào được sử dụng để xây dựng trang từ định nghĩa của các thành phần con?",
       "Marks":1,
       "AnswerId":107157,
       "Answers":[ 
          { 
             "Id":107154,
             "Text":"Layout 2 cột"
          },
          { 
             "Id":107155,
             "Text":"Layout dạng 4 cột"
          },
          { 
             "Id":107156,
             "Text":"Layout 3 cột"
          },
          { 
             "Id":107157,
             "Text":"Layout dạng hộp linh động"
          }
       ]
    },
    { 
       "Id":25874,
       "Text":"Website có độ phản hồi cao (responsive design) là gì?",
       "Marks":1,
       "AnswerId":107160,
       "Answers":[ 
          { 
             "Id":107158,
             "Text":"Website có độ phản hồi cao là website được xây dựng bằng PHP"
          },
          { 
             "Id":107159,
             "Text":"Website có độ phản hồi cao là website có số lượng người truy cập cao"
          },
          { 
             "Id":107160,
             "Text":"Website có độ phản hồi cao đáp ứng mọi thiết bị và môi trường của người dùng theo các tiêu chí kích thước và chiều của màn hình thiết bị"
          },
          { 
             "Id":107161,
             "Text":"Website có độ phản hồi cao là website được xây dựng bằng ASP.NET"
          },
          { 
             "Id":107162,
             "Text":"Website có độ phản hồi cao là website được xây dựng bằng JSP"
          },
          { 
             "Id":107163,
             "Text":"Website có độ phản hồi cao là website CMS"
          }
       ]
    },
    { 
       "Id":25875,
       "Text":"Giá trị nào của thuộc tính justify-content khi sử dụng flexbox để căn giữa?",
       "Marks":1,
       "AnswerId":107165,
       "Answers":[ 
          { 
             "Id":107164,
             "Text":"Space-around"
          },
          { 
             "Id":107165,
             "Text":"center"
          },
          { 
             "Id":107166,
             "Text":"flex-start"
          },
          { 
             "Id":107167,
             "Text":"Space-between"
          },
          { 
             "Id":107168,
             "Text":"flex-center"
          },
          { 
             "Id":107169,
             "Text":"flex-end"
          }
       ]
    },
    { 
       "Id":25876,
       "Text":"Câu lệnh sau giúp hiển thị trên trình duyệt nào?-webkit-column-count:3;",
       "Marks":1,
       "AnswerId":107172,
       "Answers":[ 
          { 
             "Id":107170,
             "Text":"Chrome và Firefox"
          },
          { 
             "Id":107171,
             "Text":"Safari và Nestcape"
          },
          { 
             "Id":107172,
             "Text":"Safari và Chrome"
          },
          { 
             "Id":107173,
             "Text":"Opera và Dolphin"
          },
          { 
             "Id":107174,
             "Text":"Firefox và Safari"
          },
          { 
             "Id":107175,
             "Text":"Safari và Opera"
          }
       ]
    },
    { 
       "Id":25877,
       "Text":"Công nghệ nào của CSS3 giúp tạo ra website có độ phản hồi cao (responsive design)?",
       "Marks":1,
       "AnswerId":107178,
       "Answers":[ 
          { 
             "Id":107176,
             "Text":"JavaScript"
          },
          { 
             "Id":107177,
             "Text":"CSS3 media"
          },
          { 
             "Id":107178,
             "Text":"CSS3 media queries"
          },
          { 
             "Id":107179,
             "Text":"CSS3 queries"
          },
          { 
             "Id":107180,
             "Text":"Jquery"
          },
          { 
             "Id":107181,
             "Text":"PHP"
          }
       ]
    },
    { 
       "Id":25878,
       "Text":"Đâu là thuộc tính của layout dạng nhiều cột?",
       "Marks":1,
       "AnswerId":107187,
       "Answers":[ 
          { 
             "Id":107182,
             "Text":"column-go"
          },
          { 
             "Id":107183,
             "Text":"column-given"
          },
          { 
             "Id":107184,
             "Text":"column-space"
          },
          { 
             "Id":107185,
             "Text":"column-gud"
          },
          { 
             "Id":107186,
             "Text":"column_different"
          },
          { 
             "Id":107187,
             "Text":"column-gap"
          }
       ]
    },
    { 
       "Id":25879,
       "Text":"Thuộc tính nào dùng để xác định tỷ lệ giữa chiều rộng và chiều cao của thiết bị?",
       "Marks":1,
       "AnswerId":107188,
       "Answers":[ 
          { 
             "Id":107188,
             "Text":"Device-aspect-ratio"
          },
          { 
             "Id":107189,
             "Text":"Device-aspect-difference"
          },
          { 
             "Id":107190,
             "Text":"Max-device"
          },
          { 
             "Id":107191,
             "Text":"Min-device-width"
          },
          { 
             "Id":107192,
             "Text":"Min-device"
          },
          { 
             "Id":107193,
             "Text":"Max-device-width"
          }
       ]
    },
    { 
       "Id":25880,
       "Text":"Phương thức nào trả lại số lượng key/value trong localStorage?",
       "Marks":1,
       "AnswerId":107196,
       "Answers":[ 
          { 
             "Id":107194,
             "Text":"setItem"
          },
          { 
             "Id":107195,
             "Text":"getItem"
          },
          { 
             "Id":107196,
             "Text":"length"
          },
          { 
             "Id":107197,
             "Text":"count"
          },
          { 
             "Id":107198,
             "Text":"total"
          },
          { 
             "Id":107199,
             "Text":"value"
          }
       ]
    },
    { 
       "Id":25881,
       "Text":"Trong HTML5, phương thức nào để lấy giá trị cho keyname nhất định?",
       "Marks":1,
       "AnswerId":107203,
       "Answers":[ 
          { 
             "Id":107200,
             "Text":"getValue"
          },
          { 
             "Id":107201,
             "Text":"setItem(key, value)"
          },
          { 
             "Id":107202,
             "Text":"setItem"
          },
          { 
             "Id":107203,
             "Text":"getItem(key)"
          },
          { 
             "Id":107204,
             "Text":"value"
          },
          { 
             "Id":107205,
             "Text":"getItem"
          }
       ]
    },
    { 
       "Id":25882,
       "Text":"Trong HTML5, có bao nhiêu khả năng lưu trữ dữ liệu offline?",
       "Marks":1,
       "AnswerId":107208,
       "Answers":[ 
          { 
             "Id":107206,
             "Text":"6"
          },
          { 
             "Id":107207,
             "Text":"4"
          },
          { 
             "Id":107208,
             "Text":"2"
          },
          { 
             "Id":107209,
             "Text":"3"
          },
          { 
             "Id":107210,
             "Text":"1"
          },
          { 
             "Id":107211,
             "Text":"5"
          }
       ]
    },
    { 
       "Id":25883,
       "Text":"Trong HTML5, phương thức nào được sử dụng để xác định vị trí hiện tại của thiết bị?",
       "Marks":1,
       "AnswerId":107213,
       "Answers":[ 
          { 
             "Id":107212,
             "Text":"getPositions()"
          },
          { 
             "Id":107213,
             "Text":"getCurrentPosition()"
          },
          { 
             "Id":107214,
             "Text":"getUserPosition()"
          },
          { 
             "Id":107215,
             "Text":"getPosition()"
          },
          { 
             "Id":107216,
             "Text":"getNearestPosition()"
          },
          { 
             "Id":107217,
             "Text":"getUserPositions()"
          }
       ]
    },
    { 
       "Id":25884,
       "Text":"Phương thức nào để thiết lập kiểu và giá trị của dữ liệu được kéo?",
       "Marks":1,
       "AnswerId":107222,
       "Answers":[ 
          { 
             "Id":107218,
             "Text":"setValue"
          },
          { 
             "Id":107219,
             "Text":"get"
          },
          { 
             "Id":107220,
             "Text":"set"
          },
          { 
             "Id":107221,
             "Text":"setValues"
          },
          { 
             "Id":107222,
             "Text":"setData"
          },
          { 
             "Id":107223,
             "Text":"getData"
          }
       ]
    },
    { 
       "Id":25885,
       "Text":"Kiểu giá trị dữ liệu nào có thể transfer trong quá trình drag - drop?",
       "Marks":1,
       "AnswerId":107229,
       "Answers":[ 
          { 
             "Id":107224,
             "Text":"var"
          },
          { 
             "Id":107225,
             "Text":"number"
          },
          { 
             "Id":107226,
             "Text":"int"
          },
          { 
             "Id":107227,
             "Text":"bit"
          },
          { 
             "Id":107228,
             "Text":"varchar"
          },
          { 
             "Id":107229,
             "Text":"string"
          }
       ]
    },
    { 
       "Id":25886,
       "Text":"Đối tượng positionOptions để thiết lập cấu hình cho hàm nào?",
       "Marks":1,
       "AnswerId":107232,
       "Answers":[ 
          { 
             "Id":107230,
             "Text":"getOptions"
          },
          { 
             "Id":107231,
             "Text":"getCurrentPositions"
          },
          { 
             "Id":107232,
             "Text":"getCurrentPosition"
          },
          { 
             "Id":107233,
             "Text":"getPositions"
          },
          { 
             "Id":107234,
             "Text":"getPosition"
          },
          { 
             "Id":107235,
             "Text":"getOption"
          }
       ]
    },
    { 
       "Id":25887,
       "Text":"Bao nhiêu hình ảnh có thể được sử dụng với hàm setDragImage dưới dạng chỉ số hình ảnh?",
       "Marks":1,
       "AnswerId":107241,
       "Answers":[ 
          { 
             "Id":107236,
             "Text":"6"
          },
          { 
             "Id":107237,
             "Text":"7"
          },
          { 
             "Id":107238,
             "Text":"5"
          },
          { 
             "Id":107239,
             "Text":"4"
          },
          { 
             "Id":107240,
             "Text":"3"
          },
          { 
             "Id":107241,
             "Text":"1"
          }
       ]
    },
    { 
       "Id":25888,
       "Text":"Hình thức lưu trữ nào cho phép lưu trữ dữ liệu trên máy tính cho đến khi dữ liệu bị xóa bởi các ứng dụng hoặc người dùng?",
       "Marks":1,
       "AnswerId":107243,
       "Answers":[ 
          { 
             "Id":107242,
             "Text":"sessionStorage"
          },
          { 
             "Id":107243,
             "Text":"localStorage"
          },
          { 
             "Id":107244,
             "Text":"removeItem"
          },
          { 
             "Id":107245,
             "Text":"getItem"
          }
       ]
    },
    { 
       "Id":25889,
       "Text":"Để hiển thị vị trí người dùng trên Google Map, API nào được sử dụng?",
       "Marks":1,
       "AnswerId":107246,
       "Answers":[ 
          { 
             "Id":107246,
             "Text":"Google Map API"
          },
          { 
             "Id":107247,
             "Text":"DetectLocation API"
          },
          { 
             "Id":107248,
             "Text":"Location API"
          },
          { 
             "Id":107249,
             "Text":"Nokia map API"
          },
          { 
             "Id":107250,
             "Text":"Bing Map API"
          }
       ]
    }
 ]