[ 
    { 
       "Id":24711,
       "Text":"Trước khi viết một thông điệp marketing cho website của bạn, bạn cần phải:",
       "Marks":1,
       "AnswerId":102534,
       "Answers":[ 
          { 
             "Id":102531,
             "Text":"Tìm hiểu xem khách hàng lý tưởng của mình bao nhiêu tuổi"
          },
          { 
             "Id":102532,
             "Text":"Tìm hiểu xem những đối thủ đang viết như thế nào và bắt chước họ"
          },
          { 
             "Id":102533,
             "Text":"Tìm hiểu xem khách hàng lý tưởng của mình giới tính là gì"
          },
          { 
             "Id":102534,
             "Text":"Tìm hiểu xem khách hàng lý tưởng của mình là ai, đặc điểm của họ là gì"
          }
       ]
    },
    { 
       "Id":24712,
       "Text":"Twitter tạo nên sự khác biệt so với tất cả các đối thủ trong lĩnh vực blog cá nhân bằng cách:",
       "Marks":1,
       "AnswerId":102535,
       "Answers":[ 
          { 
             "Id":102535,
             "Text":"Chỉ cho phép mỗi bài viết dài không quá 140 ký tự để bắt họ phải cung cấp những bài viết với hàm lượng “mật độ thông tin” cao nhất"
          },
          { 
             "Id":102536,
             "Text":"Qui định mỗi người chỉ được phép tạo ra một tài khoản"
          },
          { 
             "Id":102537,
             "Text":"Cho phép mỗi bài viết mà user đăng lên được phép viết dài vô hạn"
          },
          { 
             "Id":102538,
             "Text":"Cho phép mỗi bài viết mà user đăng lên có thể được định dạng đẹp đẽ và dễ dàng"
          }
       ]
    },
    { 
       "Id":24713,
       "Text":"Hai bí quyết để đánh tan sự hoài nghi của khách hàng khi họ vào mua hàng online là (hãy chọn một đáp án đúng):",
       "Marks":1,
       "AnswerId":102541,
       "Answers":[ 
          { 
             "Id":102539,
             "Text":"Đưa ra thật nhiều lợi ích của sản phẩm và đưa vào thật nhiều ảnh đẹp về sản phẩm"
          },
          { 
             "Id":102540,
             "Text":"Đưa ra bằng chứng chứng minh sản phẩm của bạn hoạt động tốt và viết nhiều bài báo PR về sản phẩm đó"
          },
          { 
             "Id":102541,
             "Text":"Đưa ra bằng chứng chứng minh sản phẩm của bạn hoạt động tốt và đưa ra chính sách có lợi nhất cho khách hàng nếu sản phẩm không hoạt động như ý"
          },
          { 
             "Id":102542,
             "Text":"Đưa ra thật nhiều đặc tính nổi trội của sản phẩm và viết nhiều bài viết hay về sản phẩm"
          }
       ]
    },
    { 
       "Id":24714,
       "Text":"Apple đã làm điều gì để iPhone trở nên khác biệt và nổi bật vào thời điểm ra đời năm 2007? (Hãy chọn đáp án hợp lý nhất)",
       "Marks":1,
       "AnswerId":102546,
       "Answers":[ 
          { 
             "Id":102543,
             "Text":"Apple đã đưa ra chức năng Multi-Touch (chạm đa điểm) trong iPhone"
          },
          { 
             "Id":102544,
             "Text":"Apple đã đưa thêm rất nhiều tính năng và đặc tính vào trong sản phẩm iPhone"
          },
          { 
             "Id":102545,
             "Text":"Apple đã đưa vào chức năng bàn phím ảo trong iPhone"
          },
          { 
             "Id":102546,
             "Text":"Apple đã đưa vào chức năng Multi-Touch (chạm đa điểm) trong iPhone và đưa ra kho ứng dụng Apple Store"
          }
       ]
    },
    { 
       "Id":24715,
       "Text":"Cách mà Google đánh bại Yahoo để thống lĩnh thị trường dịch vụ tìm kiếm online là:",
       "Marks":1,
       "AnswerId":102549,
       "Answers":[ 
          { 
             "Id":102547,
             "Text":"Đưa thêm nhiều tính năng, nhiều đặc tính sản phẩm hơn Yahoo"
          },
          { 
             "Id":102548,
             "Text":"Làm cho giao diện đẹp đẽ hơn Yahoo"
          },
          { 
             "Id":102549,
             "Text":"Đưa cho user ít chức năng, ít đặc tính hơn, nhưng trả lại kết quả tìm kiếm chính xác và chất lượng hơn Yahoo"
          },
          { 
             "Id":102550,
             "Text":"Làm cho giao diện đơn giản hơn Yahoo"
          }
       ]
    },
    { 
       "Id":24716,
       "Text":"Khi khách hàng lên website của bạn để xem hàng, điều gì sẽ có thể ngăn cản họ thực hiện hành động mua hàng?",
       "Marks":1,
       "AnswerId":102554,
       "Answers":[ 
          { 
             "Id":102551,
             "Text":"Giao diện website quá xấu"
          },
          { 
             "Id":102552,
             "Text":"Trang web có quá nhiều mặt hàng"
          },
          { 
             "Id":102553,
             "Text":"Trang web có quá ít mặt hàng"
          },
          { 
             "Id":102554,
             "Text":"Họ không tin tưởng, họ sợ bị lừa"
          }
       ]
    },
    { 
       "Id":24717,
       "Text":"Thị trường là gì?",
       "Marks":1,
       "AnswerId":102556,
       "Answers":[ 
          { 
             "Id":102555,
             "Text":"Thị trường của một hàng hóa là số lượng người mua và người bán hàng hóa đó"
          },
          { 
             "Id":102556,
             "Text":"Thị trường của một hàng hóa là là tập tất cả những người, những tổ chức có cùng nhu cầu về mặt hàng hóa đó công với tất cả những người đang bán hàng hóa đó"
          },
          { 
             "Id":102557,
             "Text":"Thị trường của một hàng hóa là là tập tất cả những người, những tổ chức có cùng nhu cầu về mặt hàng hóa đó"
          },
          { 
             "Id":102558,
             "Text":"Thị trường của một hàng hóa là tập tất cả những người đang cung cấp, đang bán hàng hóa đó"
          }
       ]
    },
    { 
       "Id":24718,
       "Text":"Hãy chọn ra thông điệp sẽ xóa tan sự nghi ngờ về khả năng hoạt động được của sản phẩm từ khách hàng tốt nhất:",
       "Marks":1,
       "AnswerId":102561,
       "Answers":[ 
          { 
             "Id":102559,
             "Text":"“Nếu sản phẩm của chúng tôi không hoạt động như cam kết, chúng tôi sẽ hoàn tiền 100% cho bạn”"
          },
          { 
             "Id":102560,
             "Text":"“Sản phẩm của chúng tôi được bảo hành trong 06 tháng”"
          },
          { 
             "Id":102561,
             "Text":"“Nếu sản phẩm của chúng tôi không hoạt động như cam kết, chúng tôi sẽ hoàn tiền 150% cho bạn”"
          },
          { 
             "Id":102562,
             "Text":"“Sản phẩm của chúng tôi được bảo hành trong 05 năm và đã được hàng trăm nghìn người sử dụng”"
          }
       ]
    },
    { 
       "Id":24719,
       "Text":"Tập đoàn Tân Hiệp Phát đã chọn thị trường ngách là sản phẩm gì để cạnh tranh lại với 02 đại gia trong lĩnh vực đồ uống là Coca-Cola và Pepsi?",
       "Marks":1,
       "AnswerId":102563,
       "Answers":[ 
          { 
             "Id":102563,
             "Text":"Trà xanh không độ"
          },
          { 
             "Id":102564,
             "Text":"Nước uống tăng lực Sting"
          },
          { 
             "Id":102565,
             "Text":"Sữa đậu nành"
          },
          { 
             "Id":102566,
             "Text":"Bia"
          }
       ]
    },
    { 
       "Id":24720,
       "Text":"Hãy chọn cách để viết các lời giới thiệu (testimonial) về sản phẩm đúng đắn:",
       "Marks":1,
       "AnswerId":102570,
       "Answers":[ 
          { 
             "Id":102567,
             "Text":"“Sau đây là ý kiến đánh giá về sản phẩm của chúng tôi từ Mr.H, Hà Nội”"
          },
          { 
             "Id":102568,
             "Text":"“Sau đây là ý kiến đánh giá về sản phẩm của chúng tôi từ Mr.H, CEO công ty X, Hà Nội”"
          },
          { 
             "Id":102569,
             "Text":"“Sau đây là ý kiến đánh giá về sản phẩm của chúng tôi từ Mr.H”"
          },
          { 
             "Id":102570,
             "Text":"“Sau đây là ý kiến đánh giá về sản phẩm của chúng tôi từ Mr.Hoàng Xuân Huy, CEO Công ty Alpha Book, 67 Thái Hà, Hà Nội”"
          }
       ]
    },
    { 
       "Id":24721,
       "Text":"Tại sao bạn nên sử dụng những thông điệp dạng như:“Mặt hàng này sẽ không bán nữa vào thứ 6 này”“Chúng tôi chỉ dạy khóa học này cho 10 người”",
       "Marks":1,
       "AnswerId":102571,
       "Answers":[ 
          { 
             "Id":102571,
             "Text":"Là để áp dụng yếu tố tâm lý về tính khan hiếm"
          },
          { 
             "Id":102572,
             "Text":"Là để áp dụng yếu tố tâm lý về tính nhất quán"
          },
          { 
             "Id":102573,
             "Text":"Là để áp dụng yếu tố tâm lý về tính xác thực của xã hội"
          },
          { 
             "Id":102574,
             "Text":"Là để áp dụng yếu tố tâm lý về tính tương phản"
          }
       ]
    },
    { 
       "Id":24722,
       "Text":"Để tạo ra một Landing-Page tốt bạn nên:",
       "Marks":1,
       "AnswerId":102575,
       "Answers":[ 
          { 
             "Id":102575,
             "Text":"Tất cả các đáp án trên"
          },
          { 
             "Id":102576,
             "Text":"Chỉ nên sử dụng một lời kêu gọi hành động (call to action) nổi bật nhất"
          },
          { 
             "Id":102577,
             "Text":"Để những thông tin quan trọng nhất hiển thị ngay trong 1 màn hình"
          },
          { 
             "Id":102578,
             "Text":"Đừng làm cho logo của bạn to quá"
          }
       ]
    },
    { 
       "Id":24723,
       "Text":"Tạo sao trong website của bạn lại nên thêm vào danh sách các khách hàng đã sử dụng sản phẩm của bạn?",
       "Marks":1,
       "AnswerId":102582,
       "Answers":[ 
          { 
             "Id":102579,
             "Text":"Là để áp dụng yếu tố tâm lý tương phản"
          },
          { 
             "Id":102580,
             "Text":"Là để áp dụng yếu tố tâm lý khan hiếm"
          },
          { 
             "Id":102581,
             "Text":"Là để áp dụng yếu tố tâm lý nhất quán"
          },
          { 
             "Id":102582,
             "Text":"Là để áp dụng yếu tố tâm lý “đã được kiểm chứng của xã hội”"
          }
       ]
    },
    { 
       "Id":24724,
       "Text":"Tại sao, trong các form thu thập thông tin về khách hàng, hãy hỏi họ ít thông tin nhất có thể?",
       "Marks":1,
       "AnswerId":102583,
       "Answers":[ 
          { 
             "Id":102583,
             "Text":"Vì khách hàng có xu hướng sẽ từ bỏ nếu họ bị hỏi quá nhiều thông tin"
          },
          { 
             "Id":102584,
             "Text":"Vì khách hàng sẽ nói dối bạn nếu bạn hỏi họ quá nhiều"
          },
          { 
             "Id":102585,
             "Text":"Vì như vậy sẽ làm cho bạn tăng chi phí lập trình"
          },
          { 
             "Id":102586,
             "Text":"Vì như vậy sẽ làm cho cơ sở dữ liệu của bạn thêm nặng nề"
          }
       ]
    },
    { 
       "Id":24725,
       "Text":"Tạo sao website bán hàng của bạn lại nên tích hợp với Facebook, LinkedIn, Twitter?",
       "Marks":1,
       "AnswerId":102587,
       "Answers":[ 
          { 
             "Id":102587,
             "Text":"Tất cả các đáp án trên"
          },
          { 
             "Id":102588,
             "Text":"Vì như vậy sẽ giúp bạn có thêm được những bằng chứng và những lời giới thiệu sống động nhất"
          },
          { 
             "Id":102589,
             "Text":"Vì như vậy sẽ giúp bạn đạt được hiệu ứng “tâm lý đã được kiểm chứng bởi xã hội”"
          },
          { 
             "Id":102590,
             "Text":"Vì như vậy sẽ giúp khách hàng dễ dàng chia sẻ thông tin về website của bạn tới bạn bè của họ"
          }
       ]
    },
    { 
       "Id":24726,
       "Text":"Landing-Page là gì?",
       "Marks":1,
       "AnswerId":102592,
       "Answers":[ 
          { 
             "Id":102591,
             "Text":"Landing-Page chính là trang chủ (home-page)"
          },
          { 
             "Id":102592,
             "Text":"Landing-Page là trang web sẽ mở ra khi khách hàng click vào một đường link nào đó hoặc khi họ click vào một quảng cáo nào đó"
          },
          { 
             "Id":102593,
             "Text":"Landing-Page chính là trang giới thiệu về chính sách bán hàng của công ty"
          },
          { 
             "Id":102594,
             "Text":"Landing-Page là trang giới thiệu về công ty (About Us)"
          }
       ]
    },
    { 
       "Id":24727,
       "Text":"Tại sao khi bạn có rất nhiều sản phẩm cần bán trên website, bạn lại cần phải chia thành nhóm (category) và cung cấp chức năng tìm kiếm sản phẩm?",
       "Marks":1,
       "AnswerId":102595,
       "Answers":[ 
          { 
             "Id":102595,
             "Text":"Vì để tránh hiệu ứng tâm lý “khi có quá nhiều lựa chọn, khách hàng sẽ không làm gì cả”"
          },
          { 
             "Id":102596,
             "Text":"Vì như vậy sẽ giúp khách hàng không phải kéo màn hình lên lên xuống xuống để xem được hết các sản phẩm"
          },
          { 
             "Id":102597,
             "Text":"Vì như vậy sẽ giúp khách hàng tiết kiệm thời gian mua sắm"
          },
          { 
             "Id":102598,
             "Text":"Vì đó là chuẩn mực của một website bán hàng"
          }
       ]
    },
    { 
       "Id":24728,
       "Text":"Khi website của bạn đã có lượng truy cập cao, làm thế nào để tối đa hóa lợi nhuận từ lượng truy cập cao đó?",
       "Marks":1,
       "AnswerId":102601,
       "Answers":[ 
          { 
             "Id":102599,
             "Text":"Bán thêm sản phẩm của đối tác"
          },
          { 
             "Id":102600,
             "Text":"Thực hiện liên kết hợp tác với nhiều đối tác khác"
          },
          { 
             "Id":102601,
             "Text":"Tất cả các phương án trên"
          },
          { 
             "Id":102602,
             "Text":"Bán quảng cáo"
          }
       ]
    },
    { 
       "Id":24729,
       "Text":"Trong quá trình thu thập thông tin về khách hàng, bạn không nên:",
       "Marks":1,
       "AnswerId":102603,
       "Answers":[ 
          { 
             "Id":102603,
             "Text":"Lấy các thông tin nhạy cảm về khách hàng"
          },
          { 
             "Id":102604,
             "Text":"Làm cho form nhập liệu ngắn gọn vì như thế sẽ thu thập không đủ thông tin"
          },
          { 
             "Id":102605,
             "Text":"Lấy thông tin về địa chỉ email của khách hàng"
          },
          { 
             "Id":102606,
             "Text":"Tất cả các phương án trên"
          }
       ]
    },
    { 
       "Id":24730,
       "Text":"Tại sao website của bạn không nên quá phân mảnh bởi quá nhiều ảnh và Button?",
       "Marks":1,
       "AnswerId":102607,
       "Answers":[ 
          { 
             "Id":102607,
             "Text":"Vì khách hàng sẽ phải đối mặt với quá nhiều lựa chọn và họ sẽ bối rối và kết quả là họ sẽ không thực hiện hành động gì"
          },
          { 
             "Id":102608,
             "Text":"Vì như vậy sẽ làm cho khách hàng phải cuộn màn hình lên xuống nhiều lần để tìm được thông tin mà họ cần"
          },
          { 
             "Id":102609,
             "Text":"Vì như vậy sẽ làm cho khách hàng mất thời gian để tìm được thông tin mà họ cần"
          },
          { 
             "Id":102610,
             "Text":"Vì như vậy sẽ làm cho website trở nên rất nặng nề và làm giảm tốc độ hiển thị"
          }
       ]
    },
    { 
       "Id":24731,
       "Text":"Bạn đang thực hiện việc đẩy nội dung lên máy chủ của Google, để Google thực hiện việc copy nội dung của bạn càng nhanh càng tốt. Vậy thì bạn nên làm gì?",
       "Marks":1,
       "AnswerId":102613,
       "Answers":[ 
          { 
             "Id":102611,
             "Text":"Liên hệ tới nhân viên hỗ trợ của Google và đề nghị họ thực hiện việc copy mọi trang web của bạn lên máy chủ Google"
          },
          { 
             "Id":102612,
             "Text":"Bạn phải trả tiền cho Google để Google thực hiện việc copy nội dung lên máy chủ nhanh nhất có thể"
          },
          { 
             "Id":102613,
             "Text":"Loại bỏ những thứ như Flash, JavaScript, thẻ Frame,..là những thứ mà Google rất khó hiểu sau đó đẩy Sitemap lên Google"
          },
          { 
             "Id":102614,
             "Text":"Tất cả đáp án đều sai"
          }
       ]
    },
    { 
       "Id":24732,
       "Text":"Giả sử bạn có một Sitemap và bạn đẩy sitemap này lên 3 cỗ máy tìm kiếm khác nhau (Yahoo, Google, Bing). Vậy thì lợi ích bạn thu được là gì?",
       "Marks":1,
       "AnswerId":102615,
       "Answers":[ 
          { 
             "Id":102615,
             "Text":"Các trang web xuất hiện trong sitemap sẽ nhanh được xuất hiện trong kết quả tìm kiếm hơn"
          },
          { 
             "Id":102616,
             "Text":"Tất cả các trang web được đề cập trong sitemap sẽ có vị trí SEO tốt hơn trong cả 3 cỗ máy tìm kiếm"
          },
          { 
             "Id":102617,
             "Text":"Các cỗ máy tìm kiếm đó sẽ không thực hiện việc copy nội dung của các trang web của bạn về máy chủ nữa vì đã có sitemap"
          },
          { 
             "Id":102618,
             "Text":"Tất cả đáp án đều sai"
          }
       ]
    },
    { 
       "Id":24733,
       "Text":"Hành động nào sau đây thuộc vào việc SEO-Onpage?",
       "Marks":1,
       "AnswerId":102622,
       "Answers":[ 
          { 
             "Id":102619,
             "Text":"Tạo link từ website của bạn ra bên ngoài"
          },
          { 
             "Id":102620,
             "Text":"Tạo link từ các website bên ngoài tới website của bạn"
          },
          { 
             "Id":102621,
             "Text":"Tất cả các đáp án đều sai"
          },
          { 
             "Id":102622,
             "Text":"Tạo link giữa các trang web trong cùng website của bạn"
          }
       ]
    },
    { 
       "Id":24734,
       "Text":"Việc định tuyến các chức năng trên webiste của bạn được thực hiện bằng Flash và JavaScript. Điều này làm cho Google rất khó khăn trong việc đọc và hiểu nội dung website của bạn. Nhưng bạn lại không muốn bỏ Flash và JavaScript đi. Vậy thì giải pháp của bạn",
       "Marks":1,
       "AnswerId":102623,
       "Answers":[ 
          { 
             "Id":102623,
             "Text":"Dùng kỹ thuật khác như CSS để thay thế Flash và JavaScript"
          },
          { 
             "Id":102624,
             "Text":"Tất cả đáp án đều sai"
          },
          { 
             "Id":102625,
             "Text":"Dùng kỹ thuật Cloarking: Với user thì hiển thị nội dung khác, còn với Google thì hiển thị nội dung khác"
          },
          { 
             "Id":102626,
             "Text":"Tạo các link có chứa chữ văn bản thông thường ứng với các menu và để vào phần cuối cùng (footer) của trang web"
          }
       ]
    },
    { 
       "Id":24735,
       "Text":"Bạn có thể xem chỉ số Page Rank của một trang web ở chỗ nào?",
       "Marks":1,
       "AnswerId":102630,
       "Answers":[ 
          { 
             "Id":102627,
             "Text":"Tất cả đáp án đều sai"
          },
          { 
             "Id":102628,
             "Text":"Trong sitemap của website của bạn"
          },
          { 
             "Id":102629,
             "Text":"Trong thư mục của Yahoo"
          },
          { 
             "Id":102630,
             "Text":"Trong công cụ Google (Google Toolbar)"
          }
       ]
    },
    { 
       "Id":24736,
       "Text":"Giả sử bạn bán váy cưới và công ty của bạn nằm ở TP Hồ Chí Minh. Vậy thì từ khóa nào sẽ ít cạnh tranh nhất và bạn dễ làm SEO cho từ khóa đó lên #1 nhất?",
       "Marks":1,
       "AnswerId":102632,
       "Answers":[ 
          { 
             "Id":102631,
             "Text":"Tất cả đáp án đều sai"
          },
          { 
             "Id":102632,
             "Text":"Bán váy cưới TP HCM"
          },
          { 
             "Id":102633,
             "Text":"Bán váy cưới"
          },
          { 
             "Id":102634,
             "Text":"Váy cưới"
          }
       ]
    },
    { 
       "Id":24737,
       "Text":"Trong quá trình làm SEO, một từ khóa là:",
       "Marks":1,
       "AnswerId":102637,
       "Answers":[ 
          { 
             "Id":102635,
             "Text":"Là một từ bạn gõ vào máy để mở khóa máy tính"
          },
          { 
             "Id":102636,
             "Text":"Tất cả đáp án đều sai"
          },
          { 
             "Id":102637,
             "Text":"Là một từ mà user sẽ dùng để gõ vào Google để tìm kiếm thông tin về sản phẩm"
          },
          { 
             "Id":102638,
             "Text":"Một từ xuất hiện nhiều nhất trên website"
          }
       ]
    },
    { 
       "Id":24738,
       "Text":"Chỉ số Page Rank của Google thay đổi với tần suất bao lâu một lần?",
       "Marks":1,
       "AnswerId":102640,
       "Answers":[ 
          { 
             "Id":102639,
             "Text":"2 tháng một lần"
          },
          { 
             "Id":102640,
             "Text":"Không thể biết được"
          },
          { 
             "Id":102641,
             "Text":"Tất cả đáp án đều sai"
          },
          { 
             "Id":102642,
             "Text":"Thay đổi liên tục"
          }
       ]
    },
    { 
       "Id":24739,
       "Text":"Trong quá trình làm SEO, chiến thuật chọn từ khóa dạng nào sẽ tốt hơn?",
       "Marks":1,
       "AnswerId":102646,
       "Answers":[ 
          { 
             "Id":102643,
             "Text":"Từ khóa với lượng trang kết quả chứa từ khóa đó nhiều nhất"
          },
          { 
             "Id":102644,
             "Text":"Tất cả đáp án đều sai"
          },
          { 
             "Id":102645,
             "Text":"Từ khóa với lượng tìm kiếm cao nhất"
          },
          { 
             "Id":102646,
             "Text":"Từ khóa với chỉ số KEI cao nhất"
          }
       ]
    },
    { 
       "Id":24740,
       "Text":"Giả sử website của bạn bán sách, vậy thì URL nào sau đây là thân thiện với SEO nhất?",
       "Marks":1,
       "AnswerId":102649,
       "Answers":[ 
          { 
             "Id":102647,
             "Text":"http://www.mybookstore.com/showgood.php?category=31\u0026good=142"
          },
          { 
             "Id":102648,
             "Text":"Tất cả đáp án đều sai"
          },
          { 
             "Id":102649,
             "Text":"http://www.mybookstore.com/fpt/angels-and-demons.html"
          },
          { 
             "Id":102650,
             "Text":"http://www.mybookstore.com/fpt\u0026good=angels-and-demons"
          }
       ]
    },
    { 
       "Id":24741,
       "Text":"Mối quan hệ giữa AdWords và SEO là (hãy chọn đáp án đúng nhất):",
       "Marks":1,
       "AnswerId":102651,
       "Answers":[ 
          { 
             "Id":102651,
             "Text":"AdWords và SEO không ảnh hưởng gì nhau"
          },
          { 
             "Id":102652,
             "Text":"Tất cả đáp án đều sai"
          },
          { 
             "Id":102653,
             "Text":"Bạn làm SEO tốt sẽ giúp cho chỉ số điểm chất lượng (QS) trong AdWords tăng"
          },
          { 
             "Id":102654,
             "Text":"Bạn chay AdWords có thể sẽ giúp kết quả SEO tăng hạng"
          }
       ]
    },
    { 
       "Id":24742,
       "Text":"Hành động nào cần phải thực hiện để kích hoạt một tài khoản AdWords mới?",
       "Marks":1,
       "AnswerId":102655,
       "Answers":[ 
          { 
             "Id":102655,
             "Text":"Bạn cần phải điền thông tin về thanh toán vào AdWords"
          },
          { 
             "Id":102656,
             "Text":"Khi bạn bổ sung từ khóa vào chiến dịch quảng cáo AdWords"
          },
          { 
             "Id":102657,
             "Text":"Tất cả đáp án đều sai"
          },
          { 
             "Id":102658,
             "Text":"Bạn cần phải tạo một địa chỉ Gmail"
          }
       ]
    },
    { 
       "Id":24743,
       "Text":"Khi chọn từ khóa trong AdWords bạn nên:",
       "Marks":1,
       "AnswerId":102662,
       "Answers":[ 
          { 
             "Id":102659,
             "Text":"Không nên sử dụng chế độ đối sánh từ khóa âm (negative matching)"
          },
          { 
             "Id":102660,
             "Text":"Chỉ sử dụng chế độ đối sánh theo cụm từ (phrase matching)"
          },
          { 
             "Id":102661,
             "Text":"Chỉ nên sử dụng chế độ đối sánh theo nghĩa rộng (broad matching)"
          },
          { 
             "Id":102662,
             "Text":"Nên sử dụng kết hợp tất cả các hình thức đối sánh từ khóa"
          }
       ]
    },
    { 
       "Id":24744,
       "Text":"Khi bạn chọn chế độ đấu giá CPC trong Google AdWords, vậy khi nào bạn sẽ bị mất tiền?",
       "Marks":1,
       "AnswerId":102664,
       "Answers":[ 
          { 
             "Id":102663,
             "Text":"Tất cả các đáp án đều sai"
          },
          { 
             "Id":102664,
             "Text":"Khi user click vào quảng cáo của bạn"
          },
          { 
             "Id":102665,
             "Text":"Khi quảng cáo xuất hiện trên Google"
          },
          { 
             "Id":102666,
             "Text":"Khi user thực hiện hành động mua hàng"
          }
       ]
    },
    { 
       "Id":24745,
       "Text":"Giả sử, quảng cáo AdWords của bạn đã chạy. Vậy bạn có thể điều chỉnh ngân sách số tiền chạy quảng cáo mỗi ngày vào lúc nào?",
       "Marks":1,
       "AnswerId":102667,
       "Answers":[ 
          { 
             "Id":102667,
             "Text":"Bạn có thể điều chỉnh bất kỳ khi nào bạn muốn"
          },
          { 
             "Id":102668,
             "Text":"Mỗi ngày chỉ được điều chỉnh một lần"
          },
          { 
             "Id":102669,
             "Text":"Không thể điều chỉnh lại số tiền ngân sách một khi quảng cáo đã chạy"
          },
          { 
             "Id":102670,
             "Text":"Tất cả đáp án đều sai"
          }
       ]
    },
    { 
       "Id":24746,
       "Text":"Với chế độ đấu giá CPM, khi nào bạn sẽ phải trả tiền cho Google?",
       "Marks":1,
       "AnswerId":102672,
       "Answers":[ 
          { 
             "Id":102671,
             "Text":"Khi user click vào quảng cáo của bạn"
          },
          { 
             "Id":102672,
             "Text":"Mỗi khi quảng cáo của bạn xuất hiện"
          },
          { 
             "Id":102673,
             "Text":"Tất cả đáp án đều sai"
          },
          { 
             "Id":102674,
             "Text":"Khi user thực hiện hành động mua hàng"
          }
       ]
    },
    { 
       "Id":24747,
       "Text":"Với AdWords, bạn có thể cho quảng cáo của bạn xuất hiện trên:",
       "Marks":1,
       "AnswerId":102675,
       "Answers":[ 
          { 
             "Id":102675,
             "Text":"Tất cả các đáp án trên"
          },
          { 
             "Id":102676,
             "Text":"Yotube.Com"
          },
          { 
             "Id":102677,
             "Text":"Google.Com, Google.Com.Vn"
          },
          { 
             "Id":102678,
             "Text":"Gmail.Com"
          }
       ]
    },
    { 
       "Id":24748,
       "Text":"Bạn có thể chỉnh sửa tài khoản AdWords của bạn:",
       "Marks":1,
       "AnswerId":102679,
       "Answers":[ 
          { 
             "Id":102679,
             "Text":"Bất kỳ khi nào bạn muốn"
          },
          { 
             "Id":102680,
             "Text":"Tối đa là 50 lần"
          },
          { 
             "Id":102681,
             "Text":"Tất cả đáp án đều sai"
          },
          { 
             "Id":102682,
             "Text":"Mỗi ngày tối đa 1 lần"
          }
       ]
    },
    { 
       "Id":24749,
       "Text":"Một chỉ số được dùng để ước lượng số tiền ngân sách quảng cáo hàng ngày của một chiến dịch AdWords là:",
       "Marks":1,
       "AnswerId":102683,
       "Answers":[ 
          { 
             "Id":102683,
             "Text":"Tất cả các đáp án đều sai"
          },
          { 
             "Id":102684,
             "Text":"Số lần xuất hiện quảng cáo"
          },
          { 
             "Id":102685,
             "Text":"Chỉ số CTR"
          },
          { 
             "Id":102686,
             "Text":"Số đơn hàng"
          }
       ]
    },
    { 
       "Id":24750,
       "Text":"Khi nào thì AdWords sẽ thực hiện cơ chế đấu giá để quyết định xem quảng cáo của ai sẽ được hiển thị?",
       "Marks":1,
       "AnswerId":102689,
       "Answers":[ 
          { 
             "Id":102687,
             "Text":"Mỗi ngày 1 lần vào lúc 6 giờ sáng"
          },
          { 
             "Id":102688,
             "Text":"Tất cả đáp án đều sai"
          },
          { 
             "Id":102689,
             "Text":"Mỗi khi user gõ một từ khóa lên Google"
          },
          { 
             "Id":102690,
             "Text":"Cứ 2 tiếng một lần, AdWords sẽ thực hiện việc đấu giá"
          }
       ]
    },
    { 
       "Id":24751,
       "Text":"Bạn nên làm những gì khi thực hiện marketing trên Facebook",
       "Marks":1,
       "AnswerId":102692,
       "Answers":[ 
          { 
             "Id":102691,
             "Text":"Nên tạo ra các sự kiện thú vị và lôi kéo mọi người tham gia"
          },
          { 
             "Id":102692,
             "Text":"Tất cả các đáp án đều đúng"
          },
          { 
             "Id":102693,
             "Text":"Nên tạo ra một số Group mà bạn đam mê và lôi kéo mọi người tham gia"
          },
          { 
             "Id":102694,
             "Text":"Nên tham gia vào càng nhiều Group càng tốt"
          }
       ]
    },
    { 
       "Id":24752,
       "Text":"Nên làm những điều gì trên Facebook?",
       "Marks":1,
       "AnswerId":102696,
       "Answers":[ 
          { 
             "Id":102695,
             "Text":"Bán hàng trên Facebook"
          },
          { 
             "Id":102696,
             "Text":"Giúp đỡ mọi người"
          },
          { 
             "Id":102697,
             "Text":"Viết bài thật thường xuyên và liên tục (cập nhật hàng giờ, hàng phút)"
          },
          { 
             "Id":102698,
             "Text":"Gửi cùng một thông điệp tới tất cả mọi người"
          }
       ]
    },
    { 
       "Id":24753,
       "Text":"Tại sao mọi người lại thích mua hàng từ bạn bè? (chọn đáp án đúng nhất)",
       "Marks":1,
       "AnswerId":102702,
       "Answers":[ 
          { 
             "Id":102699,
             "Text":"Tất cả các đáp án đều sai"
          },
          { 
             "Id":102700,
             "Text":"Họ hi vọng sẽ được phục vụ tốt hơn"
          },
          { 
             "Id":102701,
             "Text":"Họ hi vọng sẽ có sản phẩm chất lượng"
          },
          { 
             "Id":102702,
             "Text":"Họ hi vọng sẽ có những ưu đãi đặc biệt"
          }
       ]
    },
    { 
       "Id":24754,
       "Text":"Cách đúng đắn để thực hiện Marketing trên mạng xã hội là:",
       "Marks":1,
       "AnswerId":102705,
       "Answers":[ 
          { 
             "Id":102703,
             "Text":"Kết bạn với mọi người"
          },
          { 
             "Id":102704,
             "Text":"Tạo dựng các mối quan hệ tin cậy và giá trị"
          },
          { 
             "Id":102705,
             "Text":"Tất cả các đáp án đều đúng"
          },
          { 
             "Id":102706,
             "Text":"Giúp đỡ mọi người"
          }
       ]
    },
    { 
       "Id":24755,
       "Text":"Số lượng người dùng mạng xã hội nào ở Việt Nam đông nhất?",
       "Marks":1,
       "AnswerId":102710,
       "Answers":[ 
          { 
             "Id":102707,
             "Text":"Twitter"
          },
          { 
             "Id":102708,
             "Text":"Yahoo 360 Plus"
          },
          { 
             "Id":102709,
             "Text":"LinkedIn"
          },
          { 
             "Id":102710,
             "Text":"Facebook"
          }
       ]
    },
    { 
       "Id":24756,
       "Text":"Ngân sách chạy quảng cáo trên Facebook tối thiểu là bao nhiêu tiền một ngày?",
       "Marks":1,
       "AnswerId":102714,
       "Answers":[ 
          { 
             "Id":102711,
             "Text":"20,000 VNĐ"
          },
          { 
             "Id":102712,
             "Text":"10,000 VNĐ"
          },
          { 
             "Id":102713,
             "Text":"1,000 VNĐ"
          },
          { 
             "Id":102714,
             "Text":"1$"
          }
       ]
    },
    { 
       "Id":24757,
       "Text":"Cách để quảng cáo của bạn được Facebook duyệt nhanh hơn là:",
       "Marks":1,
       "AnswerId":102717,
       "Answers":[ 
          { 
             "Id":102715,
             "Text":"Thuê chuyên gia"
          },
          { 
             "Id":102716,
             "Text":"Bỏ ảnh đi để quảng cáo chiếm kích thước nhẹ hơn"
          },
          { 
             "Id":102717,
             "Text":"Chỉnh sửa câu quảng cáo sao cho hợp lệ"
          },
          { 
             "Id":102718,
             "Text":"Tăng tiền đấu giá lên thật cao"
          }
       ]
    },
    { 
       "Id":24758,
       "Text":"Trong mẫu quảng cáo trên Facebook, dòng tiêu đề được phép có tối đa bao nhiêu ký tự?",
       "Marks":1,
       "AnswerId":102719,
       "Answers":[ 
          { 
             "Id":102719,
             "Text":"30"
          },
          { 
             "Id":102720,
             "Text":"40"
          },
          { 
             "Id":102721,
             "Text":"25"
          },
          { 
             "Id":102722,
             "Text":"35"
          }
       ]
    },
    { 
       "Id":24759,
       "Text":"Bạn có thể giúp đỡ mọi người qua mạng xã hội theo các cách nào mà bạn không phải bỏ tiền mặt ra?",
       "Marks":1,
       "AnswerId":102726,
       "Answers":[ 
          { 
             "Id":102723,
             "Text":"Trả lời các câu hỏi của họ"
          },
          { 
             "Id":102724,
             "Text":"Tìm xem website của họ có đường link nào bị chết không"
          },
          { 
             "Id":102725,
             "Text":"Giới thiệu với họ các đường link có bài viết hữu ích với họ"
          },
          { 
             "Id":102726,
             "Text":"Tất cả các đáp án đều đúng"
          }
       ]
    },
    { 
       "Id":24760,
       "Text":"Bạn cần chạy quảng cáo trên Facebook (dạng Facebook Ads), vậy độ tuổi nhỏ nhất của khách hàng mà bạn được phép tiếp cận là bao nhiêu?",
       "Marks":1,
       "AnswerId":102730,
       "Answers":[ 
          { 
             "Id":102727,
             "Text":"16 tuổi"
          },
          { 
             "Id":102728,
             "Text":"18 tuổi"
          },
          { 
             "Id":102729,
             "Text":"15 tuổi"
          },
          { 
             "Id":102730,
             "Text":"13 tuổi"
          }
       ]
    },
    { 
       "Id":24761,
       "Text":"Số tiền ngân sách chạy quảng cáo trên Facebook tối thiểu phải gấp bao nhiêu lần số tiền Maximum CPC?",
       "Marks":1,
       "AnswerId":102733,
       "Answers":[ 
          { 
             "Id":102731,
             "Text":"1.5 lần"
          },
          { 
             "Id":102732,
             "Text":"2.5 lần"
          },
          { 
             "Id":102733,
             "Text":"2 lần"
          },
          { 
             "Id":102734,
             "Text":"3 lần"
          }
       ]
    },
    { 
       "Id":24762,
       "Text":"Tại sao mọi người lại thích mua hàng từ bạn bè? (chọn đáp án đúng nhất)",
       "Marks":1,
       "AnswerId":102736,
       "Answers":[ 
          { 
             "Id":102735,
             "Text":"Tất cả các đáp án đều sai"
          },
          { 
             "Id":102736,
             "Text":"Họ hi vọng sẽ có những ưu đãi đặc biệt"
          },
          { 
             "Id":102737,
             "Text":"Họ hi vọng sẽ được phục vụ tốt hơn"
          },
          { 
             "Id":102738,
             "Text":"Họ hi vọng sẽ có sản phẩm chất lượng"
          }
       ]
    },
    { 
       "Id":24763,
       "Text":"Cách đúng đắn để thực hiện Marketing trên mạng xã hội là:",
       "Marks":1,
       "AnswerId":102740,
       "Answers":[ 
          { 
             "Id":102739,
             "Text":"Giúp đỡ mọi người"
          },
          { 
             "Id":102740,
             "Text":"Tất cả các đáp án khác"
          },
          { 
             "Id":102741,
             "Text":"Tạo dựng các mối quan hệ tin cậy và giá trị"
          },
          { 
             "Id":102742,
             "Text":"Kết bạn với mọi người"
          }
       ]
    },
    { 
       "Id":24764,
       "Text":"Sự khác biệt giữa Facebook và LinkedIn là gì?",
       "Marks":1,
       "AnswerId":102743,
       "Answers":[ 
          { 
             "Id":102743,
             "Text":"Facebook nhắm tới mọi user cá nhân; Còn LinkedIn nhắm tới doanh nghiệp"
          },
          { 
             "Id":102744,
             "Text":"LinkedIn đông người sử dụng hơn Facebook"
          },
          { 
             "Id":102745,
             "Text":"Facebook đông người sử dụng hơn LinkedIn"
          },
          { 
             "Id":102746,
             "Text":"Không có sự khác biệt giữa Facebook và LinkedIn"
          }
       ]
    },
    { 
       "Id":24765,
       "Text":"Số Friend tối đa mà mỗi người được phép có trên Facebook là:",
       "Marks":1,
       "AnswerId":102748,
       "Answers":[ 
          { 
             "Id":102747,
             "Text":"2000"
          },
          { 
             "Id":102748,
             "Text":"5000"
          },
          { 
             "Id":102749,
             "Text":"1000"
          },
          { 
             "Id":102750,
             "Text":"3000"
          }
       ]
    },
    { 
       "Id":24766,
       "Text":"Trong mẫu quảng cáo trên Facebook, dòng tiêu đề được phép có tối đa bao nhiêu ký tự?",
       "Marks":1,
       "AnswerId":102754,
       "Answers":[ 
          { 
             "Id":102751,
             "Text":"40"
          },
          { 
             "Id":102752,
             "Text":"30"
          },
          { 
             "Id":102753,
             "Text":"35"
          },
          { 
             "Id":102754,
             "Text":"25"
          }
       ]
    },
    { 
       "Id":24767,
       "Text":"Nên tạo ra những video dạng như thế nào trên Youtube để thực hiện marketing?",
       "Marks":1,
       "AnswerId":102756,
       "Answers":[ 
          { 
             "Id":102755,
             "Text":"Tạo ra những video độc đáo"
          },
          { 
             "Id":102756,
             "Text":"Tất cả các đáp án trên"
          },
          { 
             "Id":102757,
             "Text":"Tạo ra những video hữu ích"
          },
          { 
             "Id":102758,
             "Text":"Tạo ra những video hài hước"
          }
       ]
    },
    { 
       "Id":24768,
       "Text":"Twitter qui định rằng mỗi bài viết (tweet) chỉ được phép không được vượt quá:",
       "Marks":1,
       "AnswerId":102759,
       "Answers":[ 
          { 
             "Id":102759,
             "Text":"140 ký tự"
          },
          { 
             "Id":102760,
             "Text":"256 ký tự"
          },
          { 
             "Id":102761,
             "Text":"128 ký tự"
          },
          { 
             "Id":102762,
             "Text":"500 ký tự"
          }
       ]
    },
    { 
       "Id":24769,
       "Text":"Những công ty muốn thực hiện marketing tới những công ty khác (tức thực hiện marketing B2B - Business to Business) thì sẽ nên sử dụng:",
       "Marks":1,
       "AnswerId":102763,
       "Answers":[ 
          { 
             "Id":102763,
             "Text":"LinkedIn"
          },
          { 
             "Id":102764,
             "Text":"Facebook"
          },
          { 
             "Id":102765,
             "Text":"Tất cả đáp án đều sai"
          },
          { 
             "Id":102766,
             "Text":"Twitter"
          }
       ]
    },
    { 
       "Id":24770,
       "Text":"Kích thước chuẩn của ảnh được sử dụng trong các mẫu quảng cáo của Facebook là",
       "Marks":1,
       "AnswerId":102769,
       "Answers":[ 
          { 
             "Id":102767,
             "Text":"56 pixel theo chiều rộng X 100 pixel theo chiều cao"
          },
          { 
             "Id":102768,
             "Text":"32 pixel theo chiều rộng X 48 pixel theo chiều cao"
          },
          { 
             "Id":102769,
             "Text":"100 pixel theo chiều rộng X 72 pixel theo chiều cao"
          },
          { 
             "Id":102770,
             "Text":"Tất cả đáp án đều sai"
          }
       ]
    },
    { 
       "Id":24771,
       "Text":"Theo khảo sát gần đây tại Mỹ, chi phí quảng cáo trung bình để thu về được một đơn hàng qua quảng cáo Banner là:",
       "Marks":1,
       "AnswerId":102774,
       "Answers":[ 
          { 
             "Id":102771,
             "Text":"100$"
          },
          { 
             "Id":102772,
             "Text":"26.75$"
          },
          { 
             "Id":102773,
             "Text":"17.47$"
          },
          { 
             "Id":102774,
             "Text":"71.89$"
          }
       ]
    },
    { 
       "Id":24772,
       "Text":"Công thức để làm nội dung trong khi tiến hành Email Marketing là:",
       "Marks":1,
       "AnswerId":102777,
       "Answers":[ 
          { 
             "Id":102775,
             "Text":"Tất cả các đáp án khác đều sai"
          },
          { 
             "Id":102776,
             "Text":"80% nội dung tốt + 20% quảng cáo"
          },
          { 
             "Id":102777,
             "Text":"95% nội dung tốt + 5% quảng cáo"
          },
          { 
             "Id":102778,
             "Text":"90% nội dung tốt + 10% quảng cáo"
          }
       ]
    },
    { 
       "Id":24773,
       "Text":"Điều gì mang tính quyết định rất lớn đến việc email của bạn gửi đi có được bỏ vào Inbox hay không?",
       "Marks":1,
       "AnswerId":102781,
       "Answers":[ 
          { 
             "Id":102779,
             "Text":"Là địa chỉ IP của máy chủ gửi email"
          },
          { 
             "Id":102780,
             "Text":"Là kỹ thuật gửi email"
          },
          { 
             "Id":102781,
             "Text":"Là nội dung của email"
          },
          { 
             "Id":102782,
             "Text":"Tất cả các đáp án đều sai"
          }
       ]
    },
    { 
       "Id":24774,
       "Text":"Theo khảo sát gần đây tại Mỹ, chi phí quảng cáo trung bình để thu về được một đơn hàng qua email là:",
       "Marks":1,
       "AnswerId":102785,
       "Answers":[ 
          { 
             "Id":102783,
             "Text":"71.89$"
          },
          { 
             "Id":102784,
             "Text":"100$"
          },
          { 
             "Id":102785,
             "Text":"\u003c7$"
          },
          { 
             "Id":102786,
             "Text":"17.47$"
          }
       ]
    },
    { 
       "Id":24775,
       "Text":"Cách đúng đắn nhất để thực hiện Email Marketing là gì?",
       "Marks":1,
       "AnswerId":102787,
       "Answers":[ 
          { 
             "Id":102787,
             "Text":"Tạo ra nội dung thật tốt sau đó tìm cách quảng cáo cho nội dung đó và đề nghị user điền thông tin của họ vào Form"
          },
          { 
             "Id":102788,
             "Text":"Nhờ một người làm email marketing chuyên nghiệp gửi email hộ cho bạn"
          },
          { 
             "Id":102789,
             "Text":"Tất cả các đáp án đều sai"
          },
          { 
             "Id":102790,
             "Text":"Bỏ tiền ra mua danh sách email rồi gửi email cho danh sách đó"
          }
       ]
    },
    { 
       "Id":24776,
       "Text":"Làm cách nào để đo đạc khả năng nhận dạng thương hiệu khi thực hiện một chiến dịch email marketing?",
       "Marks":1,
       "AnswerId":102793,
       "Answers":[ 
          { 
             "Id":102791,
             "Text":"Dựa vào tỷ lệ click vào đường link bên trong nội dung email"
          },
          { 
             "Id":102792,
             "Text":"Dựa vào tỷ lệ mở email"
          },
          { 
             "Id":102793,
             "Text":"Dựa vào tỷ lệ mở email và tỷ lệ click vào đường link bên trong nội dung email"
          },
          { 
             "Id":102794,
             "Text":"Dựa vào doanh thu"
          }
       ]
    },
    { 
       "Id":24777,
       "Text":"Trong cùng 1 thời điểm, số lượng email được gửi đi đồng thời từ một tài khoản Yahoo Mail là",
       "Marks":1,
       "AnswerId":102797,
       "Answers":[ 
          { 
             "Id":102795,
             "Text":"\u003c 300"
          },
          { 
             "Id":102796,
             "Text":"\u003c 500"
          },
          { 
             "Id":102797,
             "Text":"\u003c 200"
          },
          { 
             "Id":102798,
             "Text":"\u003c 400"
          }
       ]
    },
    { 
       "Id":24778,
       "Text":"Hãy để nội dung email của bạn nằm trong một khung với độ rộng trong khoảng từ:",
       "Marks":1,
       "AnswerId":102799,
       "Answers":[ 
          { 
             "Id":102799,
             "Text":"500-650 pixel là tối đa"
          },
          { 
             "Id":102800,
             "Text":"Tất cả đáp án đều sai"
          },
          { 
             "Id":102801,
             "Text":"800-1024 pixel là tối đa"
          },
          { 
             "Id":102802,
             "Text":"Rộng thoải mái"
          }
       ]
    },
    { 
       "Id":24779,
       "Text":"Khi tạo nội dung email để thực hiện email marketing bạn nên:",
       "Marks":1,
       "AnswerId":102806,
       "Answers":[ 
          { 
             "Id":102803,
             "Text":"Cho thật nhiều ảnh vào nội dung để email trông đẹp đẽ chuyên nghiệp"
          },
          { 
             "Id":102804,
             "Text":"Tất cả các đáp án đều sai"
          },
          { 
             "Id":102805,
             "Text":"Chỉ nên dùng email với nội dung ở định dạng văn bản thuần túy"
          },
          { 
             "Id":102806,
             "Text":"Duy trì tỷ lệ ảnh / văn bản thấp"
          }
       ]
    },
    { 
       "Id":24780,
       "Text":"Bạn có thể gửi email dưới những định dạng nào?",
       "Marks":1,
       "AnswerId":102809,
       "Answers":[ 
          { 
             "Id":102807,
             "Text":"Chỉ được phép gửi email dưới dạng văn bản thuần túy"
          },
          { 
             "Id":102808,
             "Text":"Chỉ được phép gửi email dưới dạng HTML"
          },
          { 
             "Id":102809,
             "Text":"Được phép gửi email dưới cả 2 dạng là văn bản thuần túy và HTML"
          },
          { 
             "Id":102810,
             "Text":"Tất cả các đáp án đều sai"
          }
       ]
    },
    { 
       "Id":24781,
       "Text":"Trong Google Analytics:",
       "Marks":1,
       "AnswerId":102814,
       "Answers":[ 
          { 
             "Id":102811,
             "Text":"Một hồ sơ (profile) có thể bao gồm một hoặc nhiều tài sản (property)"
          },
          { 
             "Id":102812,
             "Text":"Tất cả các đáp án đều sai"
          },
          { 
             "Id":102813,
             "Text":"Hồ sơ (profile) và tài sản (property) không liên quan gì nhau"
          },
          { 
             "Id":102814,
             "Text":"Một tài sản (Property) có thể bao gồm một hoặc nhiều hồ sơ (Profile)"
          }
       ]
    },
    { 
       "Id":24782,
       "Text":"Nếu một user sử dụng trình duyệt đã bị tắt chức năng Java Script, vậy thì:",
       "Marks":1,
       "AnswerId":102815,
       "Answers":[ 
          { 
             "Id":102815,
             "Text":"Google Analytics sẽ không theo dõi được các hành động của user đó"
          },
          { 
             "Id":102816,
             "Text":"Tất cả các đáp án đều sai"
          },
          { 
             "Id":102817,
             "Text":"Google Analytics vẫn theo dõi được các hành động của user đó"
          },
          { 
             "Id":102818,
             "Text":"Google Analytics vẫn theo dõi được các hành động của user đó nhưng không ổn định"
          }
       ]
    },
    { 
       "Id":24783,
       "Text":"Sản phẩm Google Analytics được xây dựng từ hệ thống phân tích website của công ty Urchin?",
       "Marks":1,
       "AnswerId":102819,
       "Answers":[ 
          { 
             "Id":102819,
             "Text":"Đúng"
          },
          { 
             "Id":102820,
             "Text":"Sai"
          }
       ]
    },
    { 
       "Id":24784,
       "Text":"Bằng việc tích hợp với ____, bạn có thể theo dõi được chất lượng của website và tỷ lệ chuyển đổi thành khách hàng online",
       "Marks":1,
       "AnswerId":102821,
       "Answers":[ 
          { 
             "Id":102821,
             "Text":"Google Analytics"
          },
          { 
             "Id":102822,
             "Text":"AdWords"
          },
          { 
             "Id":102823,
             "Text":"Tất cả các đáp án đều sai"
          },
          { 
             "Id":102824,
             "Text":"AdSense"
          }
       ]
    },
    { 
       "Id":24785,
       "Text":"Việc thiết lập tài khoản Google Analytics là một việc:",
       "Marks":1,
       "AnswerId":102828,
       "Answers":[ 
          { 
             "Id":102825,
             "Text":"Tất cả các đáp án đều sai"
          },
          { 
             "Id":102826,
             "Text":"sẽ phải trả tiền cho đại lý của Google"
          },
          { 
             "Id":102827,
             "Text":"sẽ phải trả tiền cho Google"
          },
          { 
             "Id":102828,
             "Text":"không hề bị mất tiền"
          }
       ]
    },
    { 
       "Id":24786,
       "Text":"Nếu một user sử dụng trình duyệt đã bị tắt Cookies, vậy thì:",
       "Marks":1,
       "AnswerId":102832,
       "Answers":[ 
          { 
             "Id":102829,
             "Text":"Tất cả các đáp án đều sai"
          },
          { 
             "Id":102830,
             "Text":"Google Analytics vẫn theo dõi được các hành động của user đó nhưng không ổn định"
          },
          { 
             "Id":102831,
             "Text":"Google Analytics vẫn theo dõi được các hành động của user đó"
          },
          { 
             "Id":102832,
             "Text":"Google Analytics sẽ không theo dõi được các hành động của user đó"
          }
       ]
    },
    { 
       "Id":24787,
       "Text":"Chúng ta sẽ sử dụng cái gì để login vào hệ thống Google Analytics?",
       "Marks":1,
       "AnswerId":102836,
       "Answers":[ 
          { 
             "Id":102833,
             "Text":"Tất cả các đáp án đều sai"
          },
          { 
             "Id":102834,
             "Text":"Tài sản (Property)"
          },
          { 
             "Id":102835,
             "Text":"Người dùng (User)"
          },
          { 
             "Id":102836,
             "Text":"Tài khoản (Account)"
          }
       ]
    },
    { 
       "Id":24788,
       "Text":"Làm cách nào để biết được từ khóa nào là đáng giá hay không đáng giá đối với bạn?",
       "Marks":1,
       "AnswerId":102838,
       "Answers":[ 
          { 
             "Id":102837,
             "Text":"Sử dụng báo cáo lưu lượng (Over-lay Report)"
          },
          { 
             "Id":102838,
             "Text":"Sử dụng báo cáo từ khóa (Keyword report)"
          },
          { 
             "Id":102839,
             "Text":"Sử dụng báo cáo về những nội dung đứng đầu (Top Content)"
          },
          { 
             "Id":102840,
             "Text":"Sử dụng báo cáo nguồn lưu lượng (Traffic Source Report)"
          }
       ]
    },
    { 
       "Id":24789,
       "Text":"Thông tin về địa chỉ IP của người sử dụng cũng được Google Analytics thu thập?",
       "Marks":1,
       "AnswerId":102841,
       "Answers":[ 
          { 
             "Id":102841,
             "Text":"Đúng"
          },
          { 
             "Id":102842,
             "Text":"Sai"
          }
       ]
    },
    { 
       "Id":24790,
       "Text":"Google Analytics hoạt động được dựa trên công nghệ gì?",
       "Marks":1,
       "AnswerId":102844,
       "Answers":[ 
          { 
             "Id":102843,
             "Text":"XML và HTML"
          },
          { 
             "Id":102844,
             "Text":"Cookies và Java Scripts"
          },
          { 
             "Id":102845,
             "Text":"Cookies và XML"
          },
          { 
             "Id":102846,
             "Text":"Java Scripts và XML"
          }
       ]
    }
 ]