[ 
    { 
       "Id":26050,
       "Text":"Công ty nào đã mua lại Sun microsystem?",
       "Marks":1,
       "AnswerId":107895,
       "Answers":[ 
          { 
             "Id":107891,
             "Text":"ibm"
          },
          { 
             "Id":107892,
             "Text":"apple"
          },
          { 
             "Id":107893,
             "Text":"yahoo"
          },
          { 
             "Id":107894,
             "Text":"google"
          },
          { 
             "Id":107895,
             "Text":"oracle"
          },
          { 
             "Id":107896,
             "Text":"microsoft"
          }
       ]
    },
    { 
       "Id":26051,
       "Text":"Kiểu nào không phải là kiểu nguyên thủy của Java?",
       "Marks":1,
       "AnswerId":107899,
       "Answers":[ 
          { 
             "Id":107897,
             "Text":"byte"
          },
          { 
             "Id":107898,
             "Text":"double"
          },
          { 
             "Id":107899,
             "Text":"String"
          },
          { 
             "Id":107900,
             "Text":"boolean"
          },
          { 
             "Id":107901,
             "Text":"float"
          }
       ]
    },
    { 
       "Id":26052,
       "Text":"Từ khóa nào không phải Java keyword?",
       "Marks":1,
       "AnswerId":107904,
       "Answers":[ 
          { 
             "Id":107902,
             "Text":"import"
          },
          { 
             "Id":107903,
             "Text":"float"
          },
          { 
             "Id":107904,
             "Text":"Private"
          },
          { 
             "Id":107905,
             "Text":"this"
          },
          { 
             "Id":107906,
             "Text":"package"
          },
          { 
             "Id":107907,
             "Text":"int"
          }
       ]
    },
    { 
       "Id":26053,
       "Text":"Kết quả của lệnh 34/4?",
       "Marks":1,
       "AnswerId":107908,
       "Answers":[ 
          { 
             "Id":107908,
             "Text":"6"
          },
          { 
             "Id":107909,
             "Text":"8.5"
          },
          { 
             "Id":107910,
             "Text":"8"
          },
          { 
             "Id":107911,
             "Text":"7"
          },
          { 
             "Id":107912,
             "Text":"9"
          }
       ]
    },
    { 
       "Id":26054,
       "Text":"Có thể có bao nhiêu lựa chọn khi sử dụng lệnh if-else?",
       "Marks":1,
       "AnswerId":107914,
       "Answers":[ 
          { 
             "Id":107913,
             "Text":"1"
          },
          { 
             "Id":107914,
             "Text":"2"
          },
          { 
             "Id":107915,
             "Text":"6"
          },
          { 
             "Id":107916,
             "Text":"3"
          },
          { 
             "Id":107917,
             "Text":"4"
          },
          { 
             "Id":107918,
             "Text":"5"
          }
       ]
    },
    { 
       "Id":26055,
       "Text":"Đánh giá (true hoặc false) cho mỗi biểu thức sau đây: 14 \u003c= 14 14 \u003c 14 -9 \u003e -25 -25 \u003e -9",
       "Marks":1,
       "AnswerId":107924,
       "Answers":[ 
          { 
             "Id":107919,
             "Text":"true false true true"
          },
          { 
             "Id":107920,
             "Text":"true true true true"
          },
          { 
             "Id":107921,
             "Text":"true false false false"
          },
          { 
             "Id":107922,
             "Text":"false true true true"
          },
          { 
             "Id":107923,
             "Text":"false false true true"
          },
          { 
             "Id":107924,
             "Text":"true false true false"
          }
       ]
    },
    { 
       "Id":26056,
       "Text":"Để có thể chạy được java trên máy, chúng ta phải cài đặt phần mềm nào?",
       "Marks":1,
       "AnswerId":107927,
       "Answers":[ 
          { 
             "Id":107925,
             "Text":"GCC"
          },
          { 
             "Id":107926,
             "Text":"C++ compiler"
          },
          { 
             "Id":107927,
             "Text":"JDK"
          },
          { 
             "Id":107928,
             "Text":".NET Framework"
          },
          { 
             "Id":107929,
             "Text":"Python"
          },
          { 
             "Id":107930,
             "Text":"PHP"
          }
       ]
    },
    { 
       "Id":26057,
       "Text":"Khối lệnh sau sẽ in ra màn hình cái gì?int sum = 21;if ( sum != 20 ) System.out.print(\"You win \");else System.out.print(\"You lose \");System.out.println(\"the prize.\");",
       "Marks":1,
       "AnswerId":107934,
       "Answers":[ 
          { 
             "Id":107931,
             "Text":"You win"
          },
          { 
             "Id":107932,
             "Text":"You lose"
          },
          { 
             "Id":107933,
             "Text":"You lose the prize."
          },
          { 
             "Id":107934,
             "Text":"You win the prize."
          }
       ]
    },
    { 
       "Id":26058,
       "Text":"Phương án nào là định danh Java (Java Identifier) hợp lệ?",
       "Marks":1,
       "AnswerId":107938,
       "Answers":[ 
          { 
             "Id":107935,
             "Text":"4a"
          },
          { 
             "Id":107936,
             "Text":"#44"
          },
          { 
             "Id":107937,
             "Text":"--a"
          },
          { 
             "Id":107938,
             "Text":"applet"
          },
          { 
             "Id":107939,
             "Text":"4a4b"
          },
          { 
             "Id":107940,
             "Text":"a++"
          }
       ]
    },
    { 
       "Id":26059,
       "Text":"Khối lệnh sau sẽ in ra màn hình cái gì?int sum = 14;if ( sum \u003c 20 ) System.out.print(\"Under \");else System.out.print(\"Over \");System.out.println(\"the limit.\");",
       "Marks":1,
       "AnswerId":107941,
       "Answers":[ 
          { 
             "Id":107941,
             "Text":"Under the limit."
          },
          { 
             "Id":107942,
             "Text":"Over the limit."
          },
          { 
             "Id":107943,
             "Text":"Over"
          },
          { 
             "Id":107944,
             "Text":"Under"
          }
       ]
    },
    { 
       "Id":26060,
       "Text":"Kiểu dữ liệu nào không phải kiểu dữ liệu nguyên thủy trong Java?",
       "Marks":1,
       "AnswerId":107949,
       "Answers":[ 
          { 
             "Id":107945,
             "Text":"long"
          },
          { 
             "Id":107946,
             "Text":"int"
          },
          { 
             "Id":107947,
             "Text":"byte"
          },
          { 
             "Id":107948,
             "Text":"boolean"
          },
          { 
             "Id":107949,
             "Text":"object"
          },
          { 
             "Id":107950,
             "Text":"float"
          }
       ]
    },
    { 
       "Id":26061,
       "Text":"Kiểu dữ liệu nào chỉ bao gồm 2 giá trị true và false?",
       "Marks":1,
       "AnswerId":107953,
       "Answers":[ 
          { 
             "Id":107951,
             "Text":"char"
          },
          { 
             "Id":107952,
             "Text":"long"
          },
          { 
             "Id":107953,
             "Text":"boolean"
          },
          { 
             "Id":107954,
             "Text":"int"
          },
          { 
             "Id":107955,
             "Text":"float"
          }
       ]
    },
    { 
       "Id":26062,
       "Text":"Escape sequence nào được sử dụng để hiển thị ký tự Tab?",
       "Marks":1,
       "AnswerId":107957,
       "Answers":[ 
          { 
             "Id":107956,
             "Text":"\\b"
          },
          { 
             "Id":107957,
             "Text":"\\t"
          },
          { 
             "Id":107958,
             "Text":"\\\u0027\u0027"
          },
          { 
             "Id":107959,
             "Text":"\\ddd"
          },
          { 
             "Id":107960,
             "Text":"\\n"
          },
          { 
             "Id":107961,
             "Text":"\\\u0027"
          }
       ]
    },
    { 
       "Id":26063,
       "Text":"Hãy cho biết kết quả hiển thị trên màn hình sau khi chạy chương trình sau:public static void main(String[] args) { double x,y; int i; x = 10.0; y = 3.0; i = (int)(x/y); System.out.println(\"i=\" + i); }",
       "Marks":1,
       "AnswerId":107967,
       "Answers":[ 
          { 
             "Id":107962,
             "Text":"i=4"
          },
          { 
             "Id":107963,
             "Text":"i=1"
          },
          { 
             "Id":107964,
             "Text":"i=5"
          },
          { 
             "Id":107965,
             "Text":"i=2"
          },
          { 
             "Id":107966,
             "Text":"i=6"
          },
          { 
             "Id":107967,
             "Text":"i=3"
          }
       ]
    },
    { 
       "Id":26064,
       "Text":"Kiểu số thực có độ rộng bao nhiêu bit?",
       "Marks":1,
       "AnswerId":107970,
       "Answers":[ 
          { 
             "Id":107968,
             "Text":"8"
          },
          { 
             "Id":107969,
             "Text":"18"
          },
          { 
             "Id":107970,
             "Text":"32"
          },
          { 
             "Id":107971,
             "Text":"10"
          },
          { 
             "Id":107972,
             "Text":"16"
          },
          { 
             "Id":107973,
             "Text":"12"
          }
       ]
    },
    { 
       "Id":26065,
       "Text":"Hãy cho biến kết quả sau khi chạy chương trình sau:public static void main(String[] args) { int n,d; n = 10; d = 0; if (d!=0 \u0026\u0026 (n%d) == 0) { System.out.println(n + \"chia het cho \" + d ); } else if (d==0) { System.out.println(\"Khong the thuc hien phia chi",
       "Marks":1,
       "AnswerId":107976,
       "Answers":[ 
          { 
             "Id":107974,
             "Text":"Chương trình hiển thị lên màn hình kết quả \"n chia het cho 0\""
          },
          { 
             "Id":107975,
             "Text":"Chương trình báo lỗi khi biên dịch"
          },
          { 
             "Id":107976,
             "Text":"Chương trình hiển thị lên màn hình kết quả \"Khong the thuc hien phia chia cho 0\""
          },
          { 
             "Id":107977,
             "Text":"Chương trình hiển thị lên màn hình kết quả \"n chia het cho d\""
          }
       ]
    },
    { 
       "Id":26066,
       "Text":"Để khai báo hằng số cho biến kiểu long, cách thức khai báo nào sau đây là đúng?",
       "Marks":1,
       "AnswerId":107981,
       "Answers":[ 
          { 
             "Id":107978,
             "Text":"long i = 12k;"
          },
          { 
             "Id":107979,
             "Text":"long i = 12i;"
          },
          { 
             "Id":107980,
             "Text":"long i = 12f;"
          },
          { 
             "Id":107981,
             "Text":"long i = 12L;"
          },
          { 
             "Id":107982,
             "Text":"long i = 12M;"
          }
       ]
    },
    { 
       "Id":26067,
       "Text":"Kiểu byte có kích thước bao nhiêu bit?",
       "Marks":1,
       "AnswerId":107983,
       "Answers":[ 
          { 
             "Id":107983,
             "Text":"8"
          },
          { 
             "Id":107984,
             "Text":"18"
          },
          { 
             "Id":107985,
             "Text":"20"
          },
          { 
             "Id":107986,
             "Text":"16"
          },
          { 
             "Id":107987,
             "Text":"10"
          },
          { 
             "Id":107988,
             "Text":"12"
          }
       ]
    },
    { 
       "Id":26068,
       "Text":"Hãy cho biến kết quả sau khi chạy chương trình sau:public static void main(String[] args) { int n,d; n = 10; d = 0; if (d!=0 \u0026 (n%d) == 0) { System.out.println(n + \"chia het cho \" + d ); } else if (d==0) { System.out.println(\"Khong the thuc hien phia chia",
       "Marks":1,
       "AnswerId":107990,
       "Answers":[ 
          { 
             "Id":107989,
             "Text":"Chương trình hiển thị lên màn hình kết quả \"Khong the thuc hien phia chia cho 0\""
          },
          { 
             "Id":107990,
             "Text":"Chương trình báo lỗi khi biên dịch"
          },
          { 
             "Id":107991,
             "Text":"Chương trình hiển thị lên màn hình kết quả \"n chia het cho d\""
          },
          { 
             "Id":107992,
             "Text":"Chương trình hiển thị lên màn hình kết quả \"n chia het cho 0\""
          }
       ]
    },
    { 
       "Id":26069,
       "Text":"Hãy cho biết giá trị của biến y sau khi chạy chương trình sau đây: public static void main(String[] args) { int x = 10; int y = ++x; System.out.println(\"y=\"+y); }",
       "Marks":1,
       "AnswerId":107997,
       "Answers":[ 
          { 
             "Id":107993,
             "Text":"13"
          },
          { 
             "Id":107994,
             "Text":"10"
          },
          { 
             "Id":107995,
             "Text":"12"
          },
          { 
             "Id":107996,
             "Text":"15"
          },
          { 
             "Id":107997,
             "Text":"11"
          },
          { 
             "Id":107998,
             "Text":"14"
          }
       ]
    },
    { 
       "Id":26070,
       "Text":"Lệnh nào được sử dụng để nhập ký tự từ bàn phím?",
       "Marks":1,
       "AnswerId":108000,
       "Answers":[ 
          { 
             "Id":107999,
             "Text":"System.in.reading()"
          },
          { 
             "Id":108000,
             "Text":"System.in.read()"
          },
          { 
             "Id":108001,
             "Text":"System.input.read()"
          },
          { 
             "Id":108002,
             "Text":"System.out.reading()"
          },
          { 
             "Id":108003,
             "Text":"System.out.read()"
          }
       ]
    },
    { 
       "Id":26071,
       "Text":"Giá trị của x sau khi đoạn code sau được thi hành? int x = 10, y = 20; while (y \u003c 100) { x += y; }",
       "Marks":1,
       "AnswerId":108005,
       "Answers":[ 
          { 
             "Id":108004,
             "Text":"120"
          },
          { 
             "Id":108005,
             "Text":"Đây là vòng lặp vô hạn"
          },
          { 
             "Id":108006,
             "Text":"80"
          },
          { 
             "Id":108007,
             "Text":"100"
          },
          { 
             "Id":108008,
             "Text":"90"
          },
          { 
             "Id":108009,
             "Text":"110"
          }
       ]
    },
    { 
       "Id":26072,
       "Text":"switch(x) { default: System.out.println(\"Hello\"); }Chọn 2 giá trị chấp nhận được cho x?1. byte2. long3. char4. float5. short6. long",
       "Marks":1,
       "AnswerId":108010,
       "Answers":[ 
          { 
             "Id":108010,
             "Text":"1 và 3"
          },
          { 
             "Id":108011,
             "Text":"2 và 4"
          },
          { 
             "Id":108012,
             "Text":"3 và 5"
          },
          { 
             "Id":108013,
             "Text":"4 và 6"
          }
       ]
    },
    { 
       "Id":26073,
       "Text":"Hãy cho biết giá trị được hiển thị trên màn hình console sau khi thực hiện đoạn code sau: int x = 10; for( x = 1; x \u003c= 5; x++) { System.out.print(x + \",\"); } System.out.println(x);",
       "Marks":1,
       "AnswerId":108017,
       "Answers":[ 
          { 
             "Id":108014,
             "Text":"10,10,10,10,10,10"
          },
          { 
             "Id":108015,
             "Text":"10,11,12,13,14,15"
          },
          { 
             "Id":108016,
             "Text":"6,6,6,6,6,6"
          },
          { 
             "Id":108017,
             "Text":"1,2,3,4,5,6"
          },
          { 
             "Id":108018,
             "Text":"1,1,1,1,1,1"
          },
          { 
             "Id":108019,
             "Text":"16,16,16,16,16,16"
          }
       ]
    },
    { 
       "Id":26074,
       "Text":"Vòng lặp nào được thực thi tốt thiểu 1 lần?",
       "Marks":1,
       "AnswerId":108023,
       "Answers":[ 
          { 
             "Id":108020,
             "Text":"for"
          },
          { 
             "Id":108021,
             "Text":"if else"
          },
          { 
             "Id":108022,
             "Text":"while"
          },
          { 
             "Id":108023,
             "Text":"do while"
          },
          { 
             "Id":108024,
             "Text":"if"
          }
       ]
    },
    { 
       "Id":26075,
       "Text":"Câu lệnh sau sai ở đâu?for (int k=2,k\u003c=12,k++)",
       "Marks":1,
       "AnswerId":108025,
       "Answers":[ 
          { 
             "Id":108025,
             "Text":"Dấu phẩy phải thay bằng dấu chấm phẩy"
          },
          { 
             "Id":108026,
             "Text":"Toán tử tăng phải là ++k"
          },
          { 
             "Id":108027,
             "Text":"Phải có dấu chấm phẩy ở cuối lệnh"
          },
          { 
             "Id":108028,
             "Text":"Biến sử dụng cho lệnh for phải có tên là i"
          }
       ]
    },
    { 
       "Id":26076,
       "Text":"public void test(int x) { int odd = 1; if(odd) /* Line 4 */ { System.out.println(\"odd\"); } else { System.out.println(\"even\"); } }Câu nào là đúng?",
       "Marks":1,
       "AnswerId":108031,
       "Answers":[ 
          { 
             "Id":108029,
             "Text":"Luôn hiển thị \"odd\" trên màn hình"
          },
          { 
             "Id":108030,
             "Text":"Luôn hiển thị \"even\" trên màn hình"
          },
          { 
             "Id":108031,
             "Text":"Có lỗi khi biên dịch"
          },
          { 
             "Id":108032,
             "Text":"\"odd\" được hiển thị nếu x là số lẻ, \"even\" nếu x là số chẵn"
          }
       ]
    },
    { 
       "Id":26077,
       "Text":"Cho biết kết quả thực hiện của đoạn chương trình sau?for(int i=1; i\u003c15; i=i+3) { System.out.print(i);}",
       "Marks":1,
       "AnswerId":108036,
       "Answers":[ 
          { 
             "Id":108033,
             "Text":"15"
          },
          { 
             "Id":108034,
             "Text":"1"
          },
          { 
             "Id":108035,
             "Text":"47101316"
          },
          { 
             "Id":108036,
             "Text":"1471013"
          },
          { 
             "Id":108037,
             "Text":"147101516"
          }
       ]
    },
    { 
       "Id":26078,
       "Text":"Trong vòng lặp while, biểu thức điều kiện kiểu Boolean được kiểm tra khi nào?",
       "Marks":1,
       "AnswerId":108038,
       "Answers":[ 
          { 
             "Id":108038,
             "Text":"Trước khi vòng loop được thi hành"
          },
          { 
             "Id":108039,
             "Text":"Sau khi vòng loop được thi hành"
          },
          { 
             "Id":108040,
             "Text":"Cả trước và sau khi vòng lặp được thi hành"
          },
          { 
             "Id":108041,
             "Text":"Không bao giờ được kiểm tra"
          }
       ]
    },
    { 
       "Id":26079,
       "Text":"Vòng lặp nào xử lý điều kiện kiểm tra ở cuối vòng lặp?",
       "Marks":1,
       "AnswerId":108044,
       "Answers":[ 
          { 
             "Id":108042,
             "Text":"for"
          },
          { 
             "Id":108043,
             "Text":"switch"
          },
          { 
             "Id":108044,
             "Text":"do while"
          },
          { 
             "Id":108045,
             "Text":"Không vòng lặp nào xử lý điều kiện kiểm tra ở cuối vòng lặp"
          },
          { 
             "Id":108046,
             "Text":"while"
          }
       ]
    },
    { 
       "Id":26080,
       "Text":"Biến đối tượng lưu trữ?",
       "Marks":1,
       "AnswerId":108048,
       "Answers":[ 
          { 
             "Id":108047,
             "Text":"Lớp"
          },
          { 
             "Id":108048,
             "Text":"Tham chiếu đến đối tượng"
          },
          { 
             "Id":108049,
             "Text":"Số nguyên"
          },
          { 
             "Id":108050,
             "Text":"Số thực"
          },
          { 
             "Id":108051,
             "Text":"Ký tự"
          }
       ]
    },
    { 
       "Id":26081,
       "Text":"Điều gì xảy ra sau khi thi hành lệnh sau:Automobile car = new Automobile(1);",
       "Marks":1,
       "AnswerId":108052,
       "Answers":[ 
          { 
             "Id":108052,
             "Text":"Một đối tượng kiểu Automobile được tạo"
          },
          { 
             "Id":108053,
             "Text":"Một đối tượng kiểu Automobile được khai báo nhưng không được tạo"
          },
          { 
             "Id":108054,
             "Text":"Một hàm tạo chấp nhận tham số kiểu string trong lớp Automobile được gọi"
          },
          { 
             "Id":108055,
             "Text":"Hàm tạo mặc định của lớp Automobile được gọi"
          }
       ]
    },
    { 
       "Id":26082,
       "Text":"Chọn định nghĩa chính xác nhất về đối tượng?",
       "Marks":1,
       "AnswerId":108057,
       "Answers":[ 
          { 
             "Id":108056,
             "Text":"Thức ăn"
          },
          { 
             "Id":108057,
             "Text":"Thể hiện của một lớp"
          },
          { 
             "Id":108058,
             "Text":"Quần áo"
          },
          { 
             "Id":108059,
             "Text":"Một thứ gì đó"
          },
          { 
             "Id":108060,
             "Text":"Sách"
          }
       ]
    },
    { 
       "Id":26083,
       "Text":"Khi một đối tượng không còn được biến tham chiếu nào trỏ tới,điều gì sẽ xảy ra?",
       "Marks":1,
       "AnswerId":108063,
       "Answers":[ 
          { 
             "Id":108061,
             "Text":"Nó sẽ được gửi tới Dumpster"
          },
          { 
             "Id":108062,
             "Text":"Nó sẽ được gửi tới Dump"
          },
          { 
             "Id":108063,
             "Text":"garbage collector sẽ giải phóng bộ nhớ không cần thiết để dùng cho các đối tượng khác"
          },
          { 
             "Id":108064,
             "Text":"Nó tồn tại trong bộ nhớ mãi mãi"
          }
       ]
    },
    { 
       "Id":26084,
       "Text":"Xem đoạn code sau:void start() { A a = new A(); B b = new B(); /*Dòng 3*/ a.s(b); b = null; /* Dòng 5 */ a = null; /* Dòng 6 */ System.out.println(\"start completed\"); /* Dòng 7 */} Sau khi đối tượng B được tạo ở dòng 3, khi nào garbage sẽ cân nhắc hủy đối",
       "Marks":1,
       "AnswerId":108068,
       "Answers":[ 
          { 
             "Id":108065,
             "Text":"Sau dòng 5"
          },
          { 
             "Id":108066,
             "Text":"Sau dòng 7"
          },
          { 
             "Id":108067,
             "Text":"Sau dòng 6"
          },
          { 
             "Id":108068,
             "Text":"Không có cách nào biết được chắc chắn"
          },
          { 
             "Id":108069,
             "Text":"Sau dòng 3"
          }
       ]
    },
    { 
       "Id":26085,
       "Text":"Từ khóa nào được sử dụng để tạo mới đối tượng?",
       "Marks":1,
       "AnswerId":108074,
       "Answers":[ 
          { 
             "Id":108070,
             "Text":"finalize"
          },
          { 
             "Id":108071,
             "Text":"new()"
          },
          { 
             "Id":108072,
             "Text":"this"
          },
          { 
             "Id":108073,
             "Text":"sync"
          },
          { 
             "Id":108074,
             "Text":"new"
          }
       ]
    },
    { 
       "Id":26086,
       "Text":"Mục đích của hàm tạo (constructor) của lớp là gì?",
       "Marks":1,
       "AnswerId":108076,
       "Answers":[ 
          { 
             "Id":108075,
             "Text":"Tạo tên phương thức"
          },
          { 
             "Id":108076,
             "Text":"Khởi tạo một đối tượng khi nó được gọi"
          },
          { 
             "Id":108077,
             "Text":"Là công cụ của garbage collection"
          },
          { 
             "Id":108078,
             "Text":"Dọn dẹp bộ nhớ không cần thiết"
          }
       ]
    },
    { 
       "Id":26087,
       "Text":"Toán tử nào được sử dụng để gọi hàm tạo của lớp và tạo mới một đối tượng?",
       "Marks":1,
       "AnswerId":108083,
       "Answers":[ 
          { 
             "Id":108079,
             "Text":"*"
          },
          { 
             "Id":108080,
             "Text":"+"
          },
          { 
             "Id":108081,
             "Text":"-"
          },
          { 
             "Id":108082,
             "Text":"instanceof"
          },
          { 
             "Id":108083,
             "Text":"new"
          }
       ]
    },
    { 
       "Id":26088,
       "Text":"Từ khóa nào giúp cho chúng ta có thể tham chiếu tới lớp và rất tiện lợi khi cần truy cập các biến và phương thức trong lớp?",
       "Marks":1,
       "AnswerId":108085,
       "Answers":[ 
          { 
             "Id":108084,
             "Text":"sync"
          },
          { 
             "Id":108085,
             "Text":"this"
          },
          { 
             "Id":108086,
             "Text":"new"
          },
          { 
             "Id":108087,
             "Text":"finalize"
          },
          { 
             "Id":108088,
             "Text":"new()"
          }
       ]
    },
    { 
       "Id":26089,
       "Text":"Kiểm tra khai báo sau:String strA;String strB = new String(\"Cheese\");Bao nhiêu đối tượng được tạo?",
       "Marks":1,
       "AnswerId":108091,
       "Answers":[ 
          { 
             "Id":108089,
             "Text":"4"
          },
          { 
             "Id":108090,
             "Text":"5"
          },
          { 
             "Id":108091,
             "Text":"1"
          },
          { 
             "Id":108092,
             "Text":"3"
          },
          { 
             "Id":108093,
             "Text":"6"
          },
          { 
             "Id":108094,
             "Text":"2"
          }
       ]
    },
    { 
       "Id":26090,
       "Text":"Kết quả nào được hiển thị trên màn hình sau khi chạy đoạn lệnh sau:String strA = new String(\"Roasted \");String strB = new String(\"Acorns \");strA = strB;System.out.print ( strA );System.out.println( strB );",
       "Marks":1,
       "AnswerId":108097,
       "Answers":[ 
          { 
             "Id":108095,
             "Text":"Roasted Roasted"
          },
          { 
             "Id":108096,
             "Text":"Acorns Roasted"
          },
          { 
             "Id":108097,
             "Text":"Acorns Acorns"
          },
          { 
             "Id":108098,
             "Text":"Roasted Acorns"
          }
       ]
    },
    { 
       "Id":26091,
       "Text":"Kết quả hiển thị trên màn hình sau khi thực thi đoạn lệnh sau?int[] ar = {2, 4, 6, 8 };ar[0] = 23;ar[3] = ar[1];System.out.println( ar[0] + \" \" + ar[3] );",
       "Marks":1,
       "AnswerId":108100,
       "Answers":[ 
          { 
             "Id":108099,
             "Text":"2 6"
          },
          { 
             "Id":108100,
             "Text":"23 4"
          },
          { 
             "Id":108101,
             "Text":"23 2"
          },
          { 
             "Id":108102,
             "Text":"2 8"
          },
          { 
             "Id":108103,
             "Text":"31"
          }
       ]
    },
    { 
       "Id":26092,
       "Text":"Khai báo mảng 2 chiều như sau:double[][] things = { {1.2, 9.0}, {9.2, 0.5, 0.0}, {7.3, 7.9, 1.2, 3.9} } ;Hãy cho biết giá trị của things[2].length?",
       "Marks":1,
       "AnswerId":108104,
       "Answers":[ 
          { 
             "Id":108104,
             "Text":"4"
          },
          { 
             "Id":108105,
             "Text":"3"
          },
          { 
             "Id":108106,
             "Text":"9"
          },
          { 
             "Id":108107,
             "Text":"2"
          },
          { 
             "Id":108108,
             "Text":"10"
          }
       ]
    },
    { 
       "Id":26093,
       "Text":"Khai báo mảng 2 chiều như sau:int[][] items = { {0, 1, 3, 4}, {4, 3, 99, 0, 7 }, {3, 2} } ;Lệnh nào dùng để thay thế giá trị 99 bằng giá trị 77?",
       "Marks":1,
       "AnswerId":108111,
       "Answers":[ 
          { 
             "Id":108109,
             "Text":"items[2][1] = 77;"
          },
          { 
             "Id":108110,
             "Text":"items[2][3] = 77;"
          },
          { 
             "Id":108111,
             "Text":"items[1][2] = 77;"
          },
          { 
             "Id":108112,
             "Text":"items[ 99 ] = 77;"
          }
       ]
    },
    { 
       "Id":26094,
       "Text":"Lệnh nào dùng để gọi phương thức length của xâu str và lưu trữ kết quả trong biến val?",
       "Marks":1,
       "AnswerId":108114,
       "Answers":[ 
          { 
             "Id":108113,
             "Text":"val = length.str();"
          },
          { 
             "Id":108114,
             "Text":"val = str.length();"
          },
          { 
             "Id":108115,
             "Text":"val = length(str);"
          },
          { 
             "Id":108116,
             "Text":"val = length().str;"
          }
       ]
    },
    { 
       "Id":26095,
       "Text":"Kết quả nào được hiển thị trên màn hình sau khi chạy đoạn lệnh sau:String strA = new String(\"Roasted \");String strB = new String(\"Acorns \");strA = strB;if ( strA == strB ) system.out.println(\"Two copies of a reference.\");else system.out.println(\"Two diffe",
       "Marks":1,
       "AnswerId":108120,
       "Answers":[ 
          { 
             "Id":108117,
             "Text":"Two copies of a reference.Two different references."
          },
          { 
             "Id":108118,
             "Text":"Two different references."
          },
          { 
             "Id":108119,
             "Text":"Roasted Acorn references."
          },
          { 
             "Id":108120,
             "Text":"Two copies of a reference."
          }
       ]
    },
    { 
       "Id":26096,
       "Text":"Nếu chúng ta khai báo một mảng như sau:int [ ] nums = {8, 12, 23, 4, 15};Lệnh nào dùng để hiển thị giá trị phần tử đầu tiên của mảng?",
       "Marks":1,
       "AnswerId":108123,
       "Answers":[ 
          { 
             "Id":108121,
             "Text":"System.out.print(\"The number is : \" + nums[1]);"
          },
          { 
             "Id":108122,
             "Text":"System.out.print(\"The number is : \" + nums[2]);"
          },
          { 
             "Id":108123,
             "Text":"System.out.print(\"The number is : \" + nums[0]);"
          },
          { 
             "Id":108124,
             "Text":"System.out.print(\"The number is : \" + nums);"
          },
          { 
             "Id":108125,
             "Text":"System.out.print(\"The number is : \" + nums[8]);"
          }
       ]
    },
    { 
       "Id":26097,
       "Text":"Nếu chúng ta khai báo một mảng như sau:int [ ] ar = {1,2,3,4,5,6};Cỡ của mảng là bao nhiêu?",
       "Marks":1,
       "AnswerId":108126,
       "Answers":[ 
          { 
             "Id":108126,
             "Text":"6"
          },
          { 
             "Id":108127,
             "Text":"8"
          },
          { 
             "Id":108128,
             "Text":"0"
          },
          { 
             "Id":108129,
             "Text":"5"
          },
          { 
             "Id":108130,
             "Text":"7"
          }
       ]
    },
    { 
       "Id":26098,
       "Text":"Câu nào là đúng về mảng?",
       "Marks":1,
       "AnswerId":108132,
       "Answers":[ 
          { 
             "Id":108131,
             "Text":"Phần tử đầu tiên của mảng có chỉ số là 1"
          },
          { 
             "Id":108132,
             "Text":"Các giá trị trong mảng có cùng kiểu dữ liệu"
          },
          { 
             "Id":108133,
             "Text":"Không thể truy cập đến phần tử trong mảng sử dụng chỉ số"
          },
          { 
             "Id":108134,
             "Text":"Phần tử cuối cùng của mảng có chỉ số là length"
          }
       ]
    },
    { 
       "Id":26099,
       "Text":"Kết quả nào được hiển thị trên màn hình sau khi chạy đoạn lệnh sau:String strA;String strB = new String(\"Cheese\");System.out.print ( strB );strA = new String(\" Whizz\");System.out.println( strA );",
       "Marks":1,
       "AnswerId":108137,
       "Answers":[ 
          { 
             "Id":108135,
             "Text":"Whizz"
          },
          { 
             "Id":108136,
             "Text":"Cheese"
          },
          { 
             "Id":108137,
             "Text":"Cheese Whizz"
          },
          { 
             "Id":108138,
             "Text":"Whizz Cheese"
          }
       ]
    },
    { 
       "Id":26100,
       "Text":"Thành viên của lớp được khai báo private có tác dụng gì?",
       "Marks":1,
       "AnswerId":108141,
       "Answers":[ 
          { 
             "Id":108139,
             "Text":"Khi một thành viên của lớp được khai báo private thì nó chỉ được sử dụng bởi một đối tượng của lớp đó, dù có nhiều đối tượng của lớp đó được tạo ra"
          },
          { 
             "Id":108140,
             "Text":"Khi một thành viên của lớp được khai báo private thì nó chỉ được sử dụng tại một vị trí trong chương trình"
          },
          { 
             "Id":108141,
             "Text":"Khi một thành viên của lớp được khai báo private thì nó chỉ được sử dụng tại các phương thức mà là thành viên của lớp này"
          },
          { 
             "Id":108142,
             "Text":"Khi một thành viên của lớp được khai báo private thì nó chỉ được sử dụng bởi các thành viên private khác"
          }
       ]
    },
    { 
       "Id":26101,
       "Text":"Đặc tả truy xuất nào thể hiện là phương thức hoặc biến thành viên của một đối tượng có thể truy cập bởi code ở ngoài đối tượng đó?",
       "Marks":1,
       "AnswerId":108147,
       "Answers":[ 
          { 
             "Id":108143,
             "Text":"final"
          },
          { 
             "Id":108144,
             "Text":"static"
          },
          { 
             "Id":108145,
             "Text":"default"
          },
          { 
             "Id":108146,
             "Text":"private"
          },
          { 
             "Id":108147,
             "Text":"public"
          }
       ]
    },
    { 
       "Id":26102,
       "Text":"Hãy cho biết kết quả sau khi chạy đoạn chương trình sau:int i = 0; public static void main(String args[]) { int i = 1; i = change_i(i); System.out.println(i); } public static int change_i(int i) { i = 2; i *= 2; return i; }",
       "Marks":1,
       "AnswerId":108152,
       "Answers":[ 
          { 
             "Id":108148,
             "Text":"1"
          },
          { 
             "Id":108149,
             "Text":"2"
          },
          { 
             "Id":108150,
             "Text":"3"
          },
          { 
             "Id":108151,
             "Text":"0"
          },
          { 
             "Id":108152,
             "Text":"4"
          }
       ]
    },
    { 
       "Id":26103,
       "Text":"Hãy cho biết kết quả sau khi chạy đoạn chương trình sau: int i[] = {0}; public static void main(String args[]) { int i[] = {1}; change_i(i); System.out.println(i[0]); } public static void change_i(int i[]) { i[0] = 2; i[0] *= 2; }",
       "Marks":1,
       "AnswerId":108153,
       "Answers":[ 
          { 
             "Id":108153,
             "Text":"4"
          },
          { 
             "Id":108154,
             "Text":"2"
          },
          { 
             "Id":108155,
             "Text":"1"
          },
          { 
             "Id":108156,
             "Text":"0"
          },
          { 
             "Id":108157,
             "Text":"3"
          }
       ]
    },
    { 
       "Id":26104,
       "Text":"Bạn muốn hạn chế truy cập đến một phương thức của một lớp public class A sao cho chỉ các thành viên của lớp A mới có thể truy cập đến phương thức này? Đặc tả truy xuất nào đáp ứng được yêu cầu này?",
       "Marks":1,
       "AnswerId":108160,
       "Answers":[ 
          { 
             "Id":108158,
             "Text":"static"
          },
          { 
             "Id":108159,
             "Text":"public"
          },
          { 
             "Id":108160,
             "Text":"private"
          },
          { 
             "Id":108161,
             "Text":"final"
          },
          { 
             "Id":108162,
             "Text":"default"
          }
       ]
    },
    { 
       "Id":26105,
       "Text":"Điều gì xảy ra khi phương thức main() của lớp A cố gắng truy cập một biến thành viên có đặc tả truy xuất là private của một đối tượng của lớp A?",
       "Marks":1,
       "AnswerId":108165,
       "Answers":[ 
          { 
             "Id":108163,
             "Text":"Chương trình sẽ được biên dịch và chạy thành công"
          },
          { 
             "Id":108164,
             "Text":"Chương trình sẽ được biên dịch thành công nhưng khi chạy file .class sẽ không ra kết quả chính xác"
          },
          { 
             "Id":108165,
             "Text":"Trình biên dịch sẽ tìm ra lỗi và không sinh ra file .class"
          },
          { 
             "Id":108166,
             "Text":"Trình biên dịch sẽ tự động thay đổi đặc tả truy xuất của biến từ private thành public"
          }
       ]
    },
    { 
       "Id":26106,
       "Text":"Cho biết kết quả sau khi chạy đoạn code sau:package testpackage;public class Test{public static void main(String args[]){System.out.println(goFigure(60));}public static int goFigure(int x){if (x \u003c 100)x = goFigure(x + 10);return (x - 1);}}",
       "Marks":1,
       "AnswerId":108171,
       "Answers":[ 
          { 
             "Id":108167,
             "Text":"90"
          },
          { 
             "Id":108168,
             "Text":"96"
          },
          { 
             "Id":108169,
             "Text":"99"
          },
          { 
             "Id":108170,
             "Text":"92"
          },
          { 
             "Id":108171,
             "Text":"95"
          }
       ]
    },
    { 
       "Id":26107,
       "Text":"Cho đoạn code sau:class Test{static class C{static int i1;}public static void main(String a[]){System.out.println(Test.C.i1);}}Hãy cho biết kết quả sau khi biên dịch và chạy chương trình?",
       "Marks":1,
       "AnswerId":108173,
       "Answers":[ 
          { 
             "Id":108172,
             "Text":"1"
          },
          { 
             "Id":108173,
             "Text":"0"
          },
          { 
             "Id":108174,
             "Text":"Lỗi khi chạy chương trình"
          },
          { 
             "Id":108175,
             "Text":"Lỗi biên dịch"
          }
       ]
    },
    { 
       "Id":26108,
       "Text":"square numbers được định nghĩa như sau:square(1) = 1square(N) = square(N-1) + 2N -1Theo định nghĩa đó, square(3) được tính như thế nào?",
       "Marks":1,
       "AnswerId":108177,
       "Answers":[ 
          { 
             "Id":108176,
             "Text":"square(3) = square(2) + square(1)"
          },
          { 
             "Id":108177,
             "Text":"square(3) = square(2) + 2*3 -1"
          },
          { 
             "Id":108178,
             "Text":"square(3) = square(2) - 2*3 +1"
          },
          { 
             "Id":108179,
             "Text":"square(3) = square(3) + 2*3 -1"
          }
       ]
    },
    { 
       "Id":26109,
       "Text":"Đây là cấu trúc chung của một phương thứcaccessModifier returnType methodName( parameterList ){ Java statements return returnValue;}Câu nào là đúng đối với accessModifier?",
       "Marks":1,
       "AnswerId":108182,
       "Answers":[ 
          { 
             "Id":108180,
             "Text":"Luôn luôn là private hoặc public"
          },
          { 
             "Id":108181,
             "Text":"accessModifier phải phù hợp với returnType"
          },
          { 
             "Id":108182,
             "Text":"Có thể không có, nhưng nếu có thì có thể có một số giá trị, trong đó có private và public"
          },
          { 
             "Id":108183,
             "Text":"Có thể không có, nhưng nếu có thì phải là kiểu private"
          }
       ]
    },
    { 
       "Id":26110,
       "Text":"Câu nào là đúng đối với sử dụng tham chiếu super trong hàm tạo?",
       "Marks":1,
       "AnswerId":108187,
       "Answers":[ 
          { 
             "Id":108184,
             "Text":"Chỉ một lớp con có thể sử dụng nó"
          },
          { 
             "Id":108185,
             "Text":"super phải sử dụng ở lệnh cuối cùng trong hàm tạo"
          },
          { 
             "Id":108186,
             "Text":"Chỉ có thể sử dụng trong hàm tạo của lớp cha"
          },
          { 
             "Id":108187,
             "Text":"super phải sử dụng ở lệnh đầu tiên trong hàm tạo"
          }
       ]
    },
    { 
       "Id":26111,
       "Text":"Cho đoạn code sau:class Super {public float getNum( ) {return 3.0f;}}public class Sub extends Super {} Phương thức nào đặt sau \u0027public class Sub extends Super {\u0027 sẽ gây ra lỗi khi biên dịch?",
       "Marks":1,
       "AnswerId":108191,
       "Answers":[ 
          { 
             "Id":108188,
             "Text":"public float getNum( ) { return 4.0f; }"
          },
          { 
             "Id":108189,
             "Text":"public double getNum(float d) { return 4.0d; }"
          },
          { 
             "Id":108190,
             "Text":"public void getNum(double d) { }"
          },
          { 
             "Id":108191,
             "Text":"public void getNum( ) { }"
          }
       ]
    },
    { 
       "Id":26112,
       "Text":"Kiểu kế thừa (inheritance) trong Java?",
       "Marks":1,
       "AnswerId":108194,
       "Answers":[ 
          { 
             "Id":108192,
             "Text":"multiple inheritance"
          },
          { 
             "Id":108193,
             "Text":"double inheritance"
          },
          { 
             "Id":108194,
             "Text":"single inheritance"
          },
          { 
             "Id":108195,
             "Text":"Không có kế thừa trong Java"
          }
       ]
    },
    { 
       "Id":26113,
       "Text":"Cho đoạn code sau:class A{public A(int x){}}class B extends A { }public class test{public static void main (String args []){A a = new B();System.out.println(\"complete\");}}Kết quả chạy chương trình như thế nào?",
       "Marks":1,
       "AnswerId":108197,
       "Answers":[ 
          { 
             "Id":108196,
             "Text":"Lỗi khi chạy chương trình"
          },
          { 
             "Id":108197,
             "Text":"Lỗi biên dịch"
          },
          { 
             "Id":108198,
             "Text":"Chương trình chạy mà không hiển thị gì trên cửa sổ kết quả"
          },
          { 
             "Id":108199,
             "Text":"Hiển thị \"complete\""
          }
       ]
    },
    { 
       "Id":26114,
       "Text":"Bao nhiêu đối tượng của một lớp được sinh ra trong một chương trình?",
       "Marks":1,
       "AnswerId":108203,
       "Answers":[ 
          { 
             "Id":108200,
             "Text":"Một đối tượng ứng với một hàm tạo"
          },
          { 
             "Id":108201,
             "Text":"Một đối tượng ứng với phương thức main()"
          },
          { 
             "Id":108202,
             "Text":"Một đối tượng ứng với một lớp"
          },
          { 
             "Id":108203,
             "Text":"Bao nhiêu tùy ý tùy theo yêu cầu của chương trình"
          }
       ]
    },
    { 
       "Id":26115,
       "Text":"Một lớp Animal có một lớp con là Mammal. Câu nào sau đây là đúng?",
       "Marks":1,
       "AnswerId":108205,
       "Answers":[ 
          { 
             "Id":108204,
             "Text":"Bởi vì tính đơn kế thừa, Mammal chỉ có thể có một lớp con"
          },
          { 
             "Id":108205,
             "Text":"Bởi vì tính đơn kế thừa, Mammal không có một lớp cha nào khác ngoài lớp Animal"
          },
          { 
             "Id":108206,
             "Text":"Bởi vì tính đơn kế thừa, Mammal có thể không có lớp con"
          },
          { 
             "Id":108207,
             "Text":"Bởi vì tính đơn kế thừa, Animal chỉ có một lớp con là lớp Mammal"
          }
       ]
    },
    { 
       "Id":26116,
       "Text":"Lớp nào là lớp cha của mọi lớp trong Java?",
       "Marks":1,
       "AnswerId":108209,
       "Answers":[ 
          { 
             "Id":108208,
             "Text":"Root"
          },
          { 
             "Id":108209,
             "Text":"Object"
          },
          { 
             "Id":108210,
             "Text":"Java"
          },
          { 
             "Id":108211,
             "Text":"Class"
          }
       ]
    },
    { 
       "Id":26117,
       "Text":"Một đối tượng có thể là lớp con của một đối tượng khác?",
       "Marks":1,
       "AnswerId":108213,
       "Answers":[ 
          { 
             "Id":108212,
             "Text":"Đúng vậy, miễn là đa thừa kế"
          },
          { 
             "Id":108213,
             "Text":"Không,kế thừa là khái niệm đối với các lớp, không phải là các đối tượng"
          },
          { 
             "Id":108214,
             "Text":"Đúng vậy, miễn là đơn thừa kế"
          },
          { 
             "Id":108215,
             "Text":"Đúng vậy, khi một đối tượng được sử dụng trong hàm tạo của đối tượng khác"
          }
       ]
    },
    { 
       "Id":26118,
       "Text":"Lớp trừu tượng là gì?",
       "Marks":1,
       "AnswerId":108217,
       "Answers":[ 
          { 
             "Id":108216,
             "Text":"Lớp trừu tượng là lớp mà không có lớp con"
          },
          { 
             "Id":108217,
             "Text":"Lớp trừu tượng là lớp mà không thể khởi tạo"
          },
          { 
             "Id":108218,
             "Text":"Lớp trừu tượng là tên khác của \"base class\""
          },
          { 
             "Id":108219,
             "Text":"Lớp trừu tượng là lớp cha mà có nhiều hơn một lớp con"
          }
       ]
    },
    { 
       "Id":26119,
       "Text":"Giả sử chúng ta có 3 lớp: Computer, AsusComputer, DellComputer. Mối quan hệ của 3 class này rất có thể là?",
       "Marks":1,
       "AnswerId":108223,
       "Answers":[ 
          { 
             "Id":108220,
             "Text":"Computer, AsusComputer,DellComputer là các lớp có cùng lớp cha"
          },
          { 
             "Id":108221,
             "Text":"DellComputer là lớp cha, AsusComputer và Computer là lớp con của DellComputer"
          },
          { 
             "Id":108222,
             "Text":"Computer là lớp cha, AsusComputer là lớp con của Computer và DellComputer là lớp con của AsusComputer"
          },
          { 
             "Id":108223,
             "Text":"Computer là lớp cha, AsusComputer và DellComputer là lớp con của Computer"
          }
       ]
    }
 ]