[ 
    { 
       "Id":25740,
       "Text":"Thông thường, cách thức alert() được sử dụng trong các trường hợp nào?",
       "Marks":1,
       "AnswerId":106533,
       "Answers":[ 
          { 
             "Id":106530,
             "Text":"Khi dịch vụ chưa sẵn sàng để truy nhập dữ liệu"
          },
          { 
             "Id":106531,
             "Text":"Đưa ra một thông điệp cảnh báo đến người dùng"
          },
          { 
             "Id":106532,
             "Text":"Kết quả sau khi tính toán không hợp lệ"
          },
          { 
             "Id":106533,
             "Text":"Tất cả các trường hợp đã nêu"
          }
       ]
    },
    { 
       "Id":25741,
       "Text":"Có bao nhiêu cách để nhúng file JavaScript vào một file HTML?",
       "Marks":1,
       "AnswerId":106534,
       "Answers":[ 
          { 
             "Id":106534,
             "Text":"4"
          },
          { 
             "Id":106535,
             "Text":"3"
          },
          { 
             "Id":106536,
             "Text":"1"
          },
          { 
             "Id":106537,
             "Text":"2"
          }
       ]
    },
    { 
       "Id":25742,
       "Text":"JavaScript có giống với Java không?",
       "Marks":1,
       "AnswerId":106538,
       "Answers":[ 
          { 
             "Id":106538,
             "Text":"Không"
          },
          { 
             "Id":106539,
             "Text":"Có"
          }
       ]
    },
    { 
       "Id":25743,
       "Text":"Cặp thẻ nào được sử dụng để đưa JavaScript vào file HTML?",
       "Marks":1,
       "AnswerId":106540,
       "Answers":[ 
          { 
             "Id":106540,
             "Text":"\u003cscript\u003e\u003c/script\u003e"
          },
          { 
             "Id":106541,
             "Text":"\u003cscripting\u003e/\u003cscripting\u003e"
          },
          { 
             "Id":106542,
             "Text":"\u003cjs\u003e\u003c/js\u003e"
          },
          { 
             "Id":106543,
             "Text":"\u003cJavaScript\u003e\u003c/JavaScript\u003e"
          }
       ]
    },
    { 
       "Id":25744,
       "Text":"JavaScript có khả năng gì?",
       "Marks":1,
       "AnswerId":106546,
       "Answers":[ 
          { 
             "Id":106544,
             "Text":"Xử lý file của người dùng"
          },
          { 
             "Id":106545,
             "Text":"Hỗ trợ mạng"
          },
          { 
             "Id":106546,
             "Text":"Điều khiển trình duyệt"
          }
       ]
    },
    { 
       "Id":25745,
       "Text":"Ban đầu, JavaScript do hãng công nghệ nào phát triển?",
       "Marks":1,
       "AnswerId":106547,
       "Answers":[ 
          { 
             "Id":106547,
             "Text":"Netscape"
          },
          { 
             "Id":106548,
             "Text":"NEC"
          },
          { 
             "Id":106549,
             "Text":"Microsoft"
          },
          { 
             "Id":106550,
             "Text":"ECMA (European Computer Manufacturers Association)"
          }
       ]
    },
    { 
       "Id":25746,
       "Text":"JavaScript hồi đáp lại tương tác của người dùng khi nào?",
       "Marks":1,
       "AnswerId":106553,
       "Answers":[ 
          { 
             "Id":106551,
             "Text":"Các phương án đều sai"
          },
          { 
             "Id":106552,
             "Text":"Khi người dùng nhấn vào menu"
          },
          { 
             "Id":106553,
             "Text":"Các phương án đều đúng"
          },
          { 
             "Id":106554,
             "Text":"Khi người dùng nhấn chuột"
          }
       ]
    },
    { 
       "Id":25747,
       "Text":"Tên file của các hàm JavaScript bên ngoài trang HTML cần có đuôi gì?",
       "Marks":1,
       "AnswerId":106558,
       "Answers":[ 
          { 
             "Id":106555,
             "Text":".jst"
          },
          { 
             "Id":106556,
             "Text":".jsc"
          },
          { 
             "Id":106557,
             "Text":".jsp"
          },
          { 
             "Id":106558,
             "Text":".js"
          }
       ]
    },
    { 
       "Id":25748,
       "Text":"Khi ngăn cách các từ trong JavaScript, người ta dùng:",
       "Marks":1,
       "AnswerId":106561,
       "Answers":[ 
          { 
             "Id":106559,
             "Text":"dấu chấm (.)"
          },
          { 
             "Id":106560,
             "Text":"dấu hai chấm (:)"
          },
          { 
             "Id":106561,
             "Text":"dấu cách (space)"
          },
          { 
             "Id":106562,
             "Text":"dấu gạch dưới (_)"
          }
       ]
    },
    { 
       "Id":25749,
       "Text":"Làm thế nào để bạn xác định đúng 1 đoạn mã của JavaScript trong file HTML?",
       "Marks":1,
       "AnswerId":106566,
       "Answers":[ 
          { 
             "Id":106563,
             "Text":"Sử dụng thẻ \u003cJavaScript\u003e mở với thuộc tính type=\"text/JavaScript\""
          },
          { 
             "Id":106564,
             "Text":"Sử dụng thẻ APPLET mở với thuộc tính type=\"text/JavaScript\""
          },
          { 
             "Id":106565,
             "Text":"Viết JavaScript bất cứ nơi nào và trình duyệt luôn luôn nhận ra nó"
          },
          { 
             "Id":106566,
             "Text":"Sử dụng thẻ \u003cSCRIPT\u003e mở với thuộc tính type=\"text/JavaScript\""
          }
       ]
    },
    { 
       "Id":25750,
       "Text":"Để phân biệt kiểu dấu phẩy động với kiểu số nguyên, phải có ít nhất bao nhiêu chữ số theo sau dấu chấm hay E?",
       "Marks":1,
       "AnswerId":106568,
       "Answers":[ 
          { 
             "Id":106567,
             "Text":"3"
          },
          { 
             "Id":106568,
             "Text":"1"
          },
          { 
             "Id":106569,
             "Text":"2"
          },
          { 
             "Id":106570,
             "Text":"4"
          }
       ]
    },
    { 
       "Id":25751,
       "Text":"Phép toán (7 \u003e= 5) || (5 \u003e 5) trả về giá trị nào?",
       "Marks":1,
       "AnswerId":106572,
       "Answers":[ 
          { 
             "Id":106571,
             "Text":"Không trả về giá trị nào cả"
          },
          { 
             "Id":106572,
             "Text":"TRUE"
          },
          { 
             "Id":106573,
             "Text":"FALSE"
          },
          { 
             "Id":106574,
             "Text":"Đưa ra thông báo lỗi cú pháp"
          }
       ]
    },
    { 
       "Id":25752,
       "Text":"Cú pháp lệnh If với \"i\" không bằng 5 có dạng như thế nào",
       "Marks":1,
       "AnswerId":106576,
       "Answers":[ 
          { 
             "Id":106575,
             "Text":"if (i \u003c\u003e 5) {}"
          },
          { 
             "Id":106576,
             "Text":"if (i != 5) {}"
          },
          { 
             "Id":106577,
             "Text":"if i\u003c\u003e5 {}"
          },
          { 
             "Id":106578,
             "Text":"if i=! 5 then {}"
          }
       ]
    },
    { 
       "Id":25753,
       "Text":"Từ khóa nào chỉ một giá trị vượt quá giới hạn xử lý của JavaScript?",
       "Marks":1,
       "AnswerId":106582,
       "Answers":[ 
          { 
             "Id":106579,
             "Text":"Null"
          },
          { 
             "Id":106580,
             "Text":"Break"
          },
          { 
             "Id":106581,
             "Text":"Indefined"
          },
          { 
             "Id":106582,
             "Text":"Infinity"
          }
       ]
    },
    { 
       "Id":25754,
       "Text":"Cách nào sau đây là đúng để làm tròn số 7.25 với giá trị nguyên gần nhất?",
       "Marks":1,
       "AnswerId":106586,
       "Answers":[ 
          { 
             "Id":106583,
             "Text":"Math.rnd(7.25)"
          },
          { 
             "Id":106584,
             "Text":"round(7.25)"
          },
          { 
             "Id":106585,
             "Text":"rnd(7.25)"
          },
          { 
             "Id":106586,
             "Text":"Math.round(7.25)"
          }
       ]
    },
    { 
       "Id":25755,
       "Text":"Toán tử typeof có ý nghĩa gì?",
       "Marks":1,
       "AnswerId":106589,
       "Answers":[ 
          { 
             "Id":106587,
             "Text":"Được dùng như một từ khóa tham chiếu đến một thuộc tính của đối tượng được gọi"
          },
          { 
             "Id":106588,
             "Text":"Dùng để tạo ra một thể hiện (instance) của một kiểu đối tượng có hàm khởi dựng"
          },
          { 
             "Id":106589,
             "Text":"Trả về một chuỗi ký tự xác định kiểu dữ liệu của toán hạng"
          },
          { 
             "Id":106590,
             "Text":"Các phương án đều sai"
          }
       ]
    },
    { 
       "Id":25756,
       "Text":"Phương thức \"search\" của đối tượng String có chức năng gì?",
       "Marks":1,
       "AnswerId":106591,
       "Answers":[ 
          { 
             "Id":106591,
             "Text":"Tìm một chuỗi con, trả lại vị trí tìm được trong chuỗi dò tìm, nếu không tìm thấy trả về -1."
          },
          { 
             "Id":106592,
             "Text":"Tìm một chuỗi con và thay thế chuỗi con được sử dụng so khớp bằng một chuỗi con khác."
          },
          { 
             "Id":106593,
             "Text":"Tìm so khớp trong một chuỗi, trả về chuỗi con tìm được hay null"
          },
          { 
             "Id":106594,
             "Text":"Tìm so khớp trong một chuỗi, trả về true hay false"
          }
       ]
    },
    { 
       "Id":25757,
       "Text":"Khai báo hằng trong JavaScript theo cú pháp nào sau đây là đúng?",
       "Marks":1,
       "AnswerId":106598,
       "Answers":[ 
          { 
             "Id":106595,
             "Text":"const giáTrị = tênHằng;"
          },
          { 
             "Id":106596,
             "Text":"const giáTrị == tênHằng;"
          },
          { 
             "Id":106597,
             "Text":"const tênHằng == giáTrị;"
          },
          { 
             "Id":106598,
             "Text":"Trong JavaScript không có kiểu hằng số const"
          }
       ]
    },
    { 
       "Id":25758,
       "Text":"Lệnh nào được sử dụng để tạo ra 1 hàm trong JavaScript?",
       "Marks":1,
       "AnswerId":106600,
       "Answers":[ 
          { 
             "Id":106599,
             "Text":"function:myFunction()"
          },
          { 
             "Id":106600,
             "Text":"function myFunction()"
          },
          { 
             "Id":106601,
             "Text":"function=myFunction()"
          }
       ]
    },
    { 
       "Id":25759,
       "Text":"Trong JavaScript, hàm eval() dùng để làm gì?",
       "Marks":1,
       "AnswerId":106605,
       "Answers":[ 
          { 
             "Id":106602,
             "Text":"Cho phép chương trình chọn một trong nhiều lựa chọn"
          },
          { 
             "Id":106603,
             "Text":"Chuyển các số nguyên sang cơ số 10 và đảm bảo rằng các dữ liệu đưọc nhập dưới dạng ký tự được chuyển thành số trước khi tính toán"
          },
          { 
             "Id":106604,
             "Text":"Kiểm tra một giá trị nào đó có phải là một số hay không"
          },
          { 
             "Id":106605,
             "Text":"Đánh giá một biểu thức và trả giá trị của biểu thức hay giá trị undefined nếu không tính toán được biểu thức"
          }
       ]
    },
    { 
       "Id":25760,
       "Text":"Trong JavaScript, sự kiện Onload thực hiện khi:",
       "Marks":1,
       "AnswerId":106609,
       "Answers":[ 
          { 
             "Id":106606,
             "Text":"Khi click chuột"
          },
          { 
             "Id":106607,
             "Text":"Khi di chuyển chuột qua."
          },
          { 
             "Id":106608,
             "Text":"Khi kết thúc một chương trình"
          },
          { 
             "Id":106609,
             "Text":"Khi bắt đầu chương trình chạy"
          }
       ]
    },
    { 
       "Id":25761,
       "Text":"Trong JavaScript, sự kiện Onchange thực hiện khi nào?",
       "Marks":1,
       "AnswerId":106613,
       "Answers":[ 
          { 
             "Id":106610,
             "Text":"Khi một đối tượng trong form mất focus."
          },
          { 
             "Id":106611,
             "Text":"Khi một đối tượng trong form có focus"
          },
          { 
             "Id":106612,
             "Text":"Khi click chuột vào nút lệnh"
          },
          { 
             "Id":106613,
             "Text":"Xảy ra khi giá trị của một trường trong form được người dùng thay đổi"
          }
       ]
    },
    { 
       "Id":25762,
       "Text":"Lệnh break kết hợp với vòng for dùng để?",
       "Marks":1,
       "AnswerId":106615,
       "Answers":[ 
          { 
             "Id":106614,
             "Text":"Không thể kết hợp được."
          },
          { 
             "Id":106615,
             "Text":"Thoát khỏi vòng lặp"
          },
          { 
             "Id":106616,
             "Text":"Nhảy đến một tập lệnh khác"
          },
          { 
             "Id":106617,
             "Text":"Không có ý nghĩa trong vòng lặp"
          }
       ]
    },
    { 
       "Id":25763,
       "Text":"Trong JavaScript đoạn mã sau cho ra kết quả gì? \u003cscript\u003e function kiemtra(){ window.open(\"http://www.vnn.vn\",\"Chao\"); } \u003c/script\u003e \u003c/head\u003e \u003cbody onload =\"kiemtra()\"\u003e\u003c/body\u003e",
       "Marks":1,
       "AnswerId":106619,
       "Answers":[ 
          { 
             "Id":106618,
             "Text":"Khi kết thúc thì một site khác hiện ra"
          },
          { 
             "Id":106619,
             "Text":"Khi chạy thì một trang khác (VNN) được hiện ra"
          },
          { 
             "Id":106620,
             "Text":"Hiện một trang vnn duy nhất"
          },
          { 
             "Id":106621,
             "Text":"Không chạy được vì sai"
          }
       ]
    },
    { 
       "Id":25764,
       "Text":"Vòng lặp (Do.. while) là dạng vòng lặp?",
       "Marks":1,
       "AnswerId":106625,
       "Answers":[ 
          { 
             "Id":106622,
             "Text":"Không thuộc dạng nào đã nêu"
          },
          { 
             "Id":106623,
             "Text":"Cả hai dạng đã nêu"
          },
          { 
             "Id":106624,
             "Text":"Không xác định và xét điều kiện rồi mới lặp"
          },
          { 
             "Id":106625,
             "Text":"Không xác định và lặp rồi mới xét điều kiện"
          }
       ]
    },
    { 
       "Id":25765,
       "Text":"Cú pháp lệnh vòng lặp WHILE có dạng như thế nào?",
       "Marks":1,
       "AnswerId":106627,
       "Answers":[ 
          { 
             "Id":106626,
             "Text":"while i=1 to 10 {}"
          },
          { 
             "Id":106627,
             "Text":"while (i\u003c=10) {}"
          },
          { 
             "Id":106628,
             "Text":"white (i=0;i++;i=10) {}"
          },
          { 
             "Id":106629,
             "Text":"while (i\u003c=10;i++) {}"
          }
       ]
    },
    { 
       "Id":25766,
       "Text":"Mô tả nào là đúng về hàm?",
       "Marks":1,
       "AnswerId":106633,
       "Answers":[ 
          { 
             "Id":106630,
             "Text":"Một hàm có thể định nghĩa mà không có tham số nào nhưng các dấu ngoặc đơn là bắt buộc."
          },
          { 
             "Id":106631,
             "Text":"Trong khối lệnh, hàm có thể gọi một hàm khác và có thể gọi lại chính nó."
          },
          { 
             "Id":106632,
             "Text":"Hàm là một khối lệnh và được gán bởi một tên."
          },
          { 
             "Id":106633,
             "Text":"Các phương án đều đúng"
          }
       ]
    },
    { 
       "Id":25767,
       "Text":"Lệnh lặp for có dạng như thế nào?",
       "Marks":1,
       "AnswerId":106637,
       "Answers":[ 
          { 
             "Id":106634,
             "Text":"For ( biến = Điều kiện, Giá trị tăng Giá trị cuối)"
          },
          { 
             "Id":106635,
             "Text":"Tất cả các dạng đã nêu."
          },
          { 
             "Id":106636,
             "Text":"For ( biến = Giá trị đầu, Giá trị tăng, điều kiện)"
          },
          { 
             "Id":106637,
             "Text":"For ( biến = Giá trị đầu, Điều kiện, Giá trị tăng)"
          }
       ]
    },
    { 
       "Id":25768,
       "Text":"Vòng lặp While là dạng vòng lặp?",
       "Marks":1,
       "AnswerId":106640,
       "Answers":[ 
          { 
             "Id":106638,
             "Text":"Không thuộc dạng nào đã nêu"
          },
          { 
             "Id":106639,
             "Text":"Không xác định và lặp rồi mới xét điều kiện"
          },
          { 
             "Id":106640,
             "Text":"Không xác định và xét điều kiện rồi mới lặp"
          },
          { 
             "Id":106641,
             "Text":"Cả hai dạng đã nêu"
          }
       ]
    },
    { 
       "Id":25769,
       "Text":"Trong JavaScript, sự kiện OnMouseOver thực hiện khi nào?",
       "Marks":1,
       "AnswerId":106644,
       "Answers":[ 
          { 
             "Id":106642,
             "Text":"Khi một đối tượng trong form có focus"
          },
          { 
             "Id":106643,
             "Text":"Khi một đối tượng trong form mất focus."
          },
          { 
             "Id":106644,
             "Text":"Khi di chuyển con chuột qua một đối tượng trong form."
          },
          { 
             "Id":106645,
             "Text":"Khi click chuột vào nút lệnh"
          }
       ]
    },
    { 
       "Id":25770,
       "Text":"Trừu tượng hóa trong lập trình hướng đối tượng được hiểu như thế nào?",
       "Marks":1,
       "AnswerId":106648,
       "Answers":[ 
          { 
             "Id":106646,
             "Text":"Phân mảnh vấn đề lớn thành các vấn đề con độc lập, từ đó xây dựng nên hàm và thủ tục"
          },
          { 
             "Id":106647,
             "Text":"Người viết mã được phép thay đổi nó trạng thái nội tại của một đối tượng"
          },
          { 
             "Id":106648,
             "Text":"Chỉ trình bày những đặc điểm cần thiết của vấn đề mà không trình bày chi tiết cụ thể hoặc giải thích tính phức tạp của vấn đề đó"
          },
          { 
             "Id":106649,
             "Text":"Tất cả đều đúng"
          }
       ]
    },
    { 
       "Id":25771,
       "Text":"Thuộc tính target diễn tả điều gì?",
       "Marks":1,
       "AnswerId":106650,
       "Answers":[ 
          { 
             "Id":106650,
             "Text":"Đối tượng mà sự kiện diễn ra trong đó"
          },
          { 
             "Id":106651,
             "Text":"Tọa độ của cửa số trang tại vị trí xảy ra sự kiện"
          },
          { 
             "Id":106652,
             "Text":"Trả về đối tượng đầu tiên mà sự kiện diễn ra"
          },
          { 
             "Id":106653,
             "Text":"Loại sự kiện"
          }
       ]
    },
    { 
       "Id":25772,
       "Text":"Đối tượng nào chứa thông tin về URL hiện tại?",
       "Marks":1,
       "AnswerId":106656,
       "Answers":[ 
          { 
             "Id":106654,
             "Text":"screen"
          },
          { 
             "Id":106655,
             "Text":"navigator"
          },
          { 
             "Id":106656,
             "Text":"location"
          },
          { 
             "Id":106657,
             "Text":"window"
          }
       ]
    },
    { 
       "Id":25773,
       "Text":"Đối tượng quan trọng nhất của BOM là gì?",
       "Marks":1,
       "AnswerId":106661,
       "Answers":[ 
          { 
             "Id":106658,
             "Text":"Frames"
          },
          { 
             "Id":106659,
             "Text":"History"
          },
          { 
             "Id":106660,
             "Text":"Location"
          },
          { 
             "Id":106661,
             "Text":"Document"
          }
       ]
    },
    { 
       "Id":25774,
       "Text":"Phương thức onAbort() chỉ áp dụng cho phần tử nào?",
       "Marks":1,
       "AnswerId":106665,
       "Answers":[ 
          { 
             "Id":106662,
             "Text":"Text area"
          },
          { 
             "Id":106663,
             "Text":"Document"
          },
          { 
             "Id":106664,
             "Text":"Button"
          },
          { 
             "Id":106665,
             "Text":"Image"
          }
       ]
    },
    { 
       "Id":25775,
       "Text":"Đối tượng con nào của đối tượng window chứa những URL đã được truy cập",
       "Marks":1,
       "AnswerId":106666,
       "Answers":[ 
          { 
             "Id":106666,
             "Text":"history"
          },
          { 
             "Id":106667,
             "Text":"opener"
          },
          { 
             "Id":106668,
             "Text":"pageYOffset"
          },
          { 
             "Id":106669,
             "Text":"back"
          }
       ]
    },
    { 
       "Id":25776,
       "Text":"Phương thức nào thực hiện câu lệnh JavaScript một lần sau một thời gian nhất định tính bằng milli giây?",
       "Marks":1,
       "AnswerId":106670,
       "Answers":[ 
          { 
             "Id":106670,
             "Text":"setTimeout(câu lệnh JavaScript, số milli giây)"
          },
          { 
             "Id":106671,
             "Text":"setTimeOut()"
          },
          { 
             "Id":106672,
             "Text":"clearTimeout(số milli giây)"
          },
          { 
             "Id":106673,
             "Text":"setInterval(câu lệnh JavaScript, số milli giây)"
          }
       ]
    },
    { 
       "Id":25777,
       "Text":"OOP (Lập trình hướng đối tượng) là viết tắt của từ nào?",
       "Marks":1,
       "AnswerId":106674,
       "Answers":[ 
          { 
             "Id":106674,
             "Text":"Object Oriented Programming"
          },
          { 
             "Id":106675,
             "Text":"Object Operating Programming"
          },
          { 
             "Id":106676,
             "Text":"Object Occult Programming"
          },
          { 
             "Id":106677,
             "Text":"Object Overloading Programming"
          }
       ]
    },
    { 
       "Id":25778,
       "Text":"Phương thức comfirm trong đối tượng window có chức năng gì ?",
       "Marks":1,
       "AnswerId":106681,
       "Answers":[ 
          { 
             "Id":106678,
             "Text":"Thực hiện câu lệnh JavaScript một lần sau một thời gian nhất định"
          },
          { 
             "Id":106679,
             "Text":"Hiển thị một hộp hội thoại chứa một thông báo do một ứng dụng xác định."
          },
          { 
             "Id":106680,
             "Text":"Hiển thị một hộp hội thoại chứa một thông báo do một ứng dụng xác định và một text box để người sử dụng nhập liệu"
          },
          { 
             "Id":106681,
             "Text":"Hiển thị một hộp hội thoại chứa một thông báo do một ứng dụng xác định và hai nút lệnh Yes, No"
          }
       ]
    },
    { 
       "Id":25779,
       "Text":"Quá trình tiến hóa của Lập trình hướng đối tượng theo thứ tự nào?",
       "Marks":1,
       "AnswerId":106682,
       "Answers":[ 
          { 
             "Id":106682,
             "Text":"Sự trừu tượng hóa dữ liệu -\u003e Lập trình tuyến tính -\u003e Lập trình có cấu trúc -\u003e Lập trình hướng đối tượng"
          },
          { 
             "Id":106683,
             "Text":"Lập trình có cấu trúc -\u003e Sự trừu tượng hóa dữ liệu -\u003e Lập trình tuyến tính -\u003e Lập trình hướng đối tượng"
          },
          { 
             "Id":106684,
             "Text":"Lập trình tuyến tính -\u003e Lập trình có cấu trúc -\u003e Sự trừu tượng hóa dữ liệu -\u003e Lập trình hướng đối tượng"
          },
          { 
             "Id":106685,
             "Text":"Lập trình có cấu trúc -\u003e Lập trình tuyến tính -\u003e Sự trừu tượng hóa dữ liệu -\u003e Lập trình hướng đối tượng"
          }
       ]
    },
    { 
       "Id":25780,
       "Text":"Dùng thuộc tính nào để thay đổi lề trái của một phần tử?",
       "Marks":1,
       "AnswerId":106686,
       "Answers":[ 
          { 
             "Id":106686,
             "Text":"margin-left:"
          },
          { 
             "Id":106687,
             "Text":"indent:"
          },
          { 
             "Id":106688,
             "Text":"margin:"
          },
          { 
             "Id":106689,
             "Text":"text-indent:"
          }
       ]
    },
    { 
       "Id":25781,
       "Text":"Làm sao để mỗi từ trong 1 dòng đều viết hoa ở đầu từ?",
       "Marks":1,
       "AnswerId":106693,
       "Answers":[ 
          { 
             "Id":106690,
             "Text":"You can’t do that with CSS"
          },
          { 
             "Id":106691,
             "Text":"text-style:capitalize"
          },
          { 
             "Id":106692,
             "Text":"text-transform:uppercase"
          },
          { 
             "Id":106693,
             "Text":"text-transform:capitalize"
          }
       ]
    },
    { 
       "Id":25782,
       "Text":"Khi dữ liệu được mã hóa và gửi đi, phía trang web nhận sẽ giải mã dữ liệu bằng hàm nào sau đây?",
       "Marks":1,
       "AnswerId":106696,
       "Answers":[ 
          { 
             "Id":106694,
             "Text":"encodeURI();"
          },
          { 
             "Id":106695,
             "Text":"focus();"
          },
          { 
             "Id":106696,
             "Text":"decodeURI();"
          },
          { 
             "Id":106697,
             "Text":"restore();"
          }
       ]
    },
    { 
       "Id":25783,
       "Text":"Thuộc tính vlinkColor của đối tượng document trả về kết quả nào ?",
       "Marks":1,
       "AnswerId":106701,
       "Answers":[ 
          { 
             "Id":106698,
             "Text":"Màu của liên kết"
          },
          { 
             "Id":106699,
             "Text":"Màu nền của trang web"
          },
          { 
             "Id":106700,
             "Text":"Màu của liên kết khi trỏ đến"
          },
          { 
             "Id":106701,
             "Text":"Màu của liên kết đã kích hoạt"
          }
       ]
    },
    { 
       "Id":25784,
       "Text":"Cho biết kết quả sau khi thực hiện câu lệnh: for(prop in navigator){ document.write(prop+\": \"+ navigator [prop]+\"\";}",
       "Marks":1,
       "AnswerId":106703,
       "Answers":[ 
          { 
             "Id":106702,
             "Text":"Hiển thị các phương thức của đối tượng navigator"
          },
          { 
             "Id":106703,
             "Text":"Hiển thị các thuộc tính của đối tượng navigator"
          },
          { 
             "Id":106704,
             "Text":"Hiển thị chức năng của các phương thức của đối tượng navigator"
          },
          { 
             "Id":106705,
             "Text":"Hiển thị chức năng của các thuộc tính của đối tượng navigator"
          }
       ]
    },
    { 
       "Id":25785,
       "Text":"Thuộc tính appCodeName của đối tượng navigator chứa thông tin gì?",
       "Marks":1,
       "AnswerId":106706,
       "Answers":[ 
          { 
             "Id":106706,
             "Text":"Tên mã của trình duyệt"
          },
          { 
             "Id":106707,
             "Text":"Hệ điều hành của trình duyệt"
          },
          { 
             "Id":106708,
             "Text":"Tên của trình duyệt"
          },
          { 
             "Id":106709,
             "Text":"Phiên bản của trình duyệt"
          }
       ]
    },
    { 
       "Id":25786,
       "Text":"Sự kiện nào được kích hoạt sau khi trình duyệt đã tải xong tư liệu HTML , applet hay image?",
       "Marks":1,
       "AnswerId":106711,
       "Answers":[ 
          { 
             "Id":106710,
             "Text":"onKeyUp();"
          },
          { 
             "Id":106711,
             "Text":"onLoad();"
          },
          { 
             "Id":106712,
             "Text":"onKeyPress();"
          },
          { 
             "Id":106713,
             "Text":"onScroll();"
          }
       ]
    },
    { 
       "Id":25787,
       "Text":"Muốn liên kết xHTML với 1 file định nghĩa CSS ta dùng dòng nào sau đây?",
       "Marks":1,
       "AnswerId":106716,
       "Answers":[ 
          { 
             "Id":106714,
             "Text":"\u003cstyle src=”mystyle.css”\u003e"
          },
          { 
             "Id":106715,
             "Text":"\u003cstylesheet\u003emystyle.css\u003c/stylesheet\u003e"
          },
          { 
             "Id":106716,
             "Text":"\u003clink rel=”stylesheet” type=”text/css” href=”mystyle.css”\u003e"
          },
          { 
             "Id":106717,
             "Text":"Các phương án đều sai"
          }
       ]
    },
    { 
       "Id":25788,
       "Text":"Để hiển thị liên kết mà ko có gạch chân bên dưới, người ta dùng thuộc tính nào?",
       "Marks":1,
       "AnswerId":106721,
       "Answers":[ 
          { 
             "Id":106718,
             "Text":"a {underline:none}"
          },
          { 
             "Id":106719,
             "Text":"a {decoration:no underline}"
          },
          { 
             "Id":106720,
             "Text":"a {text-decoration:no underline}"
          },
          { 
             "Id":106721,
             "Text":"a {text-decoration:none}"
          }
       ]
    },
    { 
       "Id":25789,
       "Text":"Thuộc tính nào làm chữ trong tag p trở thành chữ đậm?",
       "Marks":1,
       "AnswerId":106723,
       "Answers":[ 
          { 
             "Id":106722,
             "Text":"{text-size:bold}"
          },
          { 
             "Id":106723,
             "Text":"p {font-weight:bold}"
          },
          { 
             "Id":106724,
             "Text":"\u003cp style=”text-size:bold”\u003e"
          },
          { 
             "Id":106725,
             "Text":"\u003cp style=”font-size:bold”\u003e"
          }
       ]
    },
    { 
       "Id":25790,
       "Text":"Trong cấu trúc form, đa số các phần tử được đặt trong cặp thẻ nào?",
       "Marks":1,
       "AnswerId":106727,
       "Answers":[ 
          { 
             "Id":106726,
             "Text":"\u003cselect\u003e…\u003c/select\u003e"
          },
          { 
             "Id":106727,
             "Text":"\u003cinput\u003e…\u003c/input\u003e"
          },
          { 
             "Id":106728,
             "Text":"\u003cspan\u003e..\u003c/span\u003e"
          },
          { 
             "Id":106729,
             "Text":"\u003cinsert\u003e…\u003c/insert\u003e"
          }
       ]
    },
    { 
       "Id":25791,
       "Text":"Thuộc tính method trong đối tượng form có tác dụng gì ?",
       "Marks":1,
       "AnswerId":106730,
       "Answers":[ 
          { 
             "Id":106730,
             "Text":"Thiết lập/Trả về phương thức HTTP để submit một form"
          },
          { 
             "Id":106731,
             "Text":"Thiết lập frame để submit dữ liệu đến"
          },
          { 
             "Id":106732,
             "Text":"Thiết lập/Trả về các action trên form"
          },
          { 
             "Id":106733,
             "Text":"Thiết lập frame để submit dữ liệu đến"
          }
       ]
    },
    { 
       "Id":25792,
       "Text":"Thẻ \u003cinput type=”Submit” ...\u003e dùng để làm gì?",
       "Marks":1,
       "AnswerId":106734,
       "Answers":[ 
          { 
             "Id":106734,
             "Text":"Tạo một nút lệnh dùng để gửi tin trong form đi"
          },
          { 
             "Id":106735,
             "Text":"Tạo một cùng có nhiều cột nhiều dòng"
          },
          { 
             "Id":106736,
             "Text":"Tất cả các ý đã nêu"
          },
          { 
             "Id":106737,
             "Text":"Tạo một ô text để nhập dữ liệu"
          }
       ]
    },
    { 
       "Id":25793,
       "Text":"Phương thức reset có chức năng gì?",
       "Marks":1,
       "AnswerId":106739,
       "Answers":[ 
          { 
             "Id":106738,
             "Text":"Gửi dữ liệu trong form"
          },
          { 
             "Id":106739,
             "Text":"Thiết lập lại các giá trị của các trường dữ liệu của form"
          },
          { 
             "Id":106740,
             "Text":"Thiết lập frame để submit dữ liệu đến"
          },
          { 
             "Id":106741,
             "Text":"Trả về phương thức HTTP để submit một form"
          }
       ]
    },
    { 
       "Id":25794,
       "Text":"Thẻ \u003cinput type=”checkbox” ...\u003e dùng để làm gì?",
       "Marks":1,
       "AnswerId":106742,
       "Answers":[ 
          { 
             "Id":106742,
             "Text":"Tạo một nhóm đối tượng chọn được nhiều đối tượng"
          },
          { 
             "Id":106743,
             "Text":"Tất cả các ý đã nâu"
          },
          { 
             "Id":106744,
             "Text":"Tạo một ô text để nhập dữ liệu"
          },
          { 
             "Id":106745,
             "Text":"Tạo một cùng có nhiều cột nhiều dòng"
          }
       ]
    },
    { 
       "Id":25795,
       "Text":"Thuộc tính method, action được dùng khi nào?",
       "Marks":1,
       "AnswerId":106746,
       "Answers":[ 
          { 
             "Id":106746,
             "Text":"Khi gửi dữ liệu"
          },
          { 
             "Id":106747,
             "Text":"Khi sao chép dữ liệu"
          },
          { 
             "Id":106748,
             "Text":"Khi xóa dữ liệu"
          },
          { 
             "Id":106749,
             "Text":"Khi nhập dữ liệu"
          }
       ]
    },
    { 
       "Id":25796,
       "Text":"Phần tử nào cho phép người sử dụng nhập vào nhiều dòng?",
       "Marks":1,
       "AnswerId":106750,
       "Answers":[ 
          { 
             "Id":106750,
             "Text":"TextArea"
          },
          { 
             "Id":106751,
             "Text":"Password"
          },
          { 
             "Id":106752,
             "Text":"Text"
          },
          { 
             "Id":106753,
             "Text":"SelectBox"
          }
       ]
    },
    { 
       "Id":25797,
       "Text":"Thẻ \u003ctextarea rows= cols = ...\u003e\u003c/texterea\u003e dùng để làm gì?",
       "Marks":1,
       "AnswerId":106754,
       "Answers":[ 
          { 
             "Id":106754,
             "Text":"Tạo một vùng nhập văn bản nhiều cột nhiều dòng"
          },
          { 
             "Id":106755,
             "Text":"Tạo một ô text để nhập dữ liệu"
          },
          { 
             "Id":106756,
             "Text":"Tất cả các phương án đều đúng"
          },
          { 
             "Id":106757,
             "Text":"Tạo một ô password"
          }
       ]
    },
    { 
       "Id":25798,
       "Text":"Để truy cập một phần tử option, ta sử dụng tập forms với cú pháp nào?",
       "Marks":1,
       "AnswerId":106760,
       "Answers":[ 
          { 
             "Id":106758,
             "Text":"document.forms.options[i];"
          },
          { 
             "Id":106759,
             "Text":"document.forms.name_select.options[i];"
          },
          { 
             "Id":106760,
             "Text":"document.forms.name_form.name_select.options[i];"
          },
          { 
             "Id":106761,
             "Text":"document.name_form.name_select.options[i];"
          }
       ]
    },
    { 
       "Id":25799,
       "Text":"Để chỉ định rõ kiểu phần tử trong form, người ta dùng thuộc tính nào?",
       "Marks":1,
       "AnswerId":106762,
       "Answers":[ 
          { 
             "Id":106762,
             "Text":"Type"
          },
          { 
             "Id":106763,
             "Text":"Name"
          },
          { 
             "Id":106764,
             "Text":"Target"
          },
          { 
             "Id":106765,
             "Text":"Method"
          }
       ]
    },
    { 
       "Id":25800,
       "Text":"Hiệu ứng animate() trong thư viện jQuery có tác dụng gì?",
       "Marks":1,
       "AnswerId":106768,
       "Answers":[ 
          { 
             "Id":106766,
             "Text":"Cho phép các phần tử trong tag hiện một cách từ từ, biến thiên theo thời gian đã được thiết lập"
          },
          { 
             "Id":106767,
             "Text":"Cho phép các phần tử trong tag ẩn một cách từ từ biến thiên theo thời gian đã được thiết lập"
          },
          { 
             "Id":106768,
             "Text":"Thực hiện một tùy biến chuyển động của tập hợp các thuộc tính CSS"
          },
          { 
             "Id":106769,
             "Text":"Thiết lập thời gian trì hoãn thực hiện các function sau nó"
          }
       ]
    },
    { 
       "Id":25801,
       "Text":"Hiệu ứng .fadeOut() trong thư viện jQuery có tác dụng gì?",
       "Marks":1,
       "AnswerId":106773,
       "Answers":[ 
          { 
             "Id":106770,
             "Text":"Thực hiện một tùy biến chuyển động của tập hợp các thuộc tính CSS"
          },
          { 
             "Id":106771,
             "Text":"Cho phép các phần tử trong tag hiện một cách từ từ biến thiên theo thời gian đã được thiết lập"
          },
          { 
             "Id":106772,
             "Text":"Thiết lập thời gian trì hoãn thực hiện các function sau nó"
          },
          { 
             "Id":106773,
             "Text":"Cho phép các phần tử trong tag ẩn một cách từ từ biến thiên theo thời gian đã được thiết lập"
          }
       ]
    },
    { 
       "Id":25802,
       "Text":"Hiệu ứng nào được sử dụng để điều chỉnh độ mờ của các phần tử trong jQuery?",
       "Marks":1,
       "AnswerId":106774,
       "Answers":[ 
          { 
             "Id":106774,
             "Text":".fadeOut()"
          },
          { 
             "Id":106775,
             "Text":".hide()"
          },
          { 
             "Id":106776,
             "Text":".fadeTo()"
          },
          { 
             "Id":106777,
             "Text":".fadeOff()"
          }
       ]
    },
    { 
       "Id":25803,
       "Text":"Để chọn tất cả các phần tử \u003ca\u003e với giá trị thuộc tính bắt đầu bằng “# “, người ta sử dụng câu lênh nào sau đây?",
       "Marks":1,
       "AnswerId":106778,
       "Answers":[ 
          { 
             "Id":106778,
             "Text":"$(“a[href^=’#’]”)"
          },
          { 
             "Id":106779,
             "Text":"$(“a[href$=’#’]”)"
          },
          { 
             "Id":106780,
             "Text":"$(“a[href!=’#’]”)"
          },
          { 
             "Id":106781,
             "Text":"$(“a[href*=’#’]”)"
          }
       ]
    },
    { 
       "Id":25804,
       "Text":"jQuery hỗ trợ phương thức nào để tạo menu chồng nhau?",
       "Marks":1,
       "AnswerId":106785,
       "Answers":[ 
          { 
             "Id":106782,
             "Text":"Draggable()"
          },
          { 
             "Id":106783,
             "Text":"Dapicker()"
          },
          { 
             "Id":106784,
             "Text":"Droppable()"
          },
          { 
             "Id":106785,
             "Text":"Accordion()"
          }
       ]
    },
    { 
       "Id":25805,
       "Text":"Hàm bind() được sử dụng với cú pháp nào sau đây là đúng?",
       "Marks":1,
       "AnswerId":106788,
       "Answers":[ 
          { 
             "Id":106786,
             "Text":"$(bind).selector(event, data, handler)"
          },
          { 
             "Id":106787,
             "Text":"$(bind).selector(data, handler, event)"
          },
          { 
             "Id":106788,
             "Text":"$(selector).bind(event, data, handler)"
          },
          { 
             "Id":106789,
             "Text":"$(selector).bind(data, handler, event)"
          }
       ]
    },
    { 
       "Id":25806,
       "Text":"Trong cú pháp $(selector).action();\"$\" có ý nghĩa gì?",
       "Marks":1,
       "AnswerId":106791,
       "Answers":[ 
          { 
             "Id":106790,
             "Text":"Chỉ ra các hành động được thực hiện lên các phần tử được chọn"
          },
          { 
             "Id":106791,
             "Text":"Chỉ ra việc sử dụng thư viện jQuery"
          },
          { 
             "Id":106792,
             "Text":"Chỉ ra các phần tử được chọn"
          },
          { 
             "Id":106793,
             "Text":"Chỉ ra thư mục chứa thư viện jQuery"
          }
       ]
    },
    { 
       "Id":25807,
       "Text":"Sự kiện live() trong jQuery có tác dụng gì?",
       "Marks":1,
       "AnswerId":106795,
       "Answers":[ 
          { 
             "Id":106794,
             "Text":"Thực thi khi ta kéo trượt thanh trượt"
          },
          { 
             "Id":106795,
             "Text":"Xử lý tất cả các sự kiện hiện hành"
          },
          { 
             "Id":106796,
             "Text":"Load một sự kiện JavaScript"
          },
          { 
             "Id":106797,
             "Text":"Bắt sự kiện click"
          }
       ]
    },
    { 
       "Id":25808,
       "Text":"Cú pháp truy cập đến phần tử \u003ca\u003e có id là linkID?",
       "Marks":1,
       "AnswerId":106801,
       "Answers":[ 
          { 
             "Id":106798,
             "Text":"$(\u0027a#linkID\u0027)"
          },
          { 
             "Id":106799,
             "Text":"$(\u0027a?linkID\u0027)"
          },
          { 
             "Id":106800,
             "Text":"$(\"a?linkID\")"
          },
          { 
             "Id":106801,
             "Text":"$(\"a#linkID\")"
          }
       ]
    },
    { 
       "Id":25809,
       "Text":"Để chọn tất cả các phần tử \u003ca\u003e với giá trị thuộc tính kết thúc bằng “# “, người ta sử dụng câu lênh nào sau đây?",
       "Marks":1,
       "AnswerId":106803,
       "Answers":[ 
          { 
             "Id":106802,
             "Text":"$(“a[href^=’#’]”)"
          },
          { 
             "Id":106803,
             "Text":"$(“a[href$=’#’]”)"
          },
          { 
             "Id":106804,
             "Text":"$(“a[href!=’#’]”)"
          },
          { 
             "Id":106805,
             "Text":"$(“a[href*=’#’]”)"
          }
       ]
    },
    { 
       "Id":25810,
       "Text":"AngularJS là framework của công ty nào?",
       "Marks":1,
       "AnswerId":106806,
       "Answers":[ 
          { 
             "Id":106806,
             "Text":"Google"
          },
          { 
             "Id":106807,
             "Text":"Yahoo"
          },
          { 
             "Id":106808,
             "Text":"Facebook"
          },
          { 
             "Id":106809,
             "Text":"IBM"
          }
       ]
    },
    { 
       "Id":25811,
       "Text":"Cách khai báo nào đúng cho AngularJS?",
       "Marks":1,
       "AnswerId":106813,
       "Answers":[ 
          { 
             "Id":106810,
             "Text":"{data}"
          },
          { 
             "Id":106811,
             "Text":"{{{data}}}"
          },
          { 
             "Id":106812,
             "Text":"{(data)}"
          },
          { 
             "Id":106813,
             "Text":"{{data}}"
          }
       ]
    },
    { 
       "Id":25812,
       "Text":"Ưu điểm của framework Emscripten là gì?",
       "Marks":1,
       "AnswerId":106814,
       "Answers":[ 
          { 
             "Id":106814,
             "Text":"Chuyển đổi C++ thành asm.js"
          },
          { 
             "Id":106815,
             "Text":"Chuyển đổi JavaScript thành asm.js"
          },
          { 
             "Id":106816,
             "Text":"Chuyển đổi PHP thành asm.js"
          },
          { 
             "Id":106817,
             "Text":"Chuyển đổi C# thành asm.js"
          }
       ]
    },
    { 
       "Id":25813,
       "Text":"Khi sử dụng AngularJS, kết quả hiển thị sẽ như thế nào?",
       "Marks":1,
       "AnswerId":106821,
       "Answers":[ 
          { 
             "Id":106818,
             "Text":"được cập nhật ngay sau active"
          },
          { 
             "Id":106819,
             "Text":"được cập nhật ngay sau khi reload trang"
          },
          { 
             "Id":106820,
             "Text":"được cập nhật ngay sau hover"
          },
          { 
             "Id":106821,
             "Text":"được cập nhật ngay mà không cần reload"
          }
       ]
    },
    { 
       "Id":25814,
       "Text":"ng-app thường được đặt trong thẻ nào?",
       "Marks":1,
       "AnswerId":106822,
       "Answers":[ 
          { 
             "Id":106822,
             "Text":"Body"
          },
          { 
             "Id":106823,
             "Text":"Head"
          },
          { 
             "Id":106824,
             "Text":"Meta Description"
          },
          { 
             "Id":106825,
             "Text":"Title"
          }
       ]
    },
    { 
       "Id":25815,
       "Text":"Để cài đặt FireBase, ta đưa dòng code: \u003cscript src=\u0027https://cdn.firebase.com/v0/firebase.js\u0027\u003e\u003c/script\u003e vào phần nào?",
       "Marks":1,
       "AnswerId":106828,
       "Answers":[ 
          { 
             "Id":106826,
             "Text":"\u0027footer"
          },
          { 
             "Id":106827,
             "Text":"Content"
          },
          { 
             "Id":106828,
             "Text":"Head"
          },
          { 
             "Id":106829,
             "Text":"Body"
          }
       ]
    },
    { 
       "Id":25816,
       "Text":"$scope có ý nghĩa gì?",
       "Marks":1,
       "AnswerId":106830,
       "Answers":[ 
          { 
             "Id":106830,
             "Text":"Phân biệt thành phần do AngularJS tạo ra"
          },
          { 
             "Id":106831,
             "Text":"Khai báo PHP trong javascript"
          },
          { 
             "Id":106832,
             "Text":"Là điểm kết thúc của AngularJS"
          },
          { 
             "Id":106833,
             "Text":"Là điểm bắt đầu của AngularJS"
          }
       ]
    },
    { 
       "Id":25817,
       "Text":"Để ghi dữ liệu trong FireBase, ta dùng cú pháp nào?",
       "Marks":1,
       "AnswerId":106836,
       "Answers":[ 
          { 
             "Id":106834,
             "Text":"myDataRef.write(\u0027dữ liệu\u0027);"
          },
          { 
             "Id":106835,
             "Text":"myDataRef.writeln(\u0027dữ liệu\u0027);"
          },
          { 
             "Id":106836,
             "Text":"myDataRef.set(\u0027dữ liệu\u0027);"
          },
          { 
             "Id":106837,
             "Text":"myDataRef.get(\u0027dữ liệu\u0027);"
          }
       ]
    },
    { 
       "Id":25818,
       "Text":"Enyo là một framework hỗ trợ gì?",
       "Marks":1,
       "AnswerId":106838,
       "Answers":[ 
          { 
             "Id":106838,
             "Text":"Hỗ trợ Hướng đối tượng"
          },
          { 
             "Id":106839,
             "Text":"Hỗ trợ Hướng dịch vụ"
          },
          { 
             "Id":106840,
             "Text":"Tất cả các phương án đều sai"
          },
          { 
             "Id":106841,
             "Text":"Không hỗ trợ JavaScript"
          }
       ]
    },
    { 
       "Id":25819,
       "Text":"Ưu điểm của framework Ember là gì?",
       "Marks":1,
       "AnswerId":106845,
       "Answers":[ 
          { 
             "Id":106842,
             "Text":"Phát triển giao diện"
          },
          { 
             "Id":106843,
             "Text":"Phát triển ứng dụng PHP"
          },
          { 
             "Id":106844,
             "Text":"Phát triển ứng dụng server"
          },
          { 
             "Id":106845,
             "Text":"Phát triển ứng dụng MVC"
          }
       ]
    }
 ]