[ 
    { 
       "Id":25660,
       "Text":"Có mấy cách sử dụng css cho web?",
       "Marks":1,
       "AnswerId":106230,
       "Answers":[ 
          { 
             "Id":106230,
             "Text":"Có 3 cách: inline, embedded và linked"
          },
          { 
             "Id":106231,
             "Text":"Có 4 cách: inline, embedded, linked và css riêng"
          },
          { 
             "Id":106232,
             "Text":"Có 1 cách: inline"
          },
          { 
             "Id":106233,
             "Text":"Có 2 cách: inline và embedded"
          }
       ]
    },
    { 
       "Id":25661,
       "Text":"Thẻ dòng (inline) có thể chứa thẻ khối (block)?",
       "Marks":1,
       "AnswerId":106235,
       "Answers":[ 
          { 
             "Id":106234,
             "Text":"Đúng"
          },
          { 
             "Id":106235,
             "Text":"Sai"
          }
       ]
    },
    { 
       "Id":25662,
       "Text":"Để viết chú thích trong các file css người sử dụng có thể sử dụng cách nào dưới đây: a. \u003c!-- chú thích--\u003e b. // chú thích c. -- chú thích d. /* chú thích */",
       "Marks":1,
       "AnswerId":106238,
       "Answers":[ 
          { 
             "Id":106236,
             "Text":"a, c"
          },
          { 
             "Id":106237,
             "Text":"d"
          },
          { 
             "Id":106238,
             "Text":"a"
          },
          { 
             "Id":106239,
             "Text":"a, d"
          }
       ]
    },
    { 
       "Id":25663,
       "Text":"Nội dung của trang web nằm trong thẻ nào?",
       "Marks":1,
       "AnswerId":106240,
       "Answers":[ 
          { 
             "Id":106240,
             "Text":"Thẻ body"
          },
          { 
             "Id":106241,
             "Text":"Thẻ title"
          },
          { 
             "Id":106242,
             "Text":"Thẻ style"
          },
          { 
             "Id":106243,
             "Text":"Thẻ head"
          }
       ]
    },
    { 
       "Id":25664,
       "Text":"Đoạn mã nào dưới đây viết thẻ lồng chính xác nhất?",
       "Marks":1,
       "AnswerId":106246,
       "Answers":[ 
          { 
             "Id":106244,
             "Text":"\u003cdiv id=\"menu\"\u003e   \u003cul\u003e     \u003cli\u003e \u003ca href=\"#\"\u003eTrang chủ\u003c/a\u003e\u003c/li\u003e     \u003cli\u003e \u003ca href=\"#\"\u003eGiới thiệu\u003c/a\u003e\u003c/li\u003e   \u003cdiv\u003e \u003c/ul\u003e"
          },
          { 
             "Id":106245,
             "Text":"\u003cdiv id=\"menu\"\u003e   \u003cul\u003e     \u003cli\u003e \u003ca href=\"#\"\u003eTrang chủ\u003c/a\u003e\u003c/li\u003e     \u003cli\u003e \u003ca href=\"#\"\u003eGiới thiệu\u003c/a\u003e\u003c/ul\u003e   \u003c/li\u003e \u003c/div\u003e"
          },
          { 
             "Id":106246,
             "Text":"\u003cdiv id=\"menu\"\u003e   \u003cul\u003e     \u003cli\u003e \u003ca href=\"#\"\u003eTrang chủ\u003c/a\u003e\u003c/li\u003e     \u003cli\u003e \u003ca href=\"#\"\u003eGiới thiệu\u003c/a\u003e\u003c/li\u003e   \u003c/ul\u003e \u003c/div\u003e"
          },
          { 
             "Id":106247,
             "Text":"\u003cdiv id=\"menu\"\u003e   \u003cul\u003e     \u003cli\u003e \u003ca href=\"#\"\u003eTrang chủ\u003c/li\u003e\u003c/a\u003e     \u003cli\u003e \u003ca href=\"#\"\u003eGiới thiệu\u003c/a\u003e\u003c/li\u003e   \u003c/ul\u003e \u003c/div\u003e"
          }
       ]
    },
    { 
       "Id":25665,
       "Text":"Thẻ nào là thẻ khối (block) trong các thẻ sau:",
       "Marks":1,
       "AnswerId":106250,
       "Answers":[ 
          { 
             "Id":106248,
             "Text":"Thẻ em"
          },
          { 
             "Id":106249,
             "Text":"Thẻ a"
          },
          { 
             "Id":106250,
             "Text":"Thẻ h1"
          },
          { 
             "Id":106251,
             "Text":"Thẻ strong"
          }
       ]
    },
    { 
       "Id":25666,
       "Text":"Ký tự \"\u0026lt;\" được sử dụng để làm gì trong XHTML?",
       "Marks":1,
       "AnswerId":106252,
       "Answers":[ 
          { 
             "Id":106252,
             "Text":"Đại diện cho ký tự \u003c được hiển thị trên màn hình"
          },
          { 
             "Id":106253,
             "Text":"Đại diện cho ký tự (©) được hiển thị trên màn hình"
          },
          { 
             "Id":106254,
             "Text":"Chỉ là các ký tự bình thường"
          },
          { 
             "Id":106255,
             "Text":"Đại diện cho ký tự ® được hiển thị trên màn hình"
          }
       ]
    },
    { 
       "Id":25667,
       "Text":"Trong Dreamweaver, khi ở chế độ Code View muốn tự động thụt lề của các thẻ lồng nhau sử dụng cách nào?",
       "Marks":1,
       "AnswerId":106257,
       "Answers":[ 
          { 
             "Id":106256,
             "Text":"menu Commands\u003eCheck Spelling"
          },
          { 
             "Id":106257,
             "Text":"menu Commands\u003eApply Source Formatting"
          },
          { 
             "Id":106258,
             "Text":"menu View\u003eCode"
          },
          { 
             "Id":106259,
             "Text":"menu View\u003eDesign"
          }
       ]
    },
    { 
       "Id":25668,
       "Text":"Thẻ nào là thẻ cha của thẻ img trong đoạn mã sau? \u003cdiv id=\"header\"\u003e     \u003cdiv id=\"banner\"\u003e         \u003cimg src=\"Images/Banner.jpg\" /\u003e         \u003cp id=\"logo\"\u003eViệt Nam Xuất Khẩu\u003c/p\u003e     \u003c/div\u003e     \u003cdiv id=\"menu\"\u003e \u003c/div\u003e \u003c/div\u003e",
       "Marks":1,
       "AnswerId":106263,
       "Answers":[ 
          { 
             "Id":106260,
             "Text":"\u003cdiv id=\"header\"\u003e"
          },
          { 
             "Id":106261,
             "Text":"\u003cdiv id=\"menu\"\u003e"
          },
          { 
             "Id":106262,
             "Text":"\u003cp id=\"logo\"\u003e"
          },
          { 
             "Id":106263,
             "Text":"\u003cdiv id=\"banner\"\u003e"
          }
       ]
    },
    { 
       "Id":25669,
       "Text":"Xác định luật css viết sai trong đoạn mã sau: \u003cdiv id=\"header\"\u003e     \u003cdiv id=\"banner\"\u003e         \u003cimg src=\"Images/Banner.jpg\" /\u003e         \u003cp id=\"logo\"\u003eViệt Nam Xuất Khẩu\u003c/p\u003e     \u003c/div\u003e     \u003cdiv id=\"menu\"\u003e \u003c/div\u003e \u003c/div\u003e",
       "Marks":1,
       "AnswerId":106265,
       "Answers":[ 
          { 
             "Id":106264,
             "Text":"#banner #logo{color:#F00;}"
          },
          { 
             "Id":106265,
             "Text":"#header .banner p{color:#F00;}"
          },
          { 
             "Id":106266,
             "Text":"#banner p{color:#F00;}"
          },
          { 
             "Id":106267,
             "Text":"#header #banner p{color:#F00;}"
          }
       ]
    },
    { 
       "Id":25670,
       "Text":"Để mỗi khi click chuột vào ô textbox, màu nền ô đó chuyển sang màu đỏ thì lệnh CSS tác dụng lên thẻ \u003cinput type=\"text\" name=\"user\" /\u003e  được viết là:",
       "Marks":1,
       "AnswerId":106271,
       "Answers":[ 
          { 
             "Id":106268,
             "Text":"input:befor{background-color:red}"
          },
          { 
             "Id":106269,
             "Text":"input:after{background-color:red}"
          },
          { 
             "Id":106270,
             "Text":"input:active{background-color:red}"
          },
          { 
             "Id":106271,
             "Text":"input:focus{background-color:red}"
          }
       ]
    },
    { 
       "Id":25671,
       "Text":"Có thể định nghĩa cùng style cho nhiều selector được không?Ví dụ: h1, h2, h3, p {color:blue; font-weight:bold;}",
       "Marks":1,
       "AnswerId":106272,
       "Answers":[ 
          { 
             "Id":106272,
             "Text":"Có"
          },
          { 
             "Id":106273,
             "Text":"Không"
          }
       ]
    },
    { 
       "Id":25672,
       "Text":"Phạm vi áp dụng cho kiểu tạo CSS dạng Linked style?",
       "Marks":1,
       "AnswerId":106274,
       "Answers":[ 
          { 
             "Id":106274,
             "Text":"Áp dụng cho toàn bộ website (nhiều trang khác nhau)"
          },
          { 
             "Id":106275,
             "Text":"Áp dụng chỉ 1 trang"
          },
          { 
             "Id":106276,
             "Text":"Áp dụng tối đa 5 trang"
          },
          { 
             "Id":106277,
             "Text":"Áp dụng tối đa 10 trang"
          }
       ]
    },
    { 
       "Id":25673,
       "Text":"Với lệnh CSS: .title_top{color:red} #new_top {color:green} Áp dụng cho đoạn mã XHTML dưới đây, style sẽ hiển thị như thế nào? \u003cp class=\"title_top\" id=\"new_top\"\u003eTái đề xuất xây dựng đường sắt cao tốc Bắc - Nam\u003c/p\u003e",
       "Marks":1,
       "AnswerId":106279,
       "Answers":[ 
          { 
             "Id":106278,
             "Text":"Báo lỗi vì viết lệnh sai"
          },
          { 
             "Id":106279,
             "Text":"Nội dung trong thẻ p màu xanh lá cây"
          },
          { 
             "Id":106280,
             "Text":"Nội dung trong thẻ p màu đen mặc định"
          },
          { 
             "Id":106281,
             "Text":"Nội dung trong thẻ p màu đỏ"
          }
       ]
    },
    { 
       "Id":25674,
       "Text":"Cách tạo style có tính kế thừa nào có thể sử dụng lại ở nhiều trang web khác?",
       "Marks":1,
       "AnswerId":106284,
       "Answers":[ 
          { 
             "Id":106282,
             "Text":"inline style"
          },
          { 
             "Id":106283,
             "Text":"Các phương án đều đúng"
          },
          { 
             "Id":106284,
             "Text":"linked style"
          },
          { 
             "Id":106285,
             "Text":"embedded style"
          }
       ]
    },
    { 
       "Id":25675,
       "Text":"Để biểu diễn giá trị số trong css, giá trị nào dưới đây là giá trị tuyệt đối?a. cmb. emc. pxd. %",
       "Marks":1,
       "AnswerId":106288,
       "Answers":[ 
          { 
             "Id":106286,
             "Text":"c, d"
          },
          { 
             "Id":106287,
             "Text":"b, c"
          },
          { 
             "Id":106288,
             "Text":"a, c"
          },
          { 
             "Id":106289,
             "Text":"a, b"
          }
       ]
    },
    { 
       "Id":25676,
       "Text":"Với lệnh CSS là .title em:last-child {color:red}áp dụng cho đoạn mã XHTML dưới đây, style sẽ hiển thị như thế nào? \u003cp class=\"title\"\u003e\u003cem\u003eCông nghệ\u003c/em\u003e giúp \u003cem\u003enhìn xuyên qua\u003c/em\u003e những \u003cem\u003exe \u003c/em\u003eđi trước\u003c/p\u003e",
       "Marks":1,
       "AnswerId":106293,
       "Answers":[ 
          { 
             "Id":106290,
             "Text":"Tất cả nội dung nằm trong thẻ em đều màu đỏ"
          },
          { 
             "Id":106291,
             "Text":"Nội dung \"Công nghệ\" nằm trong thẻ em màu đỏ"
          },
          { 
             "Id":106292,
             "Text":"Tất cả nội dung trong thẻ p đều màu đỏ"
          },
          { 
             "Id":106293,
             "Text":"Nội dung \"xe\" nằm trong thẻ em màu đỏ"
          }
       ]
    },
    { 
       "Id":25677,
       "Text":"Đối với những thẻ XHTML cùng áp dụng selector ID và selector Class thì selector ID sẽ ghi đè lên selector Class.",
       "Marks":1,
       "AnswerId":106294,
       "Answers":[ 
          { 
             "Id":106294,
             "Text":"Đúng"
          },
          { 
             "Id":106295,
             "Text":"Sai"
          }
       ]
    },
    { 
       "Id":25678,
       "Text":"Với lệnh CSS là p span{color:blue;}áp dụng cho đoạn mã XHTML dưới đây, style sẽ hiển thị: \u003cdiv class=\"new\"\u003e      \u003cp class=\"title\"\u003eHàng trăm người chặn \u003cspan\u003e quốc lộ 1A\u003c/span\u003e\u003c/p\u003e      \u003cp class=\"content\"\u003eThấy \u003cspan\u003etàu quốc tế \u003c/span\u003e đến, doanh nghiệp lạ",
       "Marks":1,
       "AnswerId":106298,
       "Answers":[ 
          { 
             "Id":106296,
             "Text":"Đoạn văn bản \"quốc lộ 1A\" có màu xanh nước biển"
          },
          { 
             "Id":106297,
             "Text":"Đoạn văn bản \"tàu quốc tế\" có màu xanh nước biển"
          },
          { 
             "Id":106298,
             "Text":"Tất cả văn bản nằm trong thẻ span có màu xanh nước biển"
          },
          { 
             "Id":106299,
             "Text":"Tất cả văn bản đều có màu xanh nước biển"
          }
       ]
    },
    { 
       "Id":25679,
       "Text":"Khi viết CSS theo dạng Embedded style cần thiết phải khai báo thêm câu lệnh gì?",
       "Marks":1,
       "AnswerId":106302,
       "Answers":[ 
          { 
             "Id":106300,
             "Text":"\u003cstyle type=\"text/javascript\"\u003e\u003c/style\u003e"
          },
          { 
             "Id":106301,
             "Text":"\u003clink href=\"#\" rel=\"stylesheet\" type=\"text/css\" /\u003e"
          },
          { 
             "Id":106302,
             "Text":"\u003cstyle  type=\"text/css\"\u003e \u003c/style\u003e"
          },
          { 
             "Id":106303,
             "Text":"Không cần khai báo thêm"
          }
       ]
    },
    { 
       "Id":25680,
       "Text":"Giá trị của thuộc tính text-align bao gồm?",
       "Marks":1,
       "AnswerId":106305,
       "Answers":[ 
          { 
             "Id":106304,
             "Text":"left, right, center"
          },
          { 
             "Id":106305,
             "Text":"left, right, center, justify"
          },
          { 
             "Id":106306,
             "Text":"left, right, justify"
          },
          { 
             "Id":106307,
             "Text":"left, right"
          }
       ]
    },
    { 
       "Id":25681,
       "Text":"Để đoạn văn bản trong thẻ p thụt vào đầu dòng 0.8em và độ cao của dòng là 21px thì lệnh CSS nào được áp dụng cho đoạn mã XHTML sau: \u003cp class=\"NoiDung\"\u003eNeymar làm lu mờ Gareth Bale trong trận đấu ở La Liga hôm 26/10 là một nội dung trong phần biếm họa bóng",
       "Marks":1,
       "AnswerId":106310,
       "Answers":[ 
          { 
             "Id":106308,
             "Text":".NoiDung{text-align:0.8em; line-height:21px;}"
          },
          { 
             "Id":106309,
             "Text":".NoiDung{text-indent:0.8em; word-spacing:21px;}"
          },
          { 
             "Id":106310,
             "Text":".NoiDung{text-indent:0.8em; line-height:21px;}"
          },
          { 
             "Id":106311,
             "Text":".NoiDung{text-align:0.8em; word-spacing:21px;}"
          }
       ]
    },
    { 
       "Id":25682,
       "Text":"Muốn nội dung thẻ div trong đoạn mã XHTML dưới đây có khoảng cách giữa các từ giãn cách nhau 0.2em, dùng lệnh CSS nào? \u003cdiv class=\"cate\"\u003e Thể thao trong nước\u003c/div\u003e",
       "Marks":1,
       "AnswerId":106315,
       "Answers":[ 
          { 
             "Id":106312,
             "Text":".cate{text-indent:.2em}"
          },
          { 
             "Id":106313,
             "Text":".cate{line-height:.2em}"
          },
          { 
             "Id":106314,
             "Text":".cate{letter-spacing:.2em}"
          },
          { 
             "Id":106315,
             "Text":".cate{word-spacing:.2em}"
          }
       ]
    },
    { 
       "Id":25683,
       "Text":"Thuộc tính nào của font thiết lập font được in nghiêng?",
       "Marks":1,
       "AnswerId":106318,
       "Answers":[ 
          { 
             "Id":106316,
             "Text":"font-variant"
          },
          { 
             "Id":106317,
             "Text":"text-transform"
          },
          { 
             "Id":106318,
             "Text":"font-style"
          },
          { 
             "Id":106319,
             "Text":"text-align"
          }
       ]
    },
    { 
       "Id":25684,
       "Text":"Để khi di chuột qua link có màu xanh lá cây và có gạch chân thì lệnh CSS nào được áp dụng cho đoạn mã XHTML sau: \u003cp class=\"news\"\u003e\u003ca href=\"#\"\u003eGareth Bale đánh giày cho Neymar ở El Clasico\u003c/a\u003e\u003c/p\u003e",
       "Marks":1,
       "AnswerId":106320,
       "Answers":[ 
          { 
             "Id":106320,
             "Text":".news a:hover{color:green; text-decoration:underline}"
          },
          { 
             "Id":106321,
             "Text":".news a:hover{color:green; text-decoration:none}"
          },
          { 
             "Id":106322,
             "Text":".news a:active{color:green; text-decoration:none}"
          },
          { 
             "Id":106323,
             "Text":".news a:active{color:green; text-decoration:underline}"
          }
       ]
    },
    { 
       "Id":25685,
       "Text":"Thuộc tính text-transform bao gồm bao nhiêu giá trị?",
       "Marks":1,
       "AnswerId":106324,
       "Answers":[ 
          { 
             "Id":106324,
             "Text":"5 giá trị: capitalize, inherit, lowercase, none, uppercase"
          },
          { 
             "Id":106325,
             "Text":"3 giá trị: capitalize, lowercase, uppercase"
          },
          { 
             "Id":106326,
             "Text":"4 giá trị: capitalize, uppercase, lowercase, none"
          },
          { 
             "Id":106327,
             "Text":"6 giá trị: capitalize, inherit, lowercase, none, uppercase, small-caps"
          }
       ]
    },
    { 
       "Id":25686,
       "Text":"Muốn loại bỏ gạch chân cho văn bản trong đoạn mã XHTML dưới đây, lệnh CSS nào đúng? \u003cdiv class=\"cate\"\u003e\u003ca href=\"#\"\u003e Thể thao trong nước\u003c/a\u003e\u003c/div\u003e",
       "Marks":1,
       "AnswerId":106330,
       "Answers":[ 
          { 
             "Id":106328,
             "Text":".cate a{text-decoration:overline;}"
          },
          { 
             "Id":106329,
             "Text":".cate a{text-decoration:line-through;}"
          },
          { 
             "Id":106330,
             "Text":".cate a{text-decoration:none;}"
          },
          { 
             "Id":106331,
             "Text":".cate a{text-decoration:underline;}"
          }
       ]
    },
    { 
       "Id":25687,
       "Text":"Giá trị nào dưới đây không phải là giá trị của thuộc tính text-decoration?",
       "Marks":1,
       "AnswerId":106332,
       "Answers":[ 
          { 
             "Id":106332,
             "Text":"capitalize"
          },
          { 
             "Id":106333,
             "Text":"line-through"
          },
          { 
             "Id":106334,
             "Text":"underline"
          },
          { 
             "Id":106335,
             "Text":"blink"
          }
       ]
    },
    { 
       "Id":25688,
       "Text":"Trong thuộc tính font-weight, có thể định nghĩa được độ dày (độ đậm) của font chữ lên giá trị tối đa là bao nhiêu?",
       "Marks":1,
       "AnswerId":106339,
       "Answers":[ 
          { 
             "Id":106336,
             "Text":"100"
          },
          { 
             "Id":106337,
             "Text":"500"
          },
          { 
             "Id":106338,
             "Text":"1000"
          },
          { 
             "Id":106339,
             "Text":"900"
          }
       ]
    },
    { 
       "Id":25689,
       "Text":"Độ ưu tiên khi khai báo font trong CSS(font-family:Georgia, \"Times New Roman\", Times, serif ) lần lượt là:a.Times New Romanb. Timesc. Georgiad. Font mặc định thuộc họ serif",
       "Marks":1,
       "AnswerId":106342,
       "Answers":[ 
          { 
             "Id":106340,
             "Text":"d, b, a, c"
          },
          { 
             "Id":106341,
             "Text":"b, a, c, d"
          },
          { 
             "Id":106342,
             "Text":"c, a, b, d"
          },
          { 
             "Id":106343,
             "Text":"a, b, c, d"
          }
       ]
    },
    { 
       "Id":25690,
       "Text":"Để thiết lập khoảng cách giữa hai hộp (box) có thể sử dụng thuộc tính nào?",
       "Marks":1,
       "AnswerId":106346,
       "Answers":[ 
          { 
             "Id":106344,
             "Text":"height"
          },
          { 
             "Id":106345,
             "Text":"padding"
          },
          { 
             "Id":106346,
             "Text":"margin"
          },
          { 
             "Id":106347,
             "Text":"width"
          }
       ]
    },
    { 
       "Id":25691,
       "Text":"Giá trị nào dưới đây không phải là giá trị của thuộc tính position?",
       "Marks":1,
       "AnswerId":106348,
       "Answers":[ 
          { 
             "Id":106348,
             "Text":"inline"
          },
          { 
             "Id":106349,
             "Text":"absolute"
          },
          { 
             "Id":106350,
             "Text":"static"
          },
          { 
             "Id":106351,
             "Text":"fixed"
          }
       ]
    },
    { 
       "Id":25692,
       "Text":"Người dùng có thể tổ chức bố cục trang web bằng việc kết hợp kỹ thuật nào?",
       "Marks":1,
       "AnswerId":106355,
       "Answers":[ 
          { 
             "Id":106352,
             "Text":"float và padding"
          },
          { 
             "Id":106353,
             "Text":"float và display"
          },
          { 
             "Id":106354,
             "Text":"float và margin"
          },
          { 
             "Id":106355,
             "Text":"float và clear"
          }
       ]
    },
    { 
       "Id":25693,
       "Text":"Lệnh CSS nào đúng khi sử dụng thuộc tính position cho mã XHTML dưới đây sẽ không di chuyển khi trang được cuộn? \u003cp class=\"title\"\u003eTin Xã Hội \u003c/p\u003e",
       "Marks":1,
       "AnswerId":106356,
       "Answers":[ 
          { 
             "Id":106356,
             "Text":".title{width:200px; height:25px;border:solid 1px red; position:fixed; top:200px; left:200px;}"
          },
          { 
             "Id":106357,
             "Text":".title{width:200px; height:25px;border:solid 1px red;position:absolute; top:200px; left:200px;}"
          },
          { 
             "Id":106358,
             "Text":".title{width:200px; height:25px;border:solid 1px red; position:relative; top:200px; left:200px;}"
          },
          { 
             "Id":106359,
             "Text":".title{width:200px; height:25px;border:solid 1px red; position:inherit; top:200px; left:200px;}"
          }
       ]
    },
    { 
       "Id":25694,
       "Text":"Giá trị nào dưới đây không phải là giá trị của thuộc tính float?",
       "Marks":1,
       "AnswerId":106363,
       "Answers":[ 
          { 
             "Id":106360,
             "Text":"inherit"
          },
          { 
             "Id":106361,
             "Text":"right"
          },
          { 
             "Id":106362,
             "Text":"left"
          },
          { 
             "Id":106363,
             "Text":"both"
          }
       ]
    },
    { 
       "Id":25695,
       "Text":"Khoảng cách giữa nội dung của hộp và đường viền là mặc định, không thể thay đổi.",
       "Marks":1,
       "AnswerId":106364,
       "Answers":[ 
          { 
             "Id":106364,
             "Text":"Sai"
          },
          { 
             "Id":106365,
             "Text":"Đúng"
          }
       ]
    },
    { 
       "Id":25696,
       "Text":"Khi sử dụng thuộc tính position thì giá trị nào của thuộc tính không cần thiết phải sử dụng các yếu tố căn chỉnh tọa độ: top, left, right, bottom?",
       "Marks":1,
       "AnswerId":106368,
       "Answers":[ 
          { 
             "Id":106366,
             "Text":"relative"
          },
          { 
             "Id":106367,
             "Text":"fixed"
          },
          { 
             "Id":106368,
             "Text":"static"
          },
          { 
             "Id":106369,
             "Text":"absolute"
          }
       ]
    },
    { 
       "Id":25697,
       "Text":"Với lệnh CSS: #box {width:200px; height:100px; background-color:#09F} .Tin{width:100px; height:100px; background-color:#930;} Áp dụng cho đoạn mã XHTML dưới đây: \u003cdiv id=\"box\"\u003e     \u003cp class=\"Tin\"\u003eGareth Bale đánh giày cho Neymar ở El Clasico\u003c/p\u003e \u003c/div\u003e Th",
       "Marks":1,
       "AnswerId":106372,
       "Answers":[ 
          { 
             "Id":106370,
             "Text":"Nội dung dòng đầu tiên trong thẻ p có kích thước là 30px và màu là xanh lá cây"
          },
          { 
             "Id":106371,
             "Text":"Khi di chuột qua nội dung trong thẻ p có kích thước là 30px và màu là xanh lá cây"
          },
          { 
             "Id":106372,
             "Text":"Nội dung kí tư đầu tiên trong thẻ p có kích thước là 30px và màu là xanh lá cây"
          },
          { 
             "Id":106373,
             "Text":"Nội dung trong thẻ p có kích thước là 30px và màu là xanh lá cây"
          }
       ]
    },
    { 
       "Id":25698,
       "Text":"Thuộc tính nào sau đây không phải là thuộc tính tạo khoảng đệm cho hộp với css?",
       "Marks":1,
       "AnswerId":106377,
       "Answers":[ 
          { 
             "Id":106374,
             "Text":"padding-left"
          },
          { 
             "Id":106375,
             "Text":"padding-bottom"
          },
          { 
             "Id":106376,
             "Text":"padding-top"
          },
          { 
             "Id":106377,
             "Text":"padding-down"
          }
       ]
    },
    { 
       "Id":25699,
       "Text":"Có những cách nào để khai báo giá trị màu sắc cho thuộc tính border-color?",
       "Marks":1,
       "AnswerId":106379,
       "Answers":[ 
          { 
             "Id":106378,
             "Text":"Có 2 cách: hệ Hexa và từ khóa"
          },
          { 
             "Id":106379,
             "Text":"Có 3 cách: giá trị RGB, hệ Hexa và từ khóa"
          },
          { 
             "Id":106380,
             "Text":"Có 3 cách: giá trị RGB, hệ Hexa"
          },
          { 
             "Id":106381,
             "Text":"Có 3 cách: pixel, hệ Hexa và từ khóa"
          }
       ]
    },
    { 
       "Id":25700,
       "Text":"Sử dụng tính kế thừa của CSS sẽ thuận lợi về mặt nào?",
       "Marks":1,
       "AnswerId":106383,
       "Answers":[ 
          { 
             "Id":106382,
             "Text":"Bố cục"
          },
          { 
             "Id":106383,
             "Text":"Dung lượng và tốc độ load"
          },
          { 
             "Id":106384,
             "Text":"Thẩm mĩ của trang web"
          },
          { 
             "Id":106385,
             "Text":"Hình ảnh"
          }
       ]
    },
    { 
       "Id":25701,
       "Text":"Khi thiết kế bố cục (layout) cho trang web điều gì là quan trọng nhất?",
       "Marks":1,
       "AnswerId":106388,
       "Answers":[ 
          { 
             "Id":106386,
             "Text":"Màu nền trang Web"
          },
          { 
             "Id":106387,
             "Text":"Đường viền hộp CSS"
          },
          { 
             "Id":106388,
             "Text":"Chiều ngang"
          },
          { 
             "Id":106389,
             "Text":"Chiều cao"
          }
       ]
    },
    { 
       "Id":25702,
       "Text":"Đối với IE6, cần khai báo thêm thuộc tính CSS nào cho thẻ body để căn giữa bố cục trên cửa sổ trình duyệt ?",
       "Marks":1,
       "AnswerId":106390,
       "Answers":[ 
          { 
             "Id":106390,
             "Text":"text-align: center"
          },
          { 
             "Id":106391,
             "Text":"text-align: left"
          },
          { 
             "Id":106392,
             "Text":"margin: auto"
          },
          { 
             "Id":106393,
             "Text":"padding: auto"
          }
       ]
    },
    { 
       "Id":25703,
       "Text":"Để tạo thanh cuộn cho box khi nội dung tràn ra, người dùng chọn giá trị nào cho thuộc tính overflow?",
       "Marks":1,
       "AnswerId":106396,
       "Answers":[ 
          { 
             "Id":106394,
             "Text":"inherit"
          },
          { 
             "Id":106395,
             "Text":"visible"
          },
          { 
             "Id":106396,
             "Text":"scroll"
          },
          { 
             "Id":106397,
             "Text":"hidden"
          }
       ]
    },
    { 
       "Id":25704,
       "Text":"Có thể thiết kế bố cục (layout) cho trang web bằng cách nào?a. Bố cục nổi (float) b. Bố cục AP divc. Định vị tuyệt đốid. Bố cục Insert Div Tag",
       "Marks":1,
       "AnswerId":106401,
       "Answers":[ 
          { 
             "Id":106398,
             "Text":"a, b"
          },
          { 
             "Id":106399,
             "Text":"c, d"
          },
          { 
             "Id":106400,
             "Text":"a, b, c, d"
          },
          { 
             "Id":106401,
             "Text":"a, c"
          }
       ]
    },
    { 
       "Id":25705,
       "Text":"Thiết lập thuộc tính CSS nào làm cho hình nền của cột Faux được lặp lại khi chiều dài trang tăng lên ?",
       "Marks":1,
       "AnswerId":106403,
       "Answers":[ 
          { 
             "Id":106402,
             "Text":"repeat-x"
          },
          { 
             "Id":106403,
             "Text":"repeat-y"
          },
          { 
             "Id":106404,
             "Text":"norepeat"
          },
          { 
             "Id":106405,
             "Text":"repeat"
          }
       ]
    },
    { 
       "Id":25706,
       "Text":"Để chuyển từ bố cục 2 cột với chiều rộng cố định sang bố cục 2 cột linh hoạt không khai báo thuộc tính nào?",
       "Marks":1,
       "AnswerId":106407,
       "Answers":[ 
          { 
             "Id":106406,
             "Text":"height"
          },
          { 
             "Id":106407,
             "Text":"width"
          },
          { 
             "Id":106408,
             "Text":"float"
          },
          { 
             "Id":106409,
             "Text":"clear"
          }
       ]
    },
    { 
       "Id":25707,
       "Text":"Với lệnh CSS: #content{width:600px; height:200px; background-color:#990} #left{width:200px; height:200px; background-color:#930; margin:10px;float:left} Áp dụng cho đoạn mã XHTML dưới đây: Nên đặt giá trị width của #right bằng bao nhiêu để bố cục trên vừa",
       "Marks":1,
       "AnswerId":106411,
       "Answers":[ 
          { 
             "Id":106410,
             "Text":"width:400px;"
          },
          { 
             "Id":106411,
             "Text":"Với lệnh CSS: #content{width:600px; height:200px; background-color:#990} #left{width:200px; height:200px; background-color:#930; margin:10px;float:left} Áp dụng cho đoạn mã XHTML dưới đây: \u003cdiv id=\"content\"\u003e      \u003cdiv id=\"left\"\u003e\u003c/div\u003e      \u003cdiv id=\"right\""
          },
          { 
             "Id":106412,
             "Text":"width:390px;"
          },
          { 
             "Id":106413,
             "Text":"width:410px;"
          }
       ]
    },
    { 
       "Id":25708,
       "Text":"Để điều chỉnh có ảo giác rằng tất cả các cột có cùng chiều cao khi bố cục chia làm nhiều cột, người dùng sử dụng phương pháp nào?a. Đặt kiểu cột Fauxb. Lập trình mở rộng divc. Sử dụng thuộc tính cleard. Sử dụng thuộc tính overflow",
       "Marks":1,
       "AnswerId":106416,
       "Answers":[ 
          { 
             "Id":106414,
             "Text":"a, b, c, d"
          },
          { 
             "Id":106415,
             "Text":"a, c"
          },
          { 
             "Id":106416,
             "Text":"a, b"
          },
          { 
             "Id":106417,
             "Text":"a, b, c"
          }
       ]
    },
    { 
       "Id":25709,
       "Text":"Với lệnh CSS: #content { width:840px; margin-left:auto; margin-right:auto; position:relative; background-color:#0FF;}  #left { position:absolute; width:240px; left:0px;}  #right { position:absolute; width: 600px; padding:0;} Áp dụng cho đoạn mã XHTML dưới",
       "Marks":1,
       "AnswerId":106418,
       "Answers":[ 
          { 
             "Id":106418,
             "Text":"left: 0px;"
          },
          { 
             "Id":106419,
             "Text":"left:840px;"
          },
          { 
             "Id":106420,
             "Text":"left:240px;"
          },
          { 
             "Id":106421,
             "Text":"left:600px;"
          }
       ]
    },
    { 
       "Id":25710,
       "Text":"Bố cục nào có khả năng mở rộng nội dung, kích thước chữ?",
       "Marks":1,
       "AnswerId":106422,
       "Answers":[ 
          { 
             "Id":106422,
             "Text":"Elastic"
          },
          { 
             "Id":106423,
             "Text":"Relative"
          },
          { 
             "Id":106424,
             "Text":"Fix"
          },
          { 
             "Id":106425,
             "Text":"Absolute"
          }
       ]
    },
    { 
       "Id":25711,
       "Text":"Trong table, thành phần \u003ctd\u003e nằm trong thành phần nào sau đây?",
       "Marks":1,
       "AnswerId":106426,
       "Answers":[ 
          { 
             "Id":106426,
             "Text":"\u003ctr\u003e"
          },
          { 
             "Id":106427,
             "Text":"\u003clabel\u003e"
          },
          { 
             "Id":106428,
             "Text":"\u003cdt\u003e"
          },
          { 
             "Id":106429,
             "Text":"\u003cshow\u003e"
          }
       ]
    },
    { 
       "Id":25712,
       "Text":"Bố cục Scaled xây dựng dựa trên công nghệ CSS3, đúng hay sai?",
       "Marks":1,
       "AnswerId":106430,
       "Answers":[ 
          { 
             "Id":106430,
             "Text":"Đúng"
          },
          { 
             "Id":106431,
             "Text":"Sai"
          }
       ]
    },
    { 
       "Id":25713,
       "Text":"Bố cục web dạng Elastic không sử dụng đơn vị em, đúng hay sai?",
       "Marks":1,
       "AnswerId":106433,
       "Answers":[ 
          { 
             "Id":106432,
             "Text":"Đúng"
          },
          { 
             "Id":106433,
             "Text":"Sai"
          }
       ]
    },
    { 
       "Id":25714,
       "Text":"Bố cục web nào thường được sử dụng trên trình duyệt của thiết bị di động?",
       "Marks":1,
       "AnswerId":106435,
       "Answers":[ 
          { 
             "Id":106434,
             "Text":"Relative"
          },
          { 
             "Id":106435,
             "Text":"Scaled"
          },
          { 
             "Id":106436,
             "Text":"Elastic"
          },
          { 
             "Id":106437,
             "Text":"Absolute"
          }
       ]
    },
    { 
       "Id":25715,
       "Text":"Thành phần table còn được sử dụng để làm gì?",
       "Marks":1,
       "AnswerId":106441,
       "Answers":[ 
          { 
             "Id":106438,
             "Text":"Trình bày dữ liệu dạng báo"
          },
          { 
             "Id":106439,
             "Text":"Trình bày dữ liệu dạng hàng"
          },
          { 
             "Id":106440,
             "Text":"Trình bày dữ liệu dạng RSS"
          },
          { 
             "Id":106441,
             "Text":"Trình bày dữ liệu dạng bảng"
          }
       ]
    },
    { 
       "Id":25716,
       "Text":"Thành phần nào được sử dụng trong thiết kế website?",
       "Marks":1,
       "AnswerId":106444,
       "Answers":[ 
          { 
             "Id":106442,
             "Text":"Content"
          },
          { 
             "Id":106443,
             "Text":"Footer"
          },
          { 
             "Id":106444,
             "Text":"Table"
          },
          { 
             "Id":106445,
             "Text":"Show"
          }
       ]
    },
    { 
       "Id":25717,
       "Text":"Bố cục nào sử dụng đơn vị đo lường dạng tuyệt đối?",
       "Marks":1,
       "AnswerId":106446,
       "Answers":[ 
          { 
             "Id":106446,
             "Text":"Absolute"
          },
          { 
             "Id":106447,
             "Text":"Relative"
          },
          { 
             "Id":106448,
             "Text":"Fix"
          },
          { 
             "Id":106449,
             "Text":"Elastic"
          }
       ]
    },
    { 
       "Id":25718,
       "Text":"Bố cục nào được xây dựng với đơn vị đo lường tính theo điểm ảnh (pixel)?",
       "Marks":1,
       "AnswerId":106450,
       "Answers":[ 
          { 
             "Id":106450,
             "Text":"Fixed"
          },
          { 
             "Id":106451,
             "Text":"Relative"
          },
          { 
             "Id":106452,
             "Text":"Absolute"
          },
          { 
             "Id":106453,
             "Text":"Scaled"
          }
       ]
    },
    { 
       "Id":25719,
       "Text":"Khi sử dụng min-width, max-width, bắt buộc phải sử dụng max-height. Đúng hay sai?",
       "Marks":1,
       "AnswerId":106455,
       "Answers":[ 
          { 
             "Id":106454,
             "Text":"Đúng"
          },
          { 
             "Id":106455,
             "Text":"Sai"
          }
       ]
    },
    { 
       "Id":25720,
       "Text":"Với đoạn mã XHTML: \u003cul\u003e     \u003cli\u003e Danh sách 1 \u003c/li\u003e     \u003cli\u003e Danh sách 2 \u003c/li\u003e     \u003cli\u003e Danh sách 3 \u003c/li\u003e \u003c/ul\u003e Để tạo đường kẻ dưới nét đứt 1px màu đỏ cho mỗi dòng của danh sách người dùng sử dụng lệnh nào?",
       "Marks":1,
       "AnswerId":106458,
       "Answers":[ 
          { 
             "Id":106456,
             "Text":"ul{border-bottom:1px dotted red}"
          },
          { 
             "Id":106457,
             "Text":"ul li {border-bottom:1px solid red}"
          },
          { 
             "Id":106458,
             "Text":"ul li {border-bottom:1px dotted red}"
          },
          { 
             "Id":106459,
             "Text":"ul li {border-bottom:1px solid red}"
          }
       ]
    },
    { 
       "Id":25721,
       "Text":"Với đoạn mã XHTML: \u003cul\u003e     \u003cli\u003e Danh sách 1 \u003c/li\u003e     \u003cli\u003e Danh sách 2 \u003c/li\u003e     \u003cli\u003e Danh sách 3 \u003c/li\u003e \u003c/ul\u003e Để xóa bỏ dấu tròn bullet của danh sách người dùng sử dụng lệnh nào?",
       "Marks":1,
       "AnswerId":106463,
       "Answers":[ 
          { 
             "Id":106460,
             "Text":"ul li {list-style-position:none}"
          },
          { 
             "Id":106461,
             "Text":"ul li {list-style-image:none}"
          },
          { 
             "Id":106462,
             "Text":"ul li {list-type:none}"
          },
          { 
             "Id":106463,
             "Text":"ul li {list-style-type:none}"
          }
       ]
    },
    { 
       "Id":25722,
       "Text":"Có thể đặt thuộc tính id hoặc class vào trong các thẻ của bảng: table, tr,.. và áp dụng luật CSS như với các thẻ XHTML thông thường hay không?",
       "Marks":1,
       "AnswerId":106464,
       "Answers":[ 
          { 
             "Id":106464,
             "Text":"Có"
          },
          { 
             "Id":106465,
             "Text":"Không"
          }
       ]
    },
    { 
       "Id":25723,
       "Text":"Muốn khi click chuột để nhập liệu vào textbox, màu nền textbox chuyển sang màu xanh thì khai báo CSS như thế nào? \u003cinput class=\"NhapLieu\" type=\"text\" name=\"DiaChi\"  /\u003e",
       "Marks":1,
       "AnswerId":106468,
       "Answers":[ 
          { 
             "Id":106466,
             "Text":"input.NhapLieu{background-color:green}"
          },
          { 
             "Id":106467,
             "Text":".NhapLieu{background-color:green}"
          },
          { 
             "Id":106468,
             "Text":"input:focus{background-color:green}"
          },
          { 
             "Id":106469,
             "Text":"input{background-color:green}"
          }
       ]
    },
    { 
       "Id":25724,
       "Text":"Với đoạn mã XHTML: \u003cdiv id=\"menu\"\u003e     \u003cul\u003e         \u003cli\u003e\u003ca href=\"#\"\u003e Trang chủ\u003c/a\u003e\u003c/li\u003e         \u003cli\u003e\u003ca href=\"#\"\u003e Sản phẩm\u003c/a\u003e\u003c/li\u003e         \u003cli\u003e\u003ca href=\"#\"\u003e Liên hệ\u003c/a\u003e\u003c/li\u003e     \u003c/ul\u003e \u003c/div\u003e và lệnh CSS: #menu ul li{float:left;padding:0 20px;} Muốn mỗi thà",
       "Marks":1,
       "AnswerId":106472,
       "Answers":[ 
          { 
             "Id":106470,
             "Text":"Không làm được"
          },
          { 
             "Id":106471,
             "Text":"border:1px solid green"
          },
          { 
             "Id":106472,
             "Text":"border-right:1px solid green"
          },
          { 
             "Id":106473,
             "Text":"border-left:1px solid green"
          }
       ]
    },
    { 
       "Id":25725,
       "Text":"Các thẻ nào dưới đây không phải là thẻ để tạo bảng",
       "Marks":1,
       "AnswerId":106474,
       "Answers":[ 
          { 
             "Id":106474,
             "Text":"tb"
          },
          { 
             "Id":106475,
             "Text":"table"
          },
          { 
             "Id":106476,
             "Text":"th"
          },
          { 
             "Id":106477,
             "Text":"tr, td"
          }
       ]
    },
    { 
       "Id":25726,
       "Text":"Muốn khoảng cách giữa các ô và khoảng đệm của mỗi ô trong bảng bằng 0 thì người dùng thêm thuộc tính nào vào trong thẻ table?",
       "Marks":1,
       "AnswerId":106481,
       "Answers":[ 
          { 
             "Id":106478,
             "Text":"cellspacing=\"0\" colspan=\"0\""
          },
          { 
             "Id":106479,
             "Text":"cols=\"0\" cellspacing=\"0\""
          },
          { 
             "Id":106480,
             "Text":"cellpadding=\"0\" cols=\"0\""
          },
          { 
             "Id":106481,
             "Text":"cellpadding=\"0\" cellspacing=\"0\""
          }
       ]
    },
    { 
       "Id":25727,
       "Text":"Những thẻ nào của bảng mà CSS có thể tác động lên:a. tableb. tr, tdc. thd. border",
       "Marks":1,
       "AnswerId":106483,
       "Answers":[ 
          { 
             "Id":106482,
             "Text":"a, b, c, d"
          },
          { 
             "Id":106483,
             "Text":"a, b, c"
          },
          { 
             "Id":106484,
             "Text":"a, c, d"
          },
          { 
             "Id":106485,
             "Text":"b, c, d"
          }
       ]
    },
    { 
       "Id":25728,
       "Text":"Muốn tạo ra một ô textbox mà người dùng có thể nhập liệu vào thì khai báo như thế nào?",
       "Marks":1,
       "AnswerId":106488,
       "Answers":[ 
          { 
             "Id":106486,
             "Text":"\u003cinput type=\"textarea\" name=\"user\" /\u003e"
          },
          { 
             "Id":106487,
             "Text":"\u003cinput type=\"textfield\" name=\"user\" /\u003e"
          },
          { 
             "Id":106488,
             "Text":"\u003cinput type=\"text\" name=\"user\" /\u003e"
          },
          { 
             "Id":106489,
             "Text":"\u003cinput type=\"textbox\" name=\"user\" /\u003e"
          }
       ]
    },
    { 
       "Id":25729,
       "Text":"Thành phần giao diện nào giúp gửi dữ liệu người dùng từ trình duyệt đến máy chủ thông qua Internet",
       "Marks":1,
       "AnswerId":106492,
       "Answers":[ 
          { 
             "Id":106490,
             "Text":"Menu"
          },
          { 
             "Id":106491,
             "Text":"Danh sách (List)"
          },
          { 
             "Id":106492,
             "Text":"Form"
          },
          { 
             "Id":106493,
             "Text":"Bảng (Table)"
          }
       ]
    },
    { 
       "Id":25730,
       "Text":"Giả sử có mã XHTML:  \u003cinput class=\"NhapLieu\" type=\"text\" name=\"User\"   /\u003e Muốn để ô textbox có dòng chữ \"Điền tên đăng nhập\" mặc định, khi click chuột vào dòng chữ biến mất thì người dùng thêm thuộc tính nào vào thẻ input?",
       "Marks":1,
       "AnswerId":106495,
       "Answers":[ 
          { 
             "Id":106494,
             "Text":"pattern=\"Điền tên đăng nhập\""
          },
          { 
             "Id":106495,
             "Text":"placeholder=\"Điền tên đăng nhập\""
          },
          { 
             "Id":106496,
             "Text":"value=\"Điền tên đăng nhập\""
          },
          { 
             "Id":106497,
             "Text":"title=\"Điền tên đăng nhập\""
          }
       ]
    },
    { 
       "Id":25731,
       "Text":"Muốn tạo bo góc của box trên trang web, người dùng làm cách nào?a. Sử dụng JavaSscriptb. Sử dụng Ajaxc.Sử dụng HTML5d. Sử dụng tính năng mới của CSS3",
       "Marks":1,
       "AnswerId":106501,
       "Answers":[ 
          { 
             "Id":106498,
             "Text":"a, b"
          },
          { 
             "Id":106499,
             "Text":"a, c"
          },
          { 
             "Id":106500,
             "Text":"b, d"
          },
          { 
             "Id":106501,
             "Text":"a, d"
          }
       ]
    },
    { 
       "Id":25732,
       "Text":"Để tạo ra menu, người dùng thường sử dụng thẻ XHTML nào?",
       "Marks":1,
       "AnswerId":106503,
       "Answers":[ 
          { 
             "Id":106502,
             "Text":"p, br"
          },
          { 
             "Id":106503,
             "Text":"ul, li"
          },
          { 
             "Id":106504,
             "Text":"select, option"
          },
          { 
             "Id":106505,
             "Text":"form, input"
          }
       ]
    },
    { 
       "Id":25733,
       "Text":"ISP viết tắt của từ nào?",
       "Marks":1,
       "AnswerId":106506,
       "Answers":[ 
          { 
             "Id":106506,
             "Text":"Internet service provider"
          },
          { 
             "Id":106507,
             "Text":"Internet server product"
          },
          { 
             "Id":106508,
             "Text":"Internet server provider"
          },
          { 
             "Id":106509,
             "Text":"Integrate service provider"
          }
       ]
    },
    { 
       "Id":25734,
       "Text":"Trong file XHTML chỉ có thể gọi tối đa một file CSS?",
       "Marks":1,
       "AnswerId":106510,
       "Answers":[ 
          { 
             "Id":106510,
             "Text":"Sai"
          },
          { 
             "Id":106511,
             "Text":"Đúng"
          }
       ]
    },
    { 
       "Id":25735,
       "Text":"Để nút Submit sẽ sử dụng ảnh thay vì sử dụng nút mặc định thông thường do hệ thống tạo ra, người dùng sử dụng câu lệnh nào sau đây ?",
       "Marks":1,
       "AnswerId":106514,
       "Answers":[ 
          { 
             "Id":106512,
             "Text":"\u003cinput name=\"image\" type=\"submit\" /\u003e"
          },
          { 
             "Id":106513,
             "Text":"\u003cinput name=\"image\" type=\"button\" /\u003e"
          },
          { 
             "Id":106514,
             "Text":"\u003cinput type=\"image\" src=\"url\" /\u003e"
          },
          { 
             "Id":106515,
             "Text":"\u003cinput name=\"image\" type=\"file\" /\u003e"
          }
       ]
    },
    { 
       "Id":25736,
       "Text":"Để mỗi từ trong 1 dòng đều viết hoa ở đầu từ, người dùng sử dụng thuộc tính CSS nào sau đây?",
       "Marks":1,
       "AnswerId":106518,
       "Answers":[ 
          { 
             "Id":106516,
             "Text":"text-transform:uppercase"
          },
          { 
             "Id":106517,
             "Text":"không thể làm với CSS"
          },
          { 
             "Id":106518,
             "Text":"text-transform:capitalize"
          },
          { 
             "Id":106519,
             "Text":"text-transform:lowercase"
          }
       ]
    },
    { 
       "Id":25737,
       "Text":"Lệnh CSS ﬁlter:alpha(opacity=90); dùng để thực hiện trên trình duyệt nào?",
       "Marks":1,
       "AnswerId":106523,
       "Answers":[ 
          { 
             "Id":106520,
             "Text":"FireFox"
          },
          { 
             "Id":106521,
             "Text":"Opera"
          },
          { 
             "Id":106522,
             "Text":"Chrome"
          },
          { 
             "Id":106523,
             "Text":"IE"
          }
       ]
    },
    { 
       "Id":25738,
       "Text":"XHTML không hiển thị được hình nền. Đúng hay sai?",
       "Marks":1,
       "AnswerId":106525,
       "Answers":[ 
          { 
             "Id":106524,
             "Text":"Đúng"
          },
          { 
             "Id":106525,
             "Text":"Sai"
          }
       ]
    },
    { 
       "Id":25739,
       "Text":"Điều gì cần phải chú ý trong trường hợp cần gọi nhiều file CSS vào trong cùng 1 file XHTML ?",
       "Marks":1,
       "AnswerId":106527,
       "Answers":[ 
          { 
             "Id":106526,
             "Text":"Bố cục của CSS và XHTML"
          },
          { 
             "Id":106527,
             "Text":"Sự ghi đè của các câu lệnh trong các file CSS"
          },
          { 
             "Id":106528,
             "Text":"Không có điều gì cả"
          },
          { 
             "Id":106529,
             "Text":"Bố cục của class và id"
          }
       ]
    }
 ]