[ 
    { 
       "Id":25342,
       "Text":"Phát triển web di động bắt buộc phải sử dụng IDE Dreamweaver, đúng hay sai?",
       "Marks":1,
       "AnswerId":105034,
       "Answers":[ 
          { 
             "Id":105033,
             "Text":"Đúng"
          },
          { 
             "Id":105034,
             "Text":"Sai"
          }
       ]
    },
    { 
       "Id":25343,
       "Text":"\"Máy chủ web sử dụng chỉ thị AddType trong cấu hình mod_mine để thêm kiểu MIME mới vào file cấu hình mime.types, httpd.conf hay .htaccess\" là kiểu máy chủ nào sau đây?",
       "Marks":1,
       "AnswerId":105037,
       "Answers":[ 
          { 
             "Id":105035,
             "Text":"Máy chủ Nginx"
          },
          { 
             "Id":105036,
             "Text":"Máy chủ Window"
          },
          { 
             "Id":105037,
             "Text":"Máy chủ Apache"
          },
          { 
             "Id":105038,
             "Text":"Máy chủ Microsoft IIS"
          }
       ]
    },
    { 
       "Id":25344,
       "Text":"Những giải pháp dành cho web trên máy tính như: độ phân giải, kích thước hoàn toàn sử dụng được trên thiết bị di động. Đúng hay sai?",
       "Marks":1,
       "AnswerId":105039,
       "Answers":[ 
          { 
             "Id":105039,
             "Text":"Sai"
          },
          { 
             "Id":105040,
             "Text":"Đúng"
          }
       ]
    },
    { 
       "Id":25345,
       "Text":"Danh sách kiểu MIME được hỗ trợ thông qua các giá trị nằm trong trường nào của HTTP Request?",
       "Marks":1,
       "AnswerId":105043,
       "Answers":[ 
          { 
             "Id":105041,
             "Text":"Trường Degree"
          },
          { 
             "Id":105042,
             "Text":"Trường Save"
          },
          { 
             "Id":105043,
             "Text":"Trường Accept"
          },
          { 
             "Id":105044,
             "Text":"Trường Agree"
          }
       ]
    },
    { 
       "Id":25346,
       "Text":"Thành phần nào mô tả kiểu file tài liệu truyền cho máy khách trong hồi đáp HTTP (HTTP Respone)?",
       "Marks":1,
       "AnswerId":105046,
       "Answers":[ 
          { 
             "Id":105045,
             "Text":"MIMI"
          },
          { 
             "Id":105046,
             "Text":"MIME"
          },
          { 
             "Id":105047,
             "Text":"MIMO"
          },
          { 
             "Id":105048,
             "Text":"MIMA"
          }
       ]
    },
    { 
       "Id":25347,
       "Text":"Tiêu chuẩn W3C được áp dụng chặt chẽ và rộng rãi trên trình duyệt của thiết bị nào?",
       "Marks":1,
       "AnswerId":105049,
       "Answers":[ 
          { 
             "Id":105049,
             "Text":"Thiết bị máy tính"
          },
          { 
             "Id":105050,
             "Text":"Thiết bị di động"
          }
       ]
    },
    { 
       "Id":25348,
       "Text":"Các kiểu MIME phân biệt ngôn ngữ đánh dấu di động với HTML trên máy tính. ĐÚng hay sai?",
       "Marks":1,
       "AnswerId":105051,
       "Answers":[ 
          { 
             "Id":105051,
             "Text":"Đúng"
          },
          { 
             "Id":105052,
             "Text":"Sai"
          }
       ]
    },
    { 
       "Id":25349,
       "Text":"Kiểu MIME liên kết với mỗi tài liệu web lưu trữ trong trường nào trong hồi đáp HTTP?",
       "Marks":1,
       "AnswerId":105053,
       "Answers":[ 
          { 
             "Id":105053,
             "Text":"Content-Type"
          },
          { 
             "Id":105054,
             "Text":"Degree"
          },
          { 
             "Id":105055,
             "Text":"Save"
          },
          { 
             "Id":105056,
             "Text":"Accept"
          }
       ]
    },
    { 
       "Id":25350,
       "Text":"Đối với máy chủ Nginx, để cấu hình kiểu MIME phải làm như thế nào?",
       "Marks":1,
       "AnswerId":105057,
       "Answers":[ 
          { 
             "Id":105057,
             "Text":"Cấu hình trực tiếp trong file nginx.conf"
          },
          { 
             "Id":105058,
             "Text":"Cấu hình trực tiếp trong file nginx.common"
          },
          { 
             "Id":105059,
             "Text":"Cấu hình trực tiếp trong file conf.nginx"
          },
          { 
             "Id":105060,
             "Text":"Cấu hình trực tiếp trong file common. Nginx"
          }
       ]
    },
    { 
       "Id":25351,
       "Text":"Người quản trị web phải thêm bằng tay các kiểu MIME di động còn thiếu, điều này đúng hay sai?",
       "Marks":1,
       "AnswerId":105061,
       "Answers":[ 
          { 
             "Id":105061,
             "Text":"Đúng"
          },
          { 
             "Id":105062,
             "Text":"Sai"
          }
       ]
    },
    { 
       "Id":25352,
       "Text":"Chức năng bộ nhớ đệm của HTML5 được ứng dụng nhiều trên các trình duyệt. Đúng hay sai?",
       "Marks":1,
       "AnswerId":105063,
       "Answers":[ 
          { 
             "Id":105063,
             "Text":"Đúng"
          },
          { 
             "Id":105064,
             "Text":"Sai"
          }
       ]
    },
    { 
       "Id":25353,
       "Text":"XHTML-MP hỗ trợ thành phần nào sau đây?",
       "Marks":1,
       "AnswerId":105065,
       "Answers":[ 
          { 
             "Id":105065,
             "Text":"CSS"
          },
          { 
             "Id":105066,
             "Text":"Upload"
          },
          { 
             "Id":105067,
             "Text":"AJAX"
          },
          { 
             "Id":105068,
             "Text":"AS"
          }
       ]
    },
    { 
       "Id":25354,
       "Text":"scheme URI tel: và wtai: được hỗ trợ rộng rãi trong các trình duyệt di động. Đúng hay sai?",
       "Marks":1,
       "AnswerId":105070,
       "Answers":[ 
          { 
             "Id":105069,
             "Text":"Đúng"
          },
          { 
             "Id":105070,
             "Text":"Sai"
          }
       ]
    },
    { 
       "Id":25355,
       "Text":"Tính năng nào được sử dụng để bắt đầu các cuộc gọi điện thoại và thêm số điện thoại liên lạc vào sổ địa chỉ của thiết bị di động?",
       "Marks":1,
       "AnswerId":105071,
       "Answers":[ 
          { 
             "Id":105071,
             "Text":"Scheme Wtai"
          },
          { 
             "Id":105072,
             "Text":"Scheme Day"
          },
          { 
             "Id":105073,
             "Text":"Scheme Mobile"
          },
          { 
             "Id":105074,
             "Text":"Scheme Tel"
          }
       ]
    },
    { 
       "Id":25356,
       "Text":"Phát biểu \"Là sự kết hợp của cả 2 dạng cú pháp: XHTML và HTML\" là định nghĩa về?",
       "Marks":1,
       "AnswerId":105077,
       "Answers":[ 
          { 
             "Id":105075,
             "Text":"XHTML1"
          },
          { 
             "Id":105076,
             "Text":"AJAX"
          },
          { 
             "Id":105077,
             "Text":"HTML5"
          },
          { 
             "Id":105078,
             "Text":"HTML4"
          }
       ]
    },
    { 
       "Id":25357,
       "Text":"XHTML được sử dụng cho điện thoại di động thông minh. Đúng hay sai?",
       "Marks":1,
       "AnswerId":105079,
       "Answers":[ 
          { 
             "Id":105079,
             "Text":"Đúng"
          },
          { 
             "Id":105080,
             "Text":"Sai"
          }
       ]
    },
    { 
       "Id":25358,
       "Text":"XHTML-MP không cung cấp hỗ trợ cơ bản cho biểu mẫu (form). Đúng hay sai?",
       "Marks":1,
       "AnswerId":105081,
       "Answers":[ 
          { 
             "Id":105081,
             "Text":"Sai"
          },
          { 
             "Id":105082,
             "Text":"Đúng"
          }
       ]
    },
    { 
       "Id":25359,
       "Text":"Đâu là lý do không chọn HTML khi phát triển web di động?",
       "Marks":1,
       "AnswerId":105083,
       "Answers":[ 
          { 
             "Id":105083,
             "Text":"HTML có định dạng kém, nên khi sử dụng, hiệu năng duyệt web của người dùng cũng bị kém đi"
          },
          { 
             "Id":105084,
             "Text":"HTML không hiển thị được văn bản dài trong web di động"
          },
          { 
             "Id":105085,
             "Text":"HTML không upload được với web di động"
          },
          { 
             "Id":105086,
             "Text":"HTML không hiển thị được hình ảnh trong web di động"
          }
       ]
    },
    { 
       "Id":25360,
       "Text":"Tính năng chuyên dụng nào cho phép người sử dụng di động bấm vào một liên kết để bắt đầu cuộc gọi điện thoại?",
       "Marks":1,
       "AnswerId":105090,
       "Answers":[ 
          { 
             "Id":105087,
             "Text":"Scheme Day"
          },
          { 
             "Id":105088,
             "Text":"Scheme Show"
          },
          { 
             "Id":105089,
             "Text":"Scheme Mobile"
          },
          { 
             "Id":105090,
             "Text":"Scheme Tel"
          }
       ]
    },
    { 
       "Id":25361,
       "Text":"XHTML-MP là mã đánh dấu không phù hợp cho trình duyệt trên tất cả các loại thiết bị di động. Đúng hay sai?",
       "Marks":1,
       "AnswerId":105091,
       "Answers":[ 
          { 
             "Id":105091,
             "Text":"Sai"
          },
          { 
             "Id":105092,
             "Text":"Đúng"
          }
       ]
    },
    { 
       "Id":25362,
       "Text":"Chỉ có thể sử dụng những theme mặc định có sẵn trong khai báo khi tạo site. Đúng hay sai?",
       "Marks":1,
       "AnswerId":105094,
       "Answers":[ 
          { 
             "Id":105093,
             "Text":"Đúng"
          },
          { 
             "Id":105094,
             "Text":"Sai"
          }
       ]
    },
    { 
       "Id":25363,
       "Text":"Thành phần nào sau đây được sử dụng để thay đổi theme cho web di động?",
       "Marks":1,
       "AnswerId":105096,
       "Answers":[ 
          { 
             "Id":105095,
             "Text":"data-show-theme"
          },
          { 
             "Id":105096,
             "Text":"data-theme"
          },
          { 
             "Id":105097,
             "Text":"data-add-theme"
          },
          { 
             "Id":105098,
             "Text":"data-like-theme"
          }
       ]
    },
    { 
       "Id":25364,
       "Text":"Mặc định khi khởi tạo site với Dreamweaver, trên site sẽ gồm bao nhiêu thành phần trang con trên trang?",
       "Marks":1,
       "AnswerId":105100,
       "Answers":[ 
          { 
             "Id":105099,
             "Text":"2"
          },
          { 
             "Id":105100,
             "Text":"3"
          },
          { 
             "Id":105101,
             "Text":"1"
          },
          { 
             "Id":105102,
             "Text":"4"
          }
       ]
    },
    { 
       "Id":25365,
       "Text":"Trong giao dịch AJAX việc xử lý các thay đổi trạng thái của XMLHttpRequest nhằm mục đích gì?",
       "Marks":1,
       "AnswerId":105105,
       "Answers":[ 
          { 
             "Id":105103,
             "Text":"Cập nhật CSS cho web"
          },
          { 
             "Id":105104,
             "Text":"Phát hiện CSS lỗi cho web"
          },
          { 
             "Id":105105,
             "Text":"Phát hiện lỗi và lấy về tài liệu web được gửi phản hồi"
          },
          { 
             "Id":105106,
             "Text":"Cập nhật phần động cho web"
          }
       ]
    },
    { 
       "Id":25366,
       "Text":"Trong giao dịch AJAX việc sử dụng document.getElementById và element.innerHTML nhằm mục đích gì?",
       "Marks":1,
       "AnswerId":105110,
       "Answers":[ 
          { 
             "Id":105107,
             "Text":"Cập nhật Js cho web"
          },
          { 
             "Id":105108,
             "Text":"Cập nhật hình ảnh cho web"
          },
          { 
             "Id":105109,
             "Text":"Cập nhật CSS cho web"
          },
          { 
             "Id":105110,
             "Text":"Cập nhật phần động cho web"
          }
       ]
    },
    { 
       "Id":25367,
       "Text":"Đâu là phát biểu đúng về AJAX?",
       "Marks":1,
       "AnswerId":105113,
       "Answers":[ 
          { 
             "Id":105111,
             "Text":"Là phương pháp sử dụng CSS để cập nhật từng phần (không phải toàn bộ) thông tin trên trang web thông qua yêu cầu nền gửi tới máy chủ web"
          },
          { 
             "Id":105112,
             "Text":"Là phương pháp sử dụng HTML để cập nhật từng phần (không phải toàn bộ) thông tin trên trang web thông qua yêu cầu nền gửi tới máy chủ web"
          },
          { 
             "Id":105113,
             "Text":"Là phương pháp sử dụng JavaScript để cập nhật từng phần (không phải toàn bộ) thông tin trên trang web thông qua yêu cầu nền gửi tới máy chủ web"
          },
          { 
             "Id":105114,
             "Text":"Là phương pháp sử dụng JavaScript để cập nhật toàn bộ thông tin trên trang web thông qua yêu cầu nền gửi tới máy chủ web"
          }
       ]
    },
    { 
       "Id":25368,
       "Text":"Đâu là sự kiện Javascript được hỗ trợ trong XHTML-MP1.1",
       "Marks":1,
       "AnswerId":105117,
       "Answers":[ 
          { 
             "Id":105115,
             "Text":"onMouseClick"
          },
          { 
             "Id":105116,
             "Text":"onRelease"
          },
          { 
             "Id":105117,
             "Text":"onsubmit"
          },
          { 
             "Id":105118,
             "Text":"onMouseOver"
          }
       ]
    },
    { 
       "Id":25369,
       "Text":"Một số trình duyệt Microsoft (bao gồm Internet Explorer Mobile) hỗ trợ AJAX thông qua đối tượng ActiveX thay vì XMLHttpRequest. Điều này đúng hay sai?",
       "Marks":1,
       "AnswerId":105119,
       "Answers":[ 
          { 
             "Id":105119,
             "Text":"Đúng"
          },
          { 
             "Id":105120,
             "Text":"Sai"
          }
       ]
    },
    { 
       "Id":25370,
       "Text":"API có bản quyền mở rộng thêm các chức năng và đối tượng mới cho máy ảo JavaScript. Điều này đúng hay sai?",
       "Marks":1,
       "AnswerId":105121,
       "Answers":[ 
          { 
             "Id":105121,
             "Text":"Đúng"
          },
          { 
             "Id":105122,
             "Text":"Sai"
          }
       ]
    },
    { 
       "Id":25371,
       "Text":"Đâu là một trong các bước cơ bản để cho phép AJAX nằm trong tài liệu web di động?",
       "Marks":1,
       "AnswerId":105124,
       "Answers":[ 
          { 
             "Id":105123,
             "Text":"Dùng nhiều yêu cầu web chạy nền làm tăng hiệu năng của trình duyệt"
          },
          { 
             "Id":105124,
             "Text":"Trong JavaScript, tạo đối tượng XMLHttpRequest – là đối tượng AJAX thực hiện yêu cầu gửi cập nhật từng phần đến máy chủ web"
          },
          { 
             "Id":105125,
             "Text":"Trong JavaScript, tạo đối tượng XMLHttpRespone – là đối tượng AJAX thực hiện yêu cầu gửi cập nhật từng phần đến máy chủ web"
          },
          { 
             "Id":105126,
             "Text":"Trong HTML, sử dụng document.getElementById và element.innerHTML để cập nhật phần động của tài liệu"
          }
       ]
    },
    { 
       "Id":25372,
       "Text":"Trang Jquery Mobile không bao gồm CSS. Điều này đúng hay sai?",
       "Marks":1,
       "AnswerId":105128,
       "Answers":[ 
          { 
             "Id":105127,
             "Text":"Đúng"
          },
          { 
             "Id":105128,
             "Text":"Sai"
          }
       ]
    },
    { 
       "Id":25373,
       "Text":"Cách hiển thị Form trên trang web di động hoàn toàn giống với form trên trang web hoạt động trên máy tính. Điều này đúng hay sai?",
       "Marks":1,
       "AnswerId":105130,
       "Answers":[ 
          { 
             "Id":105129,
             "Text":"Đúng"
          },
          { 
             "Id":105130,
             "Text":"Sai"
          }
       ]
    },
    { 
       "Id":25374,
       "Text":"Trong Dreamweaver, sau khi đã khởi tạo site thì không thể thay đổi được kích cỡ hiển thị của trang web. Điều này đúng hay sai?",
       "Marks":1,
       "AnswerId":105132,
       "Answers":[ 
          { 
             "Id":105131,
             "Text":"Đúng"
          },
          { 
             "Id":105132,
             "Text":"Sai"
          }
       ]
    },
    { 
       "Id":25375,
       "Text":"Thành phần nào giúp người dùng dễ dàng đánh giá thông tin (sản phẩm, hình ảnh, ...) trên trang web di động?",
       "Marks":1,
       "AnswerId":105133,
       "Answers":[ 
          { 
             "Id":105133,
             "Text":"slider"
          },
          { 
             "Id":105134,
             "Text":"star"
          },
          { 
             "Id":105135,
             "Text":"vote"
          },
          { 
             "Id":105136,
             "Text":"rating"
          }
       ]
    },
    { 
       "Id":25376,
       "Text":"Thuộc tính nào giúp định dạng lại kiểu dáng cho thành phần khối Collapsible?",
       "Marks":1,
       "AnswerId":105139,
       "Answers":[ 
          { 
             "Id":105137,
             "Text":".ul-collapsible-a"
          },
          { 
             "Id":105138,
             "Text":".ul-collapsible-grid"
          },
          { 
             "Id":105139,
             "Text":".ul-collapsible"
          },
          { 
             "Id":105140,
             "Text":".ul-collapsible-theme"
          }
       ]
    },
    { 
       "Id":25377,
       "Text":"Để chèn các thành phần của Jquery mobile, trước hết phải?",
       "Marks":1,
       "AnswerId":105142,
       "Answers":[ 
          { 
             "Id":105141,
             "Text":"Khởi tạo file Js"
          },
          { 
             "Id":105142,
             "Text":"Khởi tạo trang HTML5"
          },
          { 
             "Id":105143,
             "Text":"Khởi tạo file Jquery mobile"
          },
          { 
             "Id":105144,
             "Text":"Khởi tạo file CSS"
          }
       ]
    },
    { 
       "Id":25378,
       "Text":"Đâu là phát biểu đúng về tùy chọn Remote (CDN) trong hộp thoại Jquery mobile fields?",
       "Marks":1,
       "AnswerId":105148,
       "Answers":[ 
          { 
             "Id":105145,
             "Text":"Liên kết các thành phần tương tự như file trong trang web"
          },
          { 
             "Id":105146,
             "Text":"Tương tự như file trong trang web"
          },
          { 
             "Id":105147,
             "Text":"Liên kết giữa hình ảnh và text trên trang web"
          },
          { 
             "Id":105148,
             "Text":"Liên kết các phiên bản của những tập tin cần thiết tại các trang jquery mobile"
          }
       ]
    },
    { 
       "Id":25379,
       "Text":"Trên trang web cho di động, thành phần nào hoạt động trên nguyên tắc hiển thị/ ẩn nội dung tùy thuộc vào người dùng?",
       "Marks":1,
       "AnswerId":105149,
       "Answers":[ 
          { 
             "Id":105149,
             "Text":"Collapsible block"
          },
          { 
             "Id":105150,
             "Text":"header"
          },
          { 
             "Id":105151,
             "Text":"footer"
          },
          { 
             "Id":105152,
             "Text":"content"
          }
       ]
    },
    { 
       "Id":25380,
       "Text":"Đâu là phát biểu đúng về điểm mạnh của trường text trên web?",
       "Marks":1,
       "AnswerId":105155,
       "Answers":[ 
          { 
             "Id":105153,
             "Text":"Là phương thức upload thông tin về địa chỉ của người dùng"
          },
          { 
             "Id":105154,
             "Text":"Là phương thức truyền tải thông tin"
          },
          { 
             "Id":105155,
             "Text":"Là phương thức dễ dàng để thu thập dữ liệu người dùng (tên, mật khẩu, địa chỉ email, ...)"
          },
          { 
             "Id":105156,
             "Text":"Là phương thức nên tránh sử dụng trong quá trình thu thập dữ liệu người dùng"
          }
       ]
    },
    { 
       "Id":25381,
       "Text":"Theme là mặc định của khối Collapsible, điều này đúng hay sai?",
       "Marks":1,
       "AnswerId":105157,
       "Answers":[ 
          { 
             "Id":105157,
             "Text":"Sai"
          },
          { 
             "Id":105158,
             "Text":"Đúng"
          }
       ]
    },
    { 
       "Id":25382,
       "Text":"Đâu là ưu điểm của app khi chạy trên thiết bị di động, so với web di động?",
       "Marks":1,
       "AnswerId":105160,
       "Answers":[ 
          { 
             "Id":105159,
             "Text":"App tải chậm hơn so với web"
          },
          { 
             "Id":105160,
             "Text":"Sau khi cài đặt, ứng dụng dễ dàng truy cập trên thiết bị di động - ứng dụng sẽ hiển thị trên màn hình thiết bị và không cần phải truy cập qua trình duyệt"
          },
          { 
             "Id":105161,
             "Text":"Sau khi cài đặt, ứng dụng dễ dàng truy cập thông qua trình duyệt"
          },
          { 
             "Id":105162,
             "Text":"App sẽ không chạy khi không có kết nối mạng"
          }
       ]
    },
    { 
       "Id":25383,
       "Text":"Giá trị user-scalable xác định xem người dùng có thể phóng to/thu nhỏ cửa sổ hiển thị và điều chỉnh tỷ lệ hiển thị của trang web hay không. Điều này đúng hay sai?",
       "Marks":1,
       "AnswerId":105164,
       "Answers":[ 
          { 
             "Id":105163,
             "Text":"Sai"
          },
          { 
             "Id":105164,
             "Text":"Đúng"
          }
       ]
    },
    { 
       "Id":25384,
       "Text":"Trình duyệt IE6 dành cho di động hỗ trợ chuẩn Google Gears. Đúng hay sai?",
       "Marks":1,
       "AnswerId":105165,
       "Answers":[ 
          { 
             "Id":105165,
             "Text":"Đúng"
          },
          { 
             "Id":105166,
             "Text":"Sai"
          }
       ]
    },
    { 
       "Id":25385,
       "Text":"Sự kiện nào trong đối tượng window của Javascript giúp phát hiện sự thay đổi kích thước web từ phía người dùng?",
       "Marks":1,
       "AnswerId":105169,
       "Answers":[ 
          { 
             "Id":105167,
             "Text":"onFloat"
          },
          { 
             "Id":105168,
             "Text":"onWidth"
          },
          { 
             "Id":105169,
             "Text":"onorientationchange"
          },
          { 
             "Id":105170,
             "Text":"onHeight"
          }
       ]
    },
    { 
       "Id":25386,
       "Text":"Công nghệ nào có thể chuyển đổi web HTML5/ CSS3 thành dạng app?",
       "Marks":1,
       "AnswerId":105174,
       "Answers":[ 
          { 
             "Id":105171,
             "Text":"PhoneLine"
          },
          { 
             "Id":105172,
             "Text":"PhoneWeb"
          },
          { 
             "Id":105173,
             "Text":"PhoneConvert"
          },
          { 
             "Id":105174,
             "Text":"PhoneGap"
          }
       ]
    },
    { 
       "Id":25387,
       "Text":"Khi thực hiện chuyển đổi thành dạng app trong Dreamweaver, tùy chọn Build and Emulate giúp giải quyết công việc gì?",
       "Marks":1,
       "AnswerId":105175,
       "Answers":[ 
          { 
             "Id":105175,
             "Text":"Giúp hiển thị và lựa chọn thiết bị sẽ chạy app sau khi chuyển đổi"
          },
          { 
             "Id":105176,
             "Text":"Giúp hiển thị thiết bị Android sẽ chạy app sau khi chuyển đổi"
          },
          { 
             "Id":105177,
             "Text":"Giúp hiển thị thiết bị iOS sẽ chạy app sau khi chuyển đổi"
          },
          { 
             "Id":105178,
             "Text":"Xác định với người dùng"
          }
       ]
    },
    { 
       "Id":25388,
       "Text":"Ngoài cách sử dụng giá trị viewport của thẻ meta, ta còn cách nào để phát hiện sự thay đổi kích thước web từ phía người dùng?",
       "Marks":1,
       "AnswerId":105182,
       "Answers":[ 
          { 
             "Id":105179,
             "Text":"Sử dụng PHP"
          },
          { 
             "Id":105180,
             "Text":"Sử dụng LiveView"
          },
          { 
             "Id":105181,
             "Text":"Sử dụng ActionSript"
          },
          { 
             "Id":105182,
             "Text":"Sử dụng Javascript"
          }
       ]
    },
    { 
       "Id":25389,
       "Text":"Giá trị nào trong thẻ meta giúp tùy biến được kích thước cho web di động?",
       "Marks":1,
       "AnswerId":105183,
       "Answers":[ 
          { 
             "Id":105183,
             "Text":"Viewport"
          },
          { 
             "Id":105184,
             "Text":"heightport"
          },
          { 
             "Id":105185,
             "Text":"widthport"
          },
          { 
             "Id":105186,
             "Text":"allsizeport"
          }
       ]
    },
    { 
       "Id":25390,
       "Text":"Trên thực tế, trình duyệt Safari dành cho di động, không hỗ trợ ngôn ngữ nào sau đây?",
       "Marks":1,
       "AnswerId":105188,
       "Answers":[ 
          { 
             "Id":105187,
             "Text":"AML"
          },
          { 
             "Id":105188,
             "Text":"WML"
          },
          { 
             "Id":105189,
             "Text":"XML"
          },
          { 
             "Id":105190,
             "Text":"XHTML"
          }
       ]
    },
    { 
       "Id":25391,
       "Text":"Đâu là bộ engine để render và tạo bố cục cho trình duyệt web?",
       "Marks":1,
       "AnswerId":105191,
       "Answers":[ 
          { 
             "Id":105191,
             "Text":"webkit"
          },
          { 
             "Id":105192,
             "Text":"webrender"
          },
          { 
             "Id":105193,
             "Text":"webengine"
          },
          { 
             "Id":105194,
             "Text":"WebStyle"
          }
       ]
    },
    { 
       "Id":25392,
       "Text":"tính hợp lệ là điều cần thiết nhưng chưa đủ để đảm bảo rằng tài liệu đánh dấu phù hợp với trình duyệt trên di động. Điều này đúng hay sai?",
       "Marks":1,
       "AnswerId":105196,
       "Answers":[ 
          { 
             "Id":105195,
             "Text":"Sai"
          },
          { 
             "Id":105196,
             "Text":"Đúng"
          }
       ]
    },
    { 
       "Id":25393,
       "Text":"Trình duyệt trên di động (hoặc trên máy tính) sử dụng header nào trong yêu cầu HTTP để yêu cầu máy chủ web nén thông tin hồi đáp trả về",
       "Marks":1,
       "AnswerId":105197,
       "Answers":[ 
          { 
             "Id":105197,
             "Text":"Accept-Encoding"
          },
          { 
             "Id":105198,
             "Text":"Flow"
          },
          { 
             "Id":105199,
             "Text":"Accept"
          },
          { 
             "Id":105200,
             "Text":"Denine"
          }
       ]
    },
    { 
       "Id":25394,
       "Text":"Kỹ thuật nào được mô tả là kỹ thuật kế thừa được sử dụng để tăng tốc độ hiển thị web cho di động trên thiết bị di động đời cũ.",
       "Marks":1,
       "AnswerId":105202,
       "Answers":[ 
          { 
             "Id":105201,
             "Text":"Đóng gói footer"
          },
          { 
             "Id":105202,
             "Text":"Đóng gói MIME đa phần"
          },
          { 
             "Id":105203,
             "Text":"Đóng gói header"
          },
          { 
             "Id":105204,
             "Text":"Đóng gói content"
          }
       ]
    },
    { 
       "Id":25395,
       "Text":"Khi trang web được đóng gói bằng MIME đa phần, ta sử dụng kiểu nội dung của trang là kiểu?",
       "Marks":1,
       "AnswerId":105207,
       "Answers":[ 
          { 
             "Id":105205,
             "Text":"multipart"
          },
          { 
             "Id":105206,
             "Text":"content"
          },
          { 
             "Id":105207,
             "Text":"multipart/related"
          },
          { 
             "Id":105208,
             "Text":"related"
          }
       ]
    },
    { 
       "Id":25396,
       "Text":"Tối đa hóa khả năng lưu trữ đệm (cache) là một trong những phương pháp tối ưu hóa mã đánh dấu cho di động. Đúng hay sai?",
       "Marks":1,
       "AnswerId":105210,
       "Answers":[ 
          { 
             "Id":105209,
             "Text":"Sai"
          },
          { 
             "Id":105210,
             "Text":"Đúng"
          }
       ]
    },
    { 
       "Id":25397,
       "Text":"Trình duyệt điện thoại thông minh và một số trình duyệt di động khác có thể dùng giải thuật nào để giải nén và hiển thị những nội dung đã được nén",
       "Marks":1,
       "AnswerId":105214,
       "Answers":[ 
          { 
             "Id":105211,
             "Text":"chỉ deflate"
          },
          { 
             "Id":105212,
             "Text":"nén mất dữ liệu"
          },
          { 
             "Id":105213,
             "Text":"chỉ gzip"
          },
          { 
             "Id":105214,
             "Text":"gzip hoặc deflate"
          }
       ]
    },
    { 
       "Id":25398,
       "Text":"Phương pháp dùng để chỉ việc loại bỏ nội dung không cần thiết ra khỏi tài liệu web, là phương pháp nào sau đây?",
       "Marks":1,
       "AnswerId":105218,
       "Answers":[ 
          { 
             "Id":105215,
             "Text":"Phương pháp Content"
          },
          { 
             "Id":105216,
             "Text":"Phương pháp Delete"
          },
          { 
             "Id":105217,
             "Text":"Phương pháp maxnification"
          },
          { 
             "Id":105218,
             "Text":"Phương pháp minification"
          }
       ]
    },
    { 
       "Id":25399,
       "Text":"Header Expires trong hồi đáp HTTP cho biết điều gì?",
       "Marks":1,
       "AnswerId":105222,
       "Answers":[ 
          { 
             "Id":105219,
             "Text":"cho biết ngày tháng và thời gian hết hạn của hồi đáp từ máy chủ"
          },
          { 
             "Id":105220,
             "Text":"cho biết thời gian hết hạn của hồi đáp từ máy chủ"
          },
          { 
             "Id":105221,
             "Text":"cho biết ngày tháng và thời gian sử dụng máy chủ"
          },
          { 
             "Id":105222,
             "Text":"cho biết ngày tháng và thời gian mà tài liệu hồi đáp sẽ hết hạn và phải được xác nhận lại hoặc xóa khỏi bộ nhớ đệm máy khách"
          }
       ]
    },
    { 
       "Id":25400,
       "Text":"Máy chủ web Apache 2 cho phép nén hồi đáp bằng cách sử dụng mô-đun nào sau đây?.",
       "Marks":1,
       "AnswerId":105226,
       "Answers":[ 
          { 
             "Id":105223,
             "Text":"min_deflate"
          },
          { 
             "Id":105224,
             "Text":"export_deflate"
          },
          { 
             "Id":105225,
             "Text":"import_deflate"
          },
          { 
             "Id":105226,
             "Text":"mod_deflate"
          }
       ]
    },
    { 
       "Id":25401,
       "Text":"Đâu là phương pháp nhằm giảm kích thước file ảnh khi sử dụng trên web di động?",
       "Marks":1,
       "AnswerId":105230,
       "Answers":[ 
          { 
             "Id":105227,
             "Text":"giảm mà không ảnh hưởng tới khả năng đọc của hình"
          },
          { 
             "Id":105228,
             "Text":"Giảm số lượng màu sắc trong hình ảnh"
          },
          { 
             "Id":105229,
             "Text":"sử dụng bộ nén hình ảnh"
          },
          { 
             "Id":105230,
             "Text":"tất cả các phương pháp trên"
          }
       ]
    },
    { 
       "Id":25402,
       "Text":"Phát biểu \"… các bộ công cụ dùng để tìm và đánh chỉ mục tài liệu web đã được tối ưu hóa cho thiết bị di động\", nói về?",
       "Marks":1,
       "AnswerId":105231,
       "Answers":[ 
          { 
             "Id":105231,
             "Text":"Công cụ tìm kiếm di động"
          },
          { 
             "Id":105232,
             "Text":"Công cụ download"
          },
          { 
             "Id":105233,
             "Text":"Công cụ upload"
          },
          { 
             "Id":105234,
             "Text":"Công cụ online"
          }
       ]
    },
    { 
       "Id":25403,
       "Text":"Từ khóa RELATIONSHIP trong thẻ link là từ khóa xác định bản chất của công cụ upload. Đúng hay sai?",
       "Marks":1,
       "AnswerId":105235,
       "Answers":[ 
          { 
             "Id":105235,
             "Text":"Sai"
          },
          { 
             "Id":105236,
             "Text":"Đúng"
          }
       ]
    },
    { 
       "Id":25404,
       "Text":"Đâu là các giải pháp tối ưu hóa cho công cụ tìm kiếm nên tránh?",
       "Marks":1,
       "AnswerId":105240,
       "Answers":[ 
          { 
             "Id":105237,
             "Text":"chuyển đổi file"
          },
          { 
             "Id":105238,
             "Text":"lưu file trên hệ thống"
          },
          { 
             "Id":105239,
             "Text":"liên kết với google"
          },
          { 
             "Id":105240,
             "Text":"lặp đi lặp lại các từ khóa trong tài liệu web"
          }
       ]
    },
    { 
       "Id":25405,
       "Text":"Đâu là phát biểu đúng về sitemap?",
       "Marks":1,
       "AnswerId":105241,
       "Answers":[ 
          { 
             "Id":105241,
             "Text":"Là các file XML được người quản trị web dùng để giới thiệu với các crawler của công cụ tìm kiếm về danh sách các URL sẵn có trên website"
          },
          { 
             "Id":105242,
             "Text":"Là các file HXML được người quản trị web dùng để giới thiệu với các crawler của công cụ tìm kiếm về danh sách các URL sẵn có trên website"
          },
          { 
             "Id":105243,
             "Text":"Là các file WML được người quản trị web dùng để giới thiệu với các crawler của công cụ tìm kiếm về danh sách các URL sẵn có trên website"
          },
          { 
             "Id":105244,
             "Text":"Là các file XHML được người quản trị web dùng để giới thiệu với các crawler của công cụ tìm kiếm về danh sách các URL sẵn có trên website"
          }
       ]
    },
    { 
       "Id":25406,
       "Text":"Đâu là phát biểu đúng về Công cụ tìm kiếm di động?",
       "Marks":1,
       "AnswerId":105249,
       "Answers":[ 
          { 
             "Id":105245,
             "Text":"Sai"
          },
          { 
             "Id":105246,
             "Text":"là các bộ công cụ dùng để upload file lên web di động"
          },
          { 
             "Id":105247,
             "Text":"là các bộ công cụ dùng để tìm tài liệu web đã được tối ưu hóa cho thiết bị di động"
          },
          { 
             "Id":105248,
             "Text":"là các bộ công cụ tối ưu hóa cho thiết bị di động"
          },
          { 
             "Id":105249,
             "Text":"là các bộ công cụ dùng để tìm và đánh chỉ mục tài liệu web đã được tối ưu hóa cho thiết bị di động"
          },
          { 
             "Id":105250,
             "Text":"Đúng"
          }
       ]
    },
    { 
       "Id":25407,
       "Text":"Người quản trị web cung cấp URL của sitemap bằng cách nào?",
       "Marks":1,
       "AnswerId":105251,
       "Answers":[ 
          { 
             "Id":105251,
             "Text":"dùng HTTP ping gửi đến công cụ tìm kiếm hoặc ghi sitemap trong file robot.txt đặt ở thư mục gốc của máy chủ web"
          },
          { 
             "Id":105252,
             "Text":"dùng HTTP ftp gửi đến công cụ tìm kiếm hoặc ghi sitemap trong file robot.txt đặt ở thư mục gốc của máy chủ web"
          },
          { 
             "Id":105253,
             "Text":"dùng HTTP header gửi đến công cụ tìm kiếm hoặc ghi sitemap trong file robot.txt đặt ở thư mục gốc của máy chủ web"
          },
          { 
             "Id":105254,
             "Text":"dùng HTTP footer gửi đến công cụ tìm kiếm hoặc ghi sitemap trong file robot.txt đặt ở thư mục gốc của máy chủ web"
          }
       ]
    },
    { 
       "Id":25408,
       "Text":"Việc sử dụng meta data trong mã đánh dấu nhằm tác dụng gì?",
       "Marks":1,
       "AnswerId":105257,
       "Answers":[ 
          { 
             "Id":105255,
             "Text":"biểu diễn tab"
          },
          { 
             "Id":105256,
             "Text":"biểu diễn link"
          },
          { 
             "Id":105257,
             "Text":"biểu diễn liên kết để công cụ tìm kiếm biết được website có được tối ưu hóa cho di động hay không"
          },
          { 
             "Id":105258,
             "Text":"biểu diễn liên kết"
          }
       ]
    },
    { 
       "Id":25409,
       "Text":"Nên Định vị website cho di động trên cùng miền với website máy tính tương ứng. Đúng hay sai?",
       "Marks":1,
       "AnswerId":105259,
       "Answers":[ 
          { 
             "Id":105259,
             "Text":"Đúng"
          },
          { 
             "Id":105260,
             "Text":"Sai"
          }
       ]
    },
    { 
       "Id":25410,
       "Text":"Bộ chuyển mã không thể chỉnh sửa các header yêu cầu từ thiết bị di động có yêu cầu web. Đúng hay sai?",
       "Marks":1,
       "AnswerId":105261,
       "Answers":[ 
          { 
             "Id":105261,
             "Text":"Sai"
          },
          { 
             "Id":105262,
             "Text":"Đúng"
          }
       ]
    },
    { 
       "Id":25411,
       "Text":"Đâu là một trong những phương pháp lập trình phòng thủ cho trang web cho di động?",
       "Marks":1,
       "AnswerId":105265,
       "Answers":[ 
          { 
             "Id":105263,
             "Text":"Dùng footer hồi đáp và kích cỡ tài liệu"
          },
          { 
             "Id":105264,
             "Text":"Dùng HTTP hồi đáp và kích cỡ tài liệu"
          },
          { 
             "Id":105265,
             "Text":"Dùng header hồi đáp và kích cỡ tài liệu"
          },
          { 
             "Id":105266,
             "Text":"Dùng content hồi đáp và kích cỡ tài liệu"
          }
       ]
    },
    { 
       "Id":25412,
       "Text":"Sencha Architect là gì?",
       "Marks":1,
       "AnswerId":105267,
       "Answers":[ 
          { 
             "Id":105267,
             "Text":"Một IDE hỗ trợ phát triển mobile web sử dụng Sencha"
          },
          { 
             "Id":105268,
             "Text":"Một mô hình hoạt động của mobile web"
          },
          { 
             "Id":105269,
             "Text":"Một hệ điều hành mobile của sencha"
          },
          { 
             "Id":105270,
             "Text":"Một mô hình hoạt động của desktop web"
          }
       ]
    },
    { 
       "Id":25413,
       "Text":"Có thể sử dụng Sencha Touch để phát triển mobile web cho HĐH nào?",
       "Marks":1,
       "AnswerId":105272,
       "Answers":[ 
          { 
             "Id":105271,
             "Text":"BlackBerry"
          },
          { 
             "Id":105272,
             "Text":"Tất cả các phương án đều đúng"
          },
          { 
             "Id":105273,
             "Text":"IOS"
          },
          { 
             "Id":105274,
             "Text":"Android"
          }
       ]
    },
    { 
       "Id":25414,
       "Text":"Trong file app.js, hàm launch() có ý nghĩa gì?",
       "Marks":1,
       "AnswerId":105277,
       "Answers":[ 
          { 
             "Id":105275,
             "Text":"hàm không được khởi chạy mặc định khi sencha load hệ thống"
          },
          { 
             "Id":105276,
             "Text":"Hàm không bao giờ chạy, cho dù được gọi"
          },
          { 
             "Id":105277,
             "Text":"hàm sẽ được khởi chạy mặc định khi sencha load hệ thống"
          },
          { 
             "Id":105278,
             "Text":"Hàmchỉ chạy khi được triệu gọi"
          }
       ]
    },
    { 
       "Id":25415,
       "Text":"Cho đoạn lệnh sau:Ext.application({ name:\"fpoly\", launch:function(){ Ext.create(\u0027Ext.Panel\u0027,{ fullscreen:true, html:\u0027hello fpoly\u0027, }) }})Hãy cho biết hàm create dùng để làm gì?",
       "Marks":1,
       "AnswerId":105280,
       "Answers":[ 
          { 
             "Id":105279,
             "Text":"gọi panel.master"
          },
          { 
             "Id":105280,
             "Text":"gọi API panel"
          },
          { 
             "Id":105281,
             "Text":"gọi panel"
          },
          { 
             "Id":105282,
             "Text":"gọi dwt panel"
          }
       ]
    },
    { 
       "Id":25416,
       "Text":"Trong ứng dụng mobile web được tạo bằng Sencha, thư mục resources dùng để làm gì?",
       "Marks":1,
       "AnswerId":105286,
       "Answers":[ 
          { 
             "Id":105283,
             "Text":"chứa css cho ứng dụng"
          },
          { 
             "Id":105284,
             "Text":"chứa image cho ứng dụng"
          },
          { 
             "Id":105285,
             "Text":"chứa tài nguyên ứng dụng"
          },
          { 
             "Id":105286,
             "Text":"Tất cả các phương án đều đúng"
          }
       ]
    },
    { 
       "Id":25417,
       "Text":"Trong ứng dụng mobile web được tạo bằng Sencha, file app.js dùng để làm gì?",
       "Marks":1,
       "AnswerId":105290,
       "Answers":[ 
          { 
             "Id":105287,
             "Text":"Chỉ chứa hàm loadSencha"
          },
          { 
             "Id":105288,
             "Text":"Chứa phần thư viện javascript của Sencha"
          },
          { 
             "Id":105289,
             "Text":"Chứa nội dung văn bản"
          },
          { 
             "Id":105290,
             "Text":"Chứa phần javascript chính của ứng dụng"
          }
       ]
    },
    { 
       "Id":25418,
       "Text":"Trong ứng dụng mobile web được tạo bằng Sencha, thư mục app chứa các thành phần nào?",
       "Marks":1,
       "AnswerId":105291,
       "Answers":[ 
          { 
             "Id":105291,
             "Text":"Thư mục Models, Views, Controllers, Stores của ứng dụng"
          },
          { 
             "Id":105292,
             "Text":"Thư mục Models, Views, Controllers của ứng dụng"
          },
          { 
             "Id":105293,
             "Text":"Chỉ chứa thư múc apps"
          },
          { 
             "Id":105294,
             "Text":"Chỉ chứa thư mục app"
          }
       ]
    },
    { 
       "Id":25419,
       "Text":"Trong ứng dụng mobile web được tạo bằng Sencha, file app.json dùng để làm gì?",
       "Marks":1,
       "AnswerId":105296,
       "Answers":[ 
          { 
             "Id":105295,
             "Text":"Chứa phần thư viện javascript của Sencha"
          },
          { 
             "Id":105296,
             "Text":"Cấu hình ứng dụng"
          },
          { 
             "Id":105297,
             "Text":"Chứa nội dung văn bản"
          },
          { 
             "Id":105298,
             "Text":"Chứa file app.js"
          }
       ]
    }
 ]