[ 
    { 
       "Id":25890,
       "Text":"PHP là",
       "Marks":1,
       "AnswerId":107252,
       "Answers":[ 
          { 
             "Id":107251,
             "Text":"Trình duyệt web của máy chủ"
          },
          { 
             "Id":107252,
             "Text":"Tất cả đáp án đều sai"
          },
          { 
             "Id":107253,
             "Text":"Cơ sở dữ liệu của máy chủ"
          },
          { 
             "Id":107254,
             "Text":"Ngôn ngữ phía máy chủ"
          }
       ]
    },
    { 
       "Id":25891,
       "Text":"Cú pháp khai báo cho hằng số nào sau đây là đúng",
       "Marks":1,
       "AnswerId":107256,
       "Answers":[ 
          { 
             "Id":107255,
             "Text":"define(MAX, 30)"
          },
          { 
             "Id":107256,
             "Text":"Tất cả đáp án đều sai"
          },
          { 
             "Id":107257,
             "Text":"MAX = 30"
          },
          { 
             "Id":107258,
             "Text":"constant(\u0027max\u0027, 30)"
          }
       ]
    },
    { 
       "Id":25892,
       "Text":"Để viết chú thích nhiều dòng cho câu lệnh PHP cần sử dụng kí tự nào",
       "Marks":1,
       "AnswerId":107260,
       "Answers":[ 
          { 
             "Id":107259,
             "Text":"/"
          },
          { 
             "Id":107260,
             "Text":"/* */"
          },
          { 
             "Id":107261,
             "Text":"//"
          },
          { 
             "Id":107262,
             "Text":"# #"
          }
       ]
    },
    { 
       "Id":25893,
       "Text":"Để nhúng mã PHP vào mã HTML cần sử dụng cặp thẻ tag nào",
       "Marks":1,
       "AnswerId":107264,
       "Answers":[ 
          { 
             "Id":107263,
             "Text":"\u003c?\u003e"
          },
          { 
             "Id":107264,
             "Text":"\u003c?php ?\u003e"
          },
          { 
             "Id":107265,
             "Text":"\u003cphp\u003e \u003c/php\u003e"
          },
          { 
             "Id":107266,
             "Text":"\u003c? ?\u003e"
          }
       ]
    },
    { 
       "Id":25894,
       "Text":"Trường hợp nào dưới đây cần sử dụng phương thức POST thay vì GET",
       "Marks":1,
       "AnswerId":107267,
       "Answers":[ 
          { 
             "Id":107267,
             "Text":"Cần truyền hơn 4MB dữ liệu"
          },
          { 
             "Id":107268,
             "Text":"Muốn truyền tham số vào URL"
          },
          { 
             "Id":107269,
             "Text":"Tất cả đáp án đều sai"
          },
          { 
             "Id":107270,
             "Text":"Có yêu cầu xem trang viết dữ liệu lên máy chủ cơ sở dữ liệu"
          }
       ]
    },
    { 
       "Id":25895,
       "Text":"Cú pháp khai báo và gán giá trị cho biến nào sau đây là đúng",
       "Marks":1,
       "AnswerId":107271,
       "Answers":[ 
          { 
             "Id":107271,
             "Text":"$a = 1"
          },
          { 
             "Id":107272,
             "Text":"Tất cả đáp án đều sai"
          },
          { 
             "Id":107273,
             "Text":"a = 1"
          },
          { 
             "Id":107274,
             "Text":"$a == 1"
          }
       ]
    },
    { 
       "Id":25896,
       "Text":"Cấu trúc lấy dữ liệu sử dụng mảng $_GET nào sau đây là đúng",
       "Marks":1,
       "AnswerId":107275,
       "Answers":[ 
          { 
             "Id":107275,
             "Text":"$b = $_GET[\u0027a\u0027]"
          },
          { 
             "Id":107276,
             "Text":"$a = $_GET[a]"
          },
          { 
             "Id":107277,
             "Text":"Tất cả đáp án đều sai"
          },
          { 
             "Id":107278,
             "Text":"$a = $_GET(a)"
          }
       ]
    },
    { 
       "Id":25897,
       "Text":"$i = 1; while ($i \u003c= 7) { $i++; } Sau khi thoát khỏi vòng lặp thì $i có giá trị bao nhiêu",
       "Marks":1,
       "AnswerId":107282,
       "Answers":[ 
          { 
             "Id":107279,
             "Text":"7"
          },
          { 
             "Id":107280,
             "Text":"1"
          },
          { 
             "Id":107281,
             "Text":"0"
          },
          { 
             "Id":107282,
             "Text":"8"
          }
       ]
    },
    { 
       "Id":25898,
       "Text":"Để viết chú thích cho câu lệnh PHP cần sử dụng kí tự nào",
       "Marks":1,
       "AnswerId":107283,
       "Answers":[ 
          { 
             "Id":107283,
             "Text":"//"
          },
          { 
             "Id":107284,
             "Text":"# #"
          },
          { 
             "Id":107285,
             "Text":"/* /*"
          },
          { 
             "Id":107286,
             "Text":"/"
          }
       ]
    },
    { 
       "Id":25899,
       "Text":"Giao diện của XAMPP cho phép thực hiện thao tác nào dưới đây",
       "Marks":1,
       "AnswerId":107289,
       "Answers":[ 
          { 
             "Id":107287,
             "Text":"Bật tắt MS SQL"
          },
          { 
             "Id":107288,
             "Text":"Bật tắt SQL"
          },
          { 
             "Id":107289,
             "Text":"Bật tắt Apache"
          },
          { 
             "Id":107290,
             "Text":"Tất cả đáp án đều đúng"
          }
       ]
    },
    { 
       "Id":25900,
       "Text":"Trong phpMyAdmin, để xóa dữ liệu của một bảng thì nhấn nút nào dưới đây",
       "Marks":1,
       "AnswerId":107292,
       "Answers":[ 
          { 
             "Id":107291,
             "Text":"Tất cả đáp án đều sai"
          },
          { 
             "Id":107292,
             "Text":"Empty"
          },
          { 
             "Id":107293,
             "Text":"Delete"
          },
          { 
             "Id":107294,
             "Text":"Drop"
          }
       ]
    },
    { 
       "Id":25901,
       "Text":"Tầng model của mô hình MVC chứa những gì",
       "Marks":1,
       "AnswerId":107295,
       "Answers":[ 
          { 
             "Id":107295,
             "Text":"Các file PHP biểu thị dữ liệu của ứng dụng"
          },
          { 
             "Id":107296,
             "Text":"Các file PHP thể hiện giao tiếp với người dùng"
          },
          { 
             "Id":107297,
             "Text":"Các file HTML thể hiện giao diện của ứng dụng"
          },
          { 
             "Id":107298,
             "Text":"Tất cả đáp án đều sai"
          }
       ]
    },
    { 
       "Id":25902,
       "Text":"Cấu trúc try catch dùng để",
       "Marks":1,
       "AnswerId":107301,
       "Answers":[ 
          { 
             "Id":107299,
             "Text":"Tăng tốc độ thực thi cho đoạn mã PHP"
          },
          { 
             "Id":107300,
             "Text":"Bỏ qua lỗi của đoạn mã PHP"
          },
          { 
             "Id":107301,
             "Text":"Bắt ngoại lệ của đoạn mã PHP"
          },
          { 
             "Id":107302,
             "Text":"Tất cả đáp án đều sai"
          }
       ]
    },
    { 
       "Id":25903,
       "Text":"Để lấy giá trị của phần tử \u0027Ten\u0027 của mảng $a và lưu vào biến $b thì dùng cấu trúc nào sau đây",
       "Marks":1,
       "AnswerId":107306,
       "Answers":[ 
          { 
             "Id":107303,
             "Text":"$b = $a[Ten]"
          },
          { 
             "Id":107304,
             "Text":"$b = $a(\u0027Ten\u0027)"
          },
          { 
             "Id":107305,
             "Text":"Tất cả đáp án đều sai"
          },
          { 
             "Id":107306,
             "Text":"$b = $a[\u0027Ten\u0027]"
          }
       ]
    },
    { 
       "Id":25904,
       "Text":"Để gán giá trị \u0027abc\u0027 cho phần tử \u0027Ten\u0027 của mảng $a thì dùng cấu trúc nào sau đây",
       "Marks":1,
       "AnswerId":107307,
       "Answers":[ 
          { 
             "Id":107307,
             "Text":"$a[\u0027Ten\u0027] = \u0027abc\u0027"
          },
          { 
             "Id":107308,
             "Text":"Tất cả đáp án đều sai"
          },
          { 
             "Id":107309,
             "Text":"$a(\u0027Ten\u0027) = \u0027abc\u0027"
          },
          { 
             "Id":107310,
             "Text":"$a[Ten] = abc"
          }
       ]
    },
    { 
       "Id":25905,
       "Text":"Để khởi tạo mảng gồm 4 phần tử trong PHP thì dùng cấu trúc nào sau đây",
       "Marks":1,
       "AnswerId":107312,
       "Answers":[ 
          { 
             "Id":107311,
             "Text":"array(5)"
          },
          { 
             "Id":107312,
             "Text":"array(3)"
          },
          { 
             "Id":107313,
             "Text":"$a = array(4)"
          },
          { 
             "Id":107314,
             "Text":"Tất cả đáp án đều sai"
          }
       ]
    },
    { 
       "Id":25906,
       "Text":"Để thực thi câu truy vấn \"DELETE * FROM Table\" trong PHP với biến kết nối là $db thì dùng cấu trúc nào dưới đây",
       "Marks":1,
       "AnswerId":107318,
       "Answers":[ 
          { 
             "Id":107315,
             "Text":"$db-\u003equery(DELETE * FROM Table)"
          },
          { 
             "Id":107316,
             "Text":"$db-\u003eexecute(\u0027DELETE * FROM Table\u0027)"
          },
          { 
             "Id":107317,
             "Text":"Tất cả đáp án đều sai"
          },
          { 
             "Id":107318,
             "Text":"$db-\u003eexec(\u0027DELETE * FROM Table\u0027)"
          }
       ]
    },
    { 
       "Id":25907,
       "Text":"Để lấy giá trị của phần tử thứ 3 của mảng $a và lưu vào biến $b thì dùng cấu trúc nào sau đây",
       "Marks":1,
       "AnswerId":107322,
       "Answers":[ 
          { 
             "Id":107319,
             "Text":"$b = $a[4]"
          },
          { 
             "Id":107320,
             "Text":"$b = $a[3]"
          },
          { 
             "Id":107321,
             "Text":"$b = $a(2)"
          },
          { 
             "Id":107322,
             "Text":"Tất cả đáp án đều sai"
          }
       ]
    },
    { 
       "Id":25908,
       "Text":"Để lấy dữ liệu từ tất cả các hàng của tập kết quả thì người ta dùng cách nào sau đây",
       "Marks":1,
       "AnswerId":107324,
       "Answers":[ 
          { 
             "Id":107323,
             "Text":"Tất cả đáp án đều sai"
          },
          { 
             "Id":107324,
             "Text":"Sử dụng vòng lặp để duyệt từng hàng của tập kết quả"
          },
          { 
             "Id":107325,
             "Text":"Gán tập kết quả cho một biến mới"
          },
          { 
             "Id":107326,
             "Text":"Truy cập trực tiếp vào các phần tử của tập kết quả"
          }
       ]
    },
    { 
       "Id":25909,
       "Text":"Để chuyển tiếp yêu cầu sang một URL khác người ta dùng hàm gì sau đây",
       "Marks":1,
       "AnswerId":107327,
       "Answers":[ 
          { 
             "Id":107327,
             "Text":"header"
          },
          { 
             "Id":107328,
             "Text":"include"
          },
          { 
             "Id":107329,
             "Text":"require_once"
          },
          { 
             "Id":107330,
             "Text":"require"
          }
       ]
    },
    { 
       "Id":25910,
       "Text":"Hãy cho biết kết quả output của đoạn chương trình sau:$a = 9; function abc(\u0026$b,$c){ $b=$b+$c; return $b; } abc($a,2); echo $a;",
       "Marks":1,
       "AnswerId":107331,
       "Answers":[ 
          { 
             "Id":107331,
             "Text":"11"
          },
          { 
             "Id":107332,
             "Text":"-9"
          },
          { 
             "Id":107333,
             "Text":"10"
          },
          { 
             "Id":107334,
             "Text":"9"
          }
       ]
    },
    { 
       "Id":25911,
       "Text":"Hãy cho biết kết quả output của đoạn chương trình sau:$a = 9; function abc(\u0026$b){ $b=$b++-2; return $b; } abc($a); echo $a;",
       "Marks":1,
       "AnswerId":107336,
       "Answers":[ 
          { 
             "Id":107335,
             "Text":"9"
          },
          { 
             "Id":107336,
             "Text":"7"
          },
          { 
             "Id":107337,
             "Text":"8"
          },
          { 
             "Id":107338,
             "Text":"10"
          }
       ]
    },
    { 
       "Id":25912,
       "Text":"$a = 5; function add($b = 3){ global $a; return $a+$b; } $c = add(4); Giá trị cuối cùng của $c là bao nhiêu?",
       "Marks":1,
       "AnswerId":107339,
       "Answers":[ 
          { 
             "Id":107339,
             "Text":"9"
          },
          { 
             "Id":107340,
             "Text":"8"
          },
          { 
             "Id":107341,
             "Text":"NULL"
          },
          { 
             "Id":107342,
             "Text":"7"
          }
       ]
    },
    { 
       "Id":25913,
       "Text":"Hãy cho biết kết quả output của đoạn chương trình sau:$a = 9; function abc(\u0026$b){ $b=-$b++; return $b; } abc($a); echo $a;",
       "Marks":1,
       "AnswerId":107346,
       "Answers":[ 
          { 
             "Id":107343,
             "Text":"10"
          },
          { 
             "Id":107344,
             "Text":"-8"
          },
          { 
             "Id":107345,
             "Text":"9"
          },
          { 
             "Id":107346,
             "Text":"-9"
          }
       ]
    },
    { 
       "Id":25914,
       "Text":"$a = 5; function add($b = 3){ global $a; return $a+$b; } $c = add(5); Giá trị cuối cùng của $c là bao nhiêu?",
       "Marks":1,
       "AnswerId":107350,
       "Answers":[ 
          { 
             "Id":107347,
             "Text":"9"
          },
          { 
             "Id":107348,
             "Text":"NULL"
          },
          { 
             "Id":107349,
             "Text":"0"
          },
          { 
             "Id":107350,
             "Text":"10"
          }
       ]
    },
    { 
       "Id":25915,
       "Text":"Hãy cho biết kết quả output của đoạn chương trình sau:$a = 10; function abc($b=5){ global $a;$b=5;return $a+$b; } $c = abc(4); echo $c;",
       "Marks":1,
       "AnswerId":107353,
       "Answers":[ 
          { 
             "Id":107351,
             "Text":"14"
          },
          { 
             "Id":107352,
             "Text":"19"
          },
          { 
             "Id":107353,
             "Text":"15"
          },
          { 
             "Id":107354,
             "Text":"20"
          }
       ]
    },
    { 
       "Id":25916,
       "Text":"$a = 7; function add($b){ return $b++; } add($a); Giá trị cuối cùng của $a là bao nhiêu?",
       "Marks":1,
       "AnswerId":107358,
       "Answers":[ 
          { 
             "Id":107355,
             "Text":"6"
          },
          { 
             "Id":107356,
             "Text":"9"
          },
          { 
             "Id":107357,
             "Text":"8"
          },
          { 
             "Id":107358,
             "Text":"7"
          }
       ]
    },
    { 
       "Id":25917,
       "Text":"$a = 5; function add($b = 3){ global $a; return $a+$b; } $c = add(); Giá trị cuối cùng của $c là bao nhiêu?",
       "Marks":1,
       "AnswerId":107359,
       "Answers":[ 
          { 
             "Id":107359,
             "Text":"8"
          },
          { 
             "Id":107360,
             "Text":"1"
          },
          { 
             "Id":107361,
             "Text":"5"
          },
          { 
             "Id":107362,
             "Text":"NULL"
          }
       ]
    },
    { 
       "Id":25918,
       "Text":"$a = 7; function add(){ $a++; } add($a);Giá trị cuối cùng của $a là bao nhiêu?",
       "Marks":1,
       "AnswerId":107364,
       "Answers":[ 
          { 
             "Id":107363,
             "Text":"6"
          },
          { 
             "Id":107364,
             "Text":"7"
          },
          { 
             "Id":107365,
             "Text":"9"
          },
          { 
             "Id":107366,
             "Text":"8"
          }
       ]
    },
    { 
       "Id":25919,
       "Text":"Hãy cho biết kết quả output của đoạn chương trình sau:$a = 10; function abc($b){ global $a;$b=5;return $a+$b; } $c = abc(4); echo $c;",
       "Marks":1,
       "AnswerId":107368,
       "Answers":[ 
          { 
             "Id":107367,
             "Text":"19"
          },
          { 
             "Id":107368,
             "Text":"15"
          },
          { 
             "Id":107369,
             "Text":"14"
          },
          { 
             "Id":107370,
             "Text":"0"
          }
       ]
    },
    { 
       "Id":25920,
       "Text":"class Number { public $a = 5; public function __construct($b) { $a = $b + 3; } } $num = new Number(3); echo $num-\u003ea; Kết quả màn hình hiện gì?",
       "Marks":1,
       "AnswerId":107371,
       "Answers":[ 
          { 
             "Id":107371,
             "Text":"5"
          },
          { 
             "Id":107372,
             "Text":"8"
          },
          { 
             "Id":107373,
             "Text":"11"
          },
          { 
             "Id":107374,
             "Text":"Chương trình báo lỗi"
          }
       ]
    },
    { 
       "Id":25921,
       "Text":"Hãy cho biết output của đoạn chương trình sau:class Abc { public $a = 6; public function __construct($b) { $a = $b + 3; } } $num1 = new Abc(4); $num2 = $num1 +1; echo $num2-\u003ea",
       "Marks":1,
       "AnswerId":107377,
       "Answers":[ 
          { 
             "Id":107375,
             "Text":"10"
          },
          { 
             "Id":107376,
             "Text":"6"
          },
          { 
             "Id":107377,
             "Text":"Không hiển thị kết quả nào"
          },
          { 
             "Id":107378,
             "Text":"14"
          }
       ]
    },
    { 
       "Id":25922,
       "Text":"Hãy cho biết output của đoạn chương trình sau:class Abc { public $a = 6; public function __construct($b) { $a = $b + 3; } } $num1 = new Abc(4); $num2 = clone $num1; echo $num2-\u003ea+1",
       "Marks":1,
       "AnswerId":107381,
       "Answers":[ 
          { 
             "Id":107379,
             "Text":"6"
          },
          { 
             "Id":107380,
             "Text":"10"
          },
          { 
             "Id":107381,
             "Text":"7"
          },
          { 
             "Id":107382,
             "Text":"Không hiển thị kết quả nào"
          }
       ]
    },
    { 
       "Id":25923,
       "Text":"Hãy cho biết output của đoạn chương trình sau:class Abc { public $a = 6; public function __construct($b) { $a = $b + 3; } } $num1 = new Abc(4); $num2 = clone $num1; if($num1==$num2){ echo \"Là thể hiện của cùng 1 lớp\";} else { echo \"Không phải là thể hiên ",
       "Marks":1,
       "AnswerId":107384,
       "Answers":[ 
          { 
             "Id":107383,
             "Text":"Chương trình báo lỗi"
          },
          { 
             "Id":107384,
             "Text":"Là thể hiện của cùng 1 lớp"
          },
          { 
             "Id":107385,
             "Text":"Không phải là thể hiên của cùng 1 lớp"
          },
          { 
             "Id":107386,
             "Text":"Không hiển thị kết quả nào"
          }
       ]
    },
    { 
       "Id":25924,
       "Text":"Hãy cho biết output của đoạn chương trình sau:class Abc { public $a = 6; public function __construct($b) { $a = $b + 3; } } $num1 = new Abc(4); $num2 = clone $num1; if($num1===$num2){ echo \"Cùng tham chiếu đến 1 instance\";} else { echo \"Không cùng tham ch",
       "Marks":1,
       "AnswerId":107390,
       "Answers":[ 
          { 
             "Id":107387,
             "Text":"Không hiển thị kết quả nào"
          },
          { 
             "Id":107388,
             "Text":"Cùng tham chiếu đến 1 instance"
          },
          { 
             "Id":107389,
             "Text":"Chương trình báo lỗi"
          },
          { 
             "Id":107390,
             "Text":"Không cùng tham chiếu đến 1 instance"
          }
       ]
    },
    { 
       "Id":25925,
       "Text":"class Number { public $a = 5; public function __construct($b) { $a = $b + 3; } } $num1 = new Number(4); $num2 = $num1; $num2-\u003e$a + 2; echo $num1-\u003ea;Kết quả màn hình hiển thị gì?",
       "Marks":1,
       "AnswerId":107392,
       "Answers":[ 
          { 
             "Id":107391,
             "Text":"9"
          },
          { 
             "Id":107392,
             "Text":"Chương trình báo lỗi"
          },
          { 
             "Id":107393,
             "Text":"5"
          },
          { 
             "Id":107394,
             "Text":"7"
          }
       ]
    },
    { 
       "Id":25926,
       "Text":"Hãy cho biết output của đoạn chương trình sau:class Abc { public $a = 6; public function __construct($b) { $a = $b + 3; } } $num1 = new Abc(4); $num2 = $num1; echo $num2-\u003ea",
       "Marks":1,
       "AnswerId":107398,
       "Answers":[ 
          { 
             "Id":107395,
             "Text":"13"
          },
          { 
             "Id":107396,
             "Text":"9"
          },
          { 
             "Id":107397,
             "Text":"5"
          },
          { 
             "Id":107398,
             "Text":"6"
          }
       ]
    },
    { 
       "Id":25927,
       "Text":"class Number { public $a = 5; public function __construct($b) { $a = $b + 3; } } $num = new Number(); echo $num-\u003ea; Kết quả màn hình hiển thị gì?",
       "Marks":1,
       "AnswerId":107399,
       "Answers":[ 
          { 
             "Id":107399,
             "Text":"Chương trình báo lỗi"
          },
          { 
             "Id":107400,
             "Text":"8"
          },
          { 
             "Id":107401,
             "Text":"11"
          },
          { 
             "Id":107402,
             "Text":"5"
          }
       ]
    },
    { 
       "Id":25928,
       "Text":"class Number { public $a = 5; public function __construct($b) { $a = $b + 3; } } $num1 = new Number(4); $num2 = clone $num1; $num2-\u003e$a + 2; echo $num1-\u003ea;Kết quả màn hình hiển thị gì?",
       "Marks":1,
       "AnswerId":107404,
       "Answers":[ 
          { 
             "Id":107403,
             "Text":"5"
          },
          { 
             "Id":107404,
             "Text":"Chương trình báo lỗi"
          },
          { 
             "Id":107405,
             "Text":"9"
          },
          { 
             "Id":107406,
             "Text":"7"
          }
       ]
    },
    { 
       "Id":25929,
       "Text":"Hãy cho biết output của đoạn chương trình sau:class Abc { public $a = 6; public function __construct($b) { $a = $b + 3; } } $num1 = new Abc(4); $num2 = clone $num1; echo $num2-\u003ea",
       "Marks":1,
       "AnswerId":107409,
       "Answers":[ 
          { 
             "Id":107407,
             "Text":"14"
          },
          { 
             "Id":107408,
             "Text":"Không hiển thị kết quả nào"
          },
          { 
             "Id":107409,
             "Text":"6"
          },
          { 
             "Id":107410,
             "Text":"10"
          }
       ]
    },
    { 
       "Id":25930,
       "Text":"//Giả sử hiện tại là 1:04:06 sáng ngày 18/02/2012$now = strtotime(\u0027-2 hour\u0027);$date = getdate($now);$a = $date[\u0027day\u0027];echo $a;Kết quả hiện ra màn hình là gì",
       "Marks":1,
       "AnswerId":107412,
       "Answers":[ 
          { 
             "Id":107411,
             "Text":"23"
          },
          { 
             "Id":107412,
             "Text":"17"
          },
          { 
             "Id":107413,
             "Text":"18/2/2012"
          },
          { 
             "Id":107414,
             "Text":"Tất cả đáp án đều sai"
          }
       ]
    },
    { 
       "Id":25931,
       "Text":"$a = 5;$mess = \"\\xa9Gia tri cua a la: $a\";echo $mess;Kết quả hiện lên màn hình là gì",
       "Marks":1,
       "AnswerId":107415,
       "Answers":[ 
          { 
             "Id":107415,
             "Text":"Tất cả đáp án đều sai"
          },
          { 
             "Id":107416,
             "Text":"\\xa9Gia tri cua a la: 5"
          },
          { 
             "Id":107417,
             "Text":"©5"
          },
          { 
             "Id":107418,
             "Text":"\\xa9Gia tri cua a la: $a"
          }
       ]
    },
    { 
       "Id":25932,
       "Text":"$a = 5;$mess = \"Gia tri cua a la: $a\";echo $mess;Kết quả hiện lên màn hình là gì",
       "Marks":1,
       "AnswerId":107419,
       "Answers":[ 
          { 
             "Id":107419,
             "Text":"Gia tri cua a la: 5"
          },
          { 
             "Id":107420,
             "Text":"Gia tri cua a la: $a"
          },
          { 
             "Id":107421,
             "Text":"5"
          },
          { 
             "Id":107422,
             "Text":"Tất cả đáp án đều sai"
          }
       ]
    },
    { 
       "Id":25933,
       "Text":"$m = array(\u0027a\u0027, \u0027b\u0027, \u0027c\u0027, \u0027d\u0027);echo array_shift($m); Kết quả hiện lên màn hình là gì",
       "Marks":1,
       "AnswerId":107425,
       "Answers":[ 
          { 
             "Id":107423,
             "Text":"Tất cả đáp án đều sai"
          },
          { 
             "Id":107424,
             "Text":"d"
          },
          { 
             "Id":107425,
             "Text":"a"
          },
          { 
             "Id":107426,
             "Text":"NULL"
          }
       ]
    },
    { 
       "Id":25934,
       "Text":"$name = \u0027a|b|c|d\u0027;$name1 = explode(\u0027|\u0027, $name);$name2 = implode(\u0027 \u0027, $name1);echo $name2;Kết quả hiện lên màn hình là gì",
       "Marks":1,
       "AnswerId":107427,
       "Answers":[ 
          { 
             "Id":107427,
             "Text":"a b c d"
          },
          { 
             "Id":107428,
             "Text":"Tất cả đáp án đều sai"
          },
          { 
             "Id":107429,
             "Text":"a|b|c|d"
          },
          { 
             "Id":107430,
             "Text":"abcd"
          }
       ]
    },
    { 
       "Id":25935,
       "Text":"$now = mktime(1, 2, 3, 4, 5, 2012);echo getdate($now)[\u0027hour\u0027];Kết quả hiện ra màn hình là gì",
       "Marks":1,
       "AnswerId":107432,
       "Answers":[ 
          { 
             "Id":107431,
             "Text":"NULL"
          },
          { 
             "Id":107432,
             "Text":"1"
          },
          { 
             "Id":107433,
             "Text":"Tất cả đáp án đều sai"
          },
          { 
             "Id":107434,
             "Text":"4"
          }
       ]
    },
    { 
       "Id":25936,
       "Text":"$a = 5;$mess = \u0027Gia tri cua a la: $a\u0027;echo $mess;Kết quả hiện lên màn hình là gì",
       "Marks":1,
       "AnswerId":107436,
       "Answers":[ 
          { 
             "Id":107435,
             "Text":"Gia tri cua a la: 5"
          },
          { 
             "Id":107436,
             "Text":"Gia tri cua a la: $a"
          },
          { 
             "Id":107437,
             "Text":"5"
          },
          { 
             "Id":107438,
             "Text":"Tất cả đáp án đều sai"
          }
       ]
    },
    { 
       "Id":25937,
       "Text":"$a = 5;$mess = \"Gia tri cua a la: $a\";echo substr($mess, 0, 3);Kết quả hiện lên màn hình là gì",
       "Marks":1,
       "AnswerId":107442,
       "Answers":[ 
          { 
             "Id":107439,
             "Text":"Gia tri cua a la: 5"
          },
          { 
             "Id":107440,
             "Text":"la: 5"
          },
          { 
             "Id":107441,
             "Text":"Tất cả đáp án đều sai"
          },
          { 
             "Id":107442,
             "Text":"Gia"
          }
       ]
    },
    { 
       "Id":25938,
       "Text":"$name = \u0027a|b|c|d\u0027;$name1 = explode(\u0027|\u0027, $name);$name2 = implode(\u0027 \u0027, $name);echo $name2;Kết quả hiện lên màn hình là gì",
       "Marks":1,
       "AnswerId":107443,
       "Answers":[ 
          { 
             "Id":107443,
             "Text":"Tất cả đáp án đều sai"
          },
          { 
             "Id":107444,
             "Text":"abcd"
          },
          { 
             "Id":107445,
             "Text":"a b c d"
          },
          { 
             "Id":107446,
             "Text":"a|b|c|d"
          }
       ]
    },
    { 
       "Id":25939,
       "Text":"$m = array(\u0027a\u0027=\u003e\u00271\u0027, \u0027b\u0027=\u003e\u00272\u0027, \u0027c\u0027=\u003e\u00273\u0027, \u0027d\u0027=\u003e\u00274\u0027);echo array_pop($m);Kết quả hiện lên màn hình là gì",
       "Marks":1,
       "AnswerId":107449,
       "Answers":[ 
          { 
             "Id":107447,
             "Text":"a"
          },
          { 
             "Id":107448,
             "Text":"d"
          },
          { 
             "Id":107449,
             "Text":"4"
          },
          { 
             "Id":107450,
             "Text":"1"
          }
       ]
    },
    { 
       "Id":25940,
       "Text":"\u003cselect name=\u0027a[]\u0027 multiple=\u0027multiple\u0027\u003e \u003coption value=\u0027b\u0027\u003e1\u003c/option\u003e \u003coption value=\u0027c\u0027\u003e2\u003c/option\u003e\u003c/select\u003e Biết rằng người dùng đã chọn lựa chọn thứ 1. Hỏi dòng mã echo $POST[\u0027a\u0027][0] cho kết quả là gì (form có method là POST)",
       "Marks":1,
       "AnswerId":107454,
       "Answers":[ 
          { 
             "Id":107451,
             "Text":"0"
          },
          { 
             "Id":107452,
             "Text":"Tất cả đáp án đều sai"
          },
          { 
             "Id":107453,
             "Text":"2"
          },
          { 
             "Id":107454,
             "Text":"b"
          }
       ]
    },
    { 
       "Id":25941,
       "Text":"\u003ctextarea name=\u0027a\u0027 rows=\u00273\u0027 cols=\u002750\u0027\u003eabc def\u003c/textarea\u003e Để lấy giá trị của đối tượng textarea và gán cho biến $a (form method là POST) thì cần dùng cú pháp nào sau đây",
       "Marks":1,
       "AnswerId":107456,
       "Answers":[ 
          { 
             "Id":107455,
             "Text":"$a = getvalue(POST[\u0027a\u0027])"
          },
          { 
             "Id":107456,
             "Text":"$a = $_POST[\u0027a\u0027]"
          },
          { 
             "Id":107457,
             "Text":"Tất cả đáp án đều sai"
          },
          { 
             "Id":107458,
             "Text":"$a = getvalue(POST[\u0027a\u0027], 3, 50)"
          }
       ]
    },
    { 
       "Id":25942,
       "Text":"Giả sử đối tượng textarea có name=\u0027a\u0027 và người dùng nhập vào đó đoạn văn bản sau:abcdefHỏi sau khi người dùng submit (POST) thì dòng lệnh echo $_POST[\u0027a\u0027] hiển thị kết quả là gì",
       "Marks":1,
       "AnswerId":107459,
       "Answers":[ 
          { 
             "Id":107459,
             "Text":"Tất cả đáp án đều sai"
          },
          { 
             "Id":107460,
             "Text":"abc"
          },
          { 
             "Id":107461,
             "Text":"abc def"
          },
          { 
             "Id":107462,
             "Text":"abcdef"
          }
       ]
    },
    { 
       "Id":25943,
       "Text":"Để định dạng các ký tự đặc biệt cần dùng hàm nào",
       "Marks":1,
       "AnswerId":107466,
       "Answers":[ 
          { 
             "Id":107463,
             "Text":"Tất cả đáp án đều sai"
          },
          { 
             "Id":107464,
             "Text":"nl2br"
          },
          { 
             "Id":107465,
             "Text":"print"
          },
          { 
             "Id":107466,
             "Text":"htmlspecialchars"
          }
       ]
    },
    { 
       "Id":25944,
       "Text":"\"Giả sử đối tượng textarea có name=\u0027a\u0027 và người dùng nhập vào đó đoạn văn bản sau: abc\u0026nbsp;def Hỏi sau khi người dùng submit (POST) thì dòng lệnh echo $_POST[\u0027a\u0027] hiển thị kết quả là gì?",
       "Marks":1,
       "AnswerId":107467,
       "Answers":[ 
          { 
             "Id":107467,
             "Text":"abc def"
          },
          { 
             "Id":107468,
             "Text":"Tất cả đáp án đều sai"
          },
          { 
             "Id":107469,
             "Text":"abc"
          },
          { 
             "Id":107470,
             "Text":"Hiển thị lỗi"
          }
       ]
    },
    { 
       "Id":25945,
       "Text":"Cú pháp nào sau đây là sai",
       "Marks":1,
       "AnswerId":107473,
       "Answers":[ 
          { 
             "Id":107471,
             "Text":"Tất cả đáp án đều sai"
          },
          { 
             "Id":107472,
             "Text":"print (\u0027abcdef\u0027)"
          },
          { 
             "Id":107473,
             "Text":"print \u0027abc\u0027,\u0027def\u0027"
          },
          { 
             "Id":107474,
             "Text":"print \u0027abcdef\u0027"
          }
       ]
    },
    { 
       "Id":25946,
       "Text":"\u003cselect name=\u0027a[]\u0027 multiple=\u0027multiple\u0027\u003e \u003coption value=\u0027b\u0027\u003e1\u003c/option\u003e \u003coption value=\u0027c\u0027\u003e2\u003c/option\u003e\u003c/select\u003e Biết rằng người dùng đã chọn lựa chọn thứ 2. Hỏi dòng mã echo $_POST[\u0027a\u0027] cho kết quả là gì (form có method là POST)",
       "Marks":1,
       "AnswerId":107475,
       "Answers":[ 
          { 
             "Id":107475,
             "Text":"Tất cả đáp án đều sai"
          },
          { 
             "Id":107476,
             "Text":"2"
          },
          { 
             "Id":107477,
             "Text":"c"
          },
          { 
             "Id":107478,
             "Text":"a"
          }
       ]
    },
    { 
       "Id":25947,
       "Text":"\u003cinput name=\u0027a\u0027 type=\u0027radio\u0027 value=\u0027visa\u0027\u003e \u003cinput name=\u0027a\u0027 type=\u0027radio\u0027 value=\u0027mastercard\u0027\u003e Để lấy dữ liệu của nhóm radio button trên lưu vào biến $b (gửi bằng phương thức POST)thì dùng cấu trúc nào sau đây?",
       "Marks":1,
       "AnswerId":107481,
       "Answers":[ 
          { 
             "Id":107479,
             "Text":"$b = POST[\u0027visa\u0027]"
          },
          { 
             "Id":107480,
             "Text":"$b = \u0027a\u0027"
          },
          { 
             "Id":107481,
             "Text":"Tất cả đáp án đều sai"
          },
          { 
             "Id":107482,
             "Text":"$b = POST[\u0027mastercard\u0027]"
          }
       ]
    },
    { 
       "Id":25948,
       "Text":"Để người dùng nhập dữ liệu vào form dưới dạng một dòng text được mã hóa không cho nhìn thì nên dùng kiểu dữ liệu nào cho thẻ input",
       "Marks":1,
       "AnswerId":107486,
       "Answers":[ 
          { 
             "Id":107483,
             "Text":"Tất cả đáp án đều sai"
          },
          { 
             "Id":107484,
             "Text":"hidden"
          },
          { 
             "Id":107485,
             "Text":"text"
          },
          { 
             "Id":107486,
             "Text":"password"
          }
       ]
    },
    { 
       "Id":25949,
       "Text":"Cú pháp nào sau đây là đúng",
       "Marks":1,
       "AnswerId":107487,
       "Answers":[ 
          { 
             "Id":107487,
             "Text":"($a \u003e 1)? echo (\u0027a\u0027) : echo (\u0027b\u0027)"
          },
          { 
             "Id":107488,
             "Text":"Tất cả đáp án đều sai"
          },
          { 
             "Id":107489,
             "Text":"($a \u003e 1)? print (\u0027a\u0027) : print (\u0027b\u0027)"
          },
          { 
             "Id":107490,
             "Text":"($a \u003e 1)? echo \u0027a\u0027 : print \u0027b\u0027"
          }
       ]
    },
    { 
       "Id":25950,
       "Text":"Khi máy khách gửi yêu cầu HTTP tới máy chủ, nếu yêu cầu đó không bao gồm session ID thì",
       "Marks":1,
       "AnswerId":107491,
       "Answers":[ 
          { 
             "Id":107491,
             "Text":"Máy chủ sẽ tạo session ID"
          },
          { 
             "Id":107492,
             "Text":"Máy khách sẽ tạo session ID rồi gửi lại yêu cầu"
          },
          { 
             "Id":107493,
             "Text":"Máy khách sẽ gửi yêu cầu khác"
          },
          { 
             "Id":107494,
             "Text":"Tất cả đáp án đều sai"
          }
       ]
    },
    { 
       "Id":25951,
       "Text":"Để xóa tất cả biến khỏi session thì thực hiện thao tác nào sau đây",
       "Marks":1,
       "AnswerId":107497,
       "Answers":[ 
          { 
             "Id":107495,
             "Text":"Tất cả đáp án đều sai"
          },
          { 
             "Id":107496,
             "Text":"unset($_SESSION)"
          },
          { 
             "Id":107497,
             "Text":"$_SESSION = array()"
          },
          { 
             "Id":107498,
             "Text":"delete($_SESSION)"
          }
       ]
    },
    { 
       "Id":25952,
       "Text":"Thao tác nào dưới đây không thực hiện được bằng PHP",
       "Marks":1,
       "AnswerId":107499,
       "Answers":[ 
          { 
             "Id":107499,
             "Text":"Sinh session ID mới"
          },
          { 
             "Id":107500,
             "Text":"Lấy session ID"
          },
          { 
             "Id":107501,
             "Text":"Lấy dữ liệu cho session ID"
          },
          { 
             "Id":107502,
             "Text":"Tất cả đáp án đều sai"
          }
       ]
    },
    { 
       "Id":25953,
       "Text":"Để xóa một biến khỏi session thì dùng hàm gì",
       "Marks":1,
       "AnswerId":107503,
       "Answers":[ 
          { 
             "Id":107503,
             "Text":"unset"
          },
          { 
             "Id":107504,
             "Text":"remove"
          },
          { 
             "Id":107505,
             "Text":"delete"
          },
          { 
             "Id":107506,
             "Text":"Tất cả đáp án đều sai"
          }
       ]
    },
    { 
       "Id":25954,
       "Text":"Vị trí của hàm session_set_cookie_params là",
       "Marks":1,
       "AnswerId":107507,
       "Answers":[ 
          { 
             "Id":107507,
             "Text":"Trước hàm session_start"
          },
          { 
             "Id":107508,
             "Text":"Sau hàm session_start"
          },
          { 
             "Id":107509,
             "Text":"Tất cả đáp án đều sai"
          },
          { 
             "Id":107510,
             "Text":"Sau hàm session_end"
          }
       ]
    },
    { 
       "Id":25955,
       "Text":"Để kiểm tra một phần tử có trong mảng $_SESSION hay không thì dùng hàm gì",
       "Marks":1,
       "AnswerId":107511,
       "Answers":[ 
          { 
             "Id":107511,
             "Text":"isset"
          },
          { 
             "Id":107512,
             "Text":"Tất cả đáp án đều sai"
          },
          { 
             "Id":107513,
             "Text":"exist"
          },
          { 
             "Id":107514,
             "Text":"exists"
          }
       ]
    },
    { 
       "Id":25956,
       "Text":"Trong một session, ứng dụng PHP có thể lưu và lấy dữ liệu từ biến nào dưới đây",
       "Marks":1,
       "AnswerId":107515,
       "Answers":[ 
          { 
             "Id":107515,
             "Text":"$_SESSION"
          },
          { 
             "Id":107516,
             "Text":"$_SESSIONS"
          },
          { 
             "Id":107517,
             "Text":"Tất cả đáp án đều sai"
          },
          { 
             "Id":107518,
             "Text":"$_COOKIE"
          }
       ]
    },
    { 
       "Id":25957,
       "Text":"Hàm session_write_close có tác dụng gì",
       "Marks":1,
       "AnswerId":107519,
       "Answers":[ 
          { 
             "Id":107519,
             "Text":"Buộc PHP lưu dữ liệu của session"
          },
          { 
             "Id":107520,
             "Text":"Chuyển hướng session"
          },
          { 
             "Id":107521,
             "Text":"Buộc PHP không cho ghi dữ liệu lên session"
          },
          { 
             "Id":107522,
             "Text":"Tất cả đáp án đều sai"
          }
       ]
    },
    { 
       "Id":25958,
       "Text":"Để xóa một cookie cần làm thao tác gì",
       "Marks":1,
       "AnswerId":107526,
       "Answers":[ 
          { 
             "Id":107523,
             "Text":"Xóa biến $_COOKIE"
          },
          { 
             "Id":107524,
             "Text":"Dùng hàm remove_cookie"
          },
          { 
             "Id":107525,
             "Text":"Dùng hàm delete_cookie"
          },
          { 
             "Id":107526,
             "Text":"Tất cả đáp án đều sai"
          }
       ]
    },
    { 
       "Id":25959,
       "Text":"Để lấy session ID thì dùng hàm gì",
       "Marks":1,
       "AnswerId":107529,
       "Answers":[ 
          { 
             "Id":107527,
             "Text":"Tất cả đáp án đều sai"
          },
          { 
             "Id":107528,
             "Text":"get_session_id"
          },
          { 
             "Id":107529,
             "Text":"session_id"
          },
          { 
             "Id":107530,
             "Text":"get_sessionID"
          }
       ]
    },
    { 
       "Id":25960,
       "Text":"Phát biểu nào sau đây đúng về biến trong PHP",
       "Marks":1,
       "AnswerId":107531,
       "Answers":[ 
          { 
             "Id":107531,
             "Text":"Phân biệt chữ hoa và chữ thường"
          },
          { 
             "Id":107532,
             "Text":"Cần khai báo loại biến"
          },
          { 
             "Id":107533,
             "Text":"Tất cả đáp án đều sai"
          },
          { 
             "Id":107534,
             "Text":"Có thể chứa các ký tự đặc biệt"
          }
       ]
    },
    { 
       "Id":25961,
       "Text":"Chỉ mục số của phần tử thứ ba của mảng trong PHP là",
       "Marks":1,
       "AnswerId":107537,
       "Answers":[ 
          { 
             "Id":107535,
             "Text":"0"
          },
          { 
             "Id":107536,
             "Text":"4"
          },
          { 
             "Id":107537,
             "Text":"Tất cả đáp án đều sai"
          },
          { 
             "Id":107538,
             "Text":"3"
          }
       ]
    },
    { 
       "Id":25962,
       "Text":"Để tránh trường hợp trùng tên hàm cần sử dụng",
       "Marks":1,
       "AnswerId":107541,
       "Answers":[ 
          { 
             "Id":107539,
             "Text":"include_path"
          },
          { 
             "Id":107540,
             "Text":"Tất cả đáp án đều sai"
          },
          { 
             "Id":107541,
             "Text":"namespace"
          },
          { 
             "Id":107542,
             "Text":"project"
          }
       ]
    },
    { 
       "Id":25963,
       "Text":"Để một biến bên ngoài hàm có hiệu lực bên trong hàm thì sử dụng từ khóa gì",
       "Marks":1,
       "AnswerId":107544,
       "Answers":[ 
          { 
             "Id":107543,
             "Text":"Tất cả đáp án đều sai"
          },
          { 
             "Id":107544,
             "Text":"global"
          },
          { 
             "Id":107545,
             "Text":"local"
          },
          { 
             "Id":107546,
             "Text":"available"
          }
       ]
    },
    { 
       "Id":25964,
       "Text":"Trong mô hình MVC người ta thường dùng cấu trúc điều kiện nào",
       "Marks":1,
       "AnswerId":107550,
       "Answers":[ 
          { 
             "Id":107547,
             "Text":"if"
          },
          { 
             "Id":107548,
             "Text":"Tất cả đáp án đều sai"
          },
          { 
             "Id":107549,
             "Text":"for"
          },
          { 
             "Id":107550,
             "Text":"switch case"
          }
       ]
    },
    { 
       "Id":25965,
       "Text":"Khi đang dò lỗi trong NetBeans nếu nhấn nút Continue thì ứng dụng sẽ",
       "Marks":1,
       "AnswerId":107551,
       "Answers":[ 
          { 
             "Id":107551,
             "Text":"Chạy tới điểm dừng kế tiếp"
          },
          { 
             "Id":107552,
             "Text":"Loại bỏ điểm dừng"
          },
          { 
             "Id":107553,
             "Text":"Thực hiện biểu thức kế tiếp"
          },
          { 
             "Id":107554,
             "Text":"Bỏ qua biểu thức hiện tại"
          }
       ]
    },
    { 
       "Id":25966,
       "Text":"Để truy cập các đối số của một hàm cần sử dụng",
       "Marks":1,
       "AnswerId":107556,
       "Answers":[ 
          { 
             "Id":107555,
             "Text":"$_AGRUMENTS"
          },
          { 
             "Id":107556,
             "Text":"Hàm func_get_args"
          },
          { 
             "Id":107557,
             "Text":"Tất cả đáp án đều sai"
          },
          { 
             "Id":107558,
             "Text":"$ARGS"
          }
       ]
    },
    { 
       "Id":25967,
       "Text":"Trong PHP, để kết nối với MySQL cần làm thao tác gì",
       "Marks":1,
       "AnswerId":107562,
       "Answers":[ 
          { 
             "Id":107559,
             "Text":"Gọi một truy vấn tới cơ sở dữ liệu"
          },
          { 
             "Id":107560,
             "Text":"Dùng hàm connect"
          },
          { 
             "Id":107561,
             "Text":"Tất cả đáp án đều sai"
          },
          { 
             "Id":107562,
             "Text":"Tạo đối tượng PDO"
          }
       ]
    },
    { 
       "Id":25968,
       "Text":"Để thiết lập include path cho một website cần sử dụng hàm nào",
       "Marks":1,
       "AnswerId":107563,
       "Answers":[ 
          { 
             "Id":107563,
             "Text":"set_include_path"
          },
          { 
             "Id":107564,
             "Text":"set_includepath"
          },
          { 
             "Id":107565,
             "Text":"Tất cả đáp án đều sai"
          },
          { 
             "Id":107566,
             "Text":"include_path"
          }
       ]
    },
    { 
       "Id":25969,
       "Text":"Khi máy chủ nhận được yêu cầu HTTP về một trang PHP thì nó sẽ gọi đến",
       "Marks":1,
       "AnswerId":107569,
       "Answers":[ 
          { 
             "Id":107567,
             "Text":"Trình duyệt"
          },
          { 
             "Id":107568,
             "Text":"Máy chủ cơ sở dữ liệu"
          },
          { 
             "Id":107569,
             "Text":"Bộ dịch PHP"
          },
          { 
             "Id":107570,
             "Text":"Tất cả đáp án đều sai"
          }
       ]
    }
 ]