[ 
    { 
       "Id":24791,
       "Text":"Phẩm chất nào không nằm trong 7 phẩm chất quan trọng mà Product Owner cần có?",
       "Marks":1,
       "AnswerId":102847,
       "Answers":[ 
          { 
             "Id":102847,
             "Text":"Có kỹ năng của một Tester"
          },
          { 
             "Id":102848,
             "Text":"Có tầm nhìn và kiến thức rõ ràng về sản phẩm"
          },
          { 
             "Id":102849,
             "Text":"Biết cách quản lý thành công kỳ vọng của các bên liên quan và đôi khi là mâu thuẫn về độ ưu tiên"
          },
          { 
             "Id":102850,
             "Text":"Biết cách thu thập yêu cầu để chuyển tầm nhìn sản phẩm thành một Product Backlog tốt"
          }
       ]
    },
    { 
       "Id":24792,
       "Text":"Cách tiếp cận tầm nhìn sản phẩm sử dụng kỹ thuật gì?",
       "Marks":1,
       "AnswerId":102855,
       "Answers":[ 
          { 
             "Id":102851,
             "Text":"5X"
          },
          { 
             "Id":102852,
             "Text":"5S"
          },
          { 
             "Id":102853,
             "Text":"5A"
          },
          { 
             "Id":102854,
             "Text":"5Y"
          },
          { 
             "Id":102855,
             "Text":"5W"
          }
       ]
    },
    { 
       "Id":24793,
       "Text":"Phương án nào không phải lợi ích khi xác định mục tiêu của Sprint?",
       "Marks":1,
       "AnswerId":102856,
       "Answers":[ 
          { 
             "Id":102856,
             "Text":"Hỗ trợ giao tiếp giữa các phòng ban trong công ty"
          },
          { 
             "Id":102857,
             "Text":"Nhận thông tin phản hồi"
          },
          { 
             "Id":102858,
             "Text":"Tạo sự tập trung và hỗ trợ nhóm tốt hơn từ khách hàng"
          },
          { 
             "Id":102859,
             "Text":"Thuận tiện khi phân tích phản hồi"
          }
       ]
    },
    { 
       "Id":24794,
       "Text":"Phương án nào không phải ưu điểm của phương pháp lá bài lập kế hoạch ?",
       "Marks":1,
       "AnswerId":102863,
       "Answers":[ 
          { 
             "Id":102860,
             "Text":"Thu được nhiều ý kiến đóng góp của các chuyên gia"
          },
          { 
             "Id":102861,
             "Text":"Các nghiên cứu chỉ ra ước lượng trung bình và thảo luận nhóm sẽ cho kết quả tốt hơn"
          },
          { 
             "Id":102862,
             "Text":"Hội thoại giữa các thành viên đưa đến kết quả ước lượng chính xác hơn"
          },
          { 
             "Id":102863,
             "Text":"Thu được ý kiến đóng góp của khách hàng"
          }
       ]
    },
    { 
       "Id":24795,
       "Text":"Sự khác nhau giữa mô hình truyền thống (thác nước) và mô hình tiếp cận tăng trưởng (Scrum) là gì?",
       "Marks":1,
       "AnswerId":102867,
       "Answers":[ 
          { 
             "Id":102864,
             "Text":"Khả năng thành công dự án khi áp dụng mô hình thác nước là cao và khả năng thành công dự án khi áp dụng mô hình Scrum là thấp"
          },
          { 
             "Id":102865,
             "Text":"Trong mô hình truyền thống (thác nước), quá trình phát triển được chia thành các Sprint. Trong mô hình Scrum, quá trình phát triển không được chia thành các Sprint"
          },
          { 
             "Id":102866,
             "Text":"Scrum Master là một vị trí quan trọng trong dự án theo mô hình thác nước. Trong mô hình Scrum không có vị trí Scrum Master"
          },
          { 
             "Id":102867,
             "Text":"Trong mô hình thác nước, sản phẩm của khách hàng được xác định ở giai đoạn cuối. Trong mô hình Scrum, sản phẩm được chuyển giao cho khách hàng theo từng Sprint"
          }
       ]
    },
    { 
       "Id":24796,
       "Text":"Đối với tổ chức cơ sở hạ tầng kiểm thử, chúng ta nên gặp gỡ thành viên của nhóm kỹ thuật cài đặt môi trường kiểm thử tạm thời ở giai đoạn nào?",
       "Marks":1,
       "AnswerId":102868,
       "Answers":[ 
          { 
             "Id":102868,
             "Text":"Ngay từ đầu dự án khi họ cài đặt môi trường kiểm thử tạm thời"
          },
          { 
             "Id":102869,
             "Text":"Kết thúc Sprint"
          },
          { 
             "Id":102870,
             "Text":"Bàn giao sản phẩm"
          },
          { 
             "Id":102871,
             "Text":"Bắt đầu Sprint mới"
          }
       ]
    },
    { 
       "Id":24797,
       "Text":"Định nghĩa nhóm Scrum?",
       "Marks":1,
       "AnswerId":102872,
       "Answers":[ 
          { 
             "Id":102872,
             "Text":"Là một nhóm liên chức năng gồm Product Owner, Scrum Master và Development Team (Nhóm Phát triển)."
          },
          { 
             "Id":102873,
             "Text":"Là một nhóm liên chức năng gồm Development Team (Nhóm Phát triển)."
          },
          { 
             "Id":102874,
             "Text":"Là một nhóm liên chức năng gồm Product Owner và Development Team (Nhóm Phát triển)."
          },
          { 
             "Id":102875,
             "Text":"Là một nhóm liên chức năng gồm QA, Scrum Master và Development Team (Nhóm Phát triển)."
          }
       ]
    },
    { 
       "Id":24798,
       "Text":"Các nhóm Scrum nên có tối đa bao nhiêu thành viên?",
       "Marks":1,
       "AnswerId":102876,
       "Answers":[ 
          { 
             "Id":102876,
             "Text":"7"
          },
          { 
             "Id":102877,
             "Text":"50"
          },
          { 
             "Id":102878,
             "Text":"70"
          },
          { 
             "Id":102879,
             "Text":"1000"
          },
          { 
             "Id":102880,
             "Text":"100"
          }
       ]
    },
    { 
       "Id":24799,
       "Text":"Chọn phương án không phải danh sách công việc mặc định được trello tạo sẵn?",
       "Marks":1,
       "AnswerId":102883,
       "Answers":[ 
          { 
             "Id":102881,
             "Text":"Doing"
          },
          { 
             "Id":102882,
             "Text":"Done"
          },
          { 
             "Id":102883,
             "Text":"In Progress"
          },
          { 
             "Id":102884,
             "Text":"Todo"
          }
       ]
    },
    { 
       "Id":24800,
       "Text":"Để xác định tầm nhìn kiến trúc, nhóm phải xem lại tầm nhìn và mục tiêu của sản phẩm để xác định các dữ liệu kinh doanh chính?",
       "Marks":1,
       "AnswerId":102886,
       "Answers":[ 
          { 
             "Id":102885,
             "Text":"Sai"
          },
          { 
             "Id":102886,
             "Text":"Đúng"
          }
       ]
    },
    { 
       "Id":24801,
       "Text":"Mục tiêu của buổi họp cải tiến Sprint?",
       "Marks":1,
       "AnswerId":102890,
       "Answers":[ 
          { 
             "Id":102887,
             "Text":"Product Owner sẽ tổ chức cho nhóm thực hiện công việc khảo sát lại toàn bộ quy trình làm việc của Sprint vừa qua để tìm ra các cải tiến trong Sprint tới"
          },
          { 
             "Id":102888,
             "Text":"QA sẽ tổ chức cho nhóm thực hiện công việc khảo sát lại toàn bộ quy trình làm việc của Sprint vừa qua để tìm ra các cải tiến trong Sprint tới"
          },
          { 
             "Id":102889,
             "Text":"Tester sẽ tổ chức cho nhóm thực hiện công việc khảo sát lại toàn bộ quy trình làm việc của Sprint vừa qua để tìm ra các cải tiến trong Sprint tới"
          },
          { 
             "Id":102890,
             "Text":"ScrumMaster sẽ tổ chức cho nhóm thực hiện công việc khảo sát lại toàn bộ quy trình làm việc của Sprint vừa qua để tìm ra các cải tiến trong Sprint tới"
          }
       ]
    },
    { 
       "Id":24802,
       "Text":"Mục tiêu của Sprint là gì?",
       "Marks":1,
       "AnswerId":102891,
       "Answers":[ 
          { 
             "Id":102891,
             "Text":"Là một bộ các yêu cầu gắn kết khiến nhóm phát triển làm việc cùng nhau thay vì phân rã mỗi người một việc"
          },
          { 
             "Id":102892,
             "Text":"Là một bộ yêu cầu mà Product Master phải làm trong Sprint"
          },
          { 
             "Id":102893,
             "Text":"Là một bộ yêu cầu mà Scrum Master phải làm trong Sprint"
          },
          { 
             "Id":102894,
             "Text":"Là một bộ yêu cầu mà Tester phải làm trong Sprint"
          }
       ]
    },
    { 
       "Id":24803,
       "Text":"Phương án nào không phải nguyên tắc phía sau tuyên ngôn Agile?",
       "Marks":1,
       "AnswerId":102896,
       "Answers":[ 
          { 
             "Id":102895,
             "Text":"Thường xuyên chuyển giao phần mềm chạy tốt tới khách hàng, từ vài tuần đến vài tháng, ưu tiên cho các khoảng thời gian ngắn hơn"
          },
          { 
             "Id":102896,
             "Text":"Nhóm phát triển sẽ thường xuyên tập trung vào phân tích thiết kế, làm xong hết các chức năng của phần mềm rồi demo khách hàng"
          },
          { 
             "Id":102897,
             "Text":"Ưu tiên cao nhất của Scrum là thỏa mãn khách hàng thông qua việc chuyển giao sớm và liên tục các phần mềm có giá trị"
          },
          { 
             "Id":102898,
             "Text":"Phần mềm chạy tốt là thước đo chính của tiến độ"
          }
       ]
    },
    { 
       "Id":24804,
       "Text":"Vai trò nào không có trong Scrum?",
       "Marks":1,
       "AnswerId":102901,
       "Answers":[ 
          { 
             "Id":102899,
             "Text":"Nhóm phát triển"
          },
          { 
             "Id":102900,
             "Text":"Product Owner"
          },
          { 
             "Id":102901,
             "Text":"Project Leader"
          },
          { 
             "Id":102902,
             "Text":"Scrum Master"
          }
       ]
    },
    { 
       "Id":24805,
       "Text":"Số lần thử ước lượng tối đa trong phương pháp bộ bài lập kế hoạch?",
       "Marks":1,
       "AnswerId":102905,
       "Answers":[ 
          { 
             "Id":102903,
             "Text":"3"
          },
          { 
             "Id":102904,
             "Text":"4"
          },
          { 
             "Id":102905,
             "Text":"Không có số lần thử ước lượng tối đa, sẽ thử ước lượng đến khi các thành viên thống nhất được về ước lượng đối với User Story"
          },
          { 
             "Id":102906,
             "Text":"1"
          },
          { 
             "Id":102907,
             "Text":"2"
          }
       ]
    },
    { 
       "Id":24806,
       "Text":"Trong Scrum, cuộc họp giữa các thành viên của nhóm diễn ra theo thời gian như thế nào?",
       "Marks":1,
       "AnswerId":102910,
       "Answers":[ 
          { 
             "Id":102908,
             "Text":"Tuần họp 2 lần"
          },
          { 
             "Id":102909,
             "Text":"Ngày họp 2 lần"
          },
          { 
             "Id":102910,
             "Text":"Hàng ngày"
          },
          { 
             "Id":102911,
             "Text":"Hàng tháng"
          }
       ]
    },
    { 
       "Id":24807,
       "Text":"Vai trò gì đại diện cho lợi ích của tất cả mọi người có quyền lợi trong dự án và sản phẩm được tạo ra sau dự án?",
       "Marks":1,
       "AnswerId":102913,
       "Answers":[ 
          { 
             "Id":102912,
             "Text":"Tester"
          },
          { 
             "Id":102913,
             "Text":"Product Owner"
          },
          { 
             "Id":102914,
             "Text":"QA"
          },
          { 
             "Id":102915,
             "Text":"Scrum Master"
          }
       ]
    },
    { 
       "Id":24808,
       "Text":"Vai trò nào trong Scrum đóng vai trò như là khách hàng và sẽ thay khách hàng đưa ra yêu cầu phần mềm đối với nhóm Scrum?",
       "Marks":1,
       "AnswerId":102916,
       "Answers":[ 
          { 
             "Id":102916,
             "Text":"Product Owner"
          },
          { 
             "Id":102917,
             "Text":"Tester"
          },
          { 
             "Id":102918,
             "Text":"Scrum Master"
          },
          { 
             "Id":102919,
             "Text":"QA"
          }
       ]
    },
    { 
       "Id":24809,
       "Text":"Yếu tố nào không được dùng để ước lượng user story?",
       "Marks":1,
       "AnswerId":102920,
       "Answers":[ 
          { 
             "Id":102920,
             "Text":"Quan hệ giữa Tester và khách hàng"
          },
          { 
             "Id":102921,
             "Text":"Quy tắc nghiệp vụ"
          },
          { 
             "Id":102922,
             "Text":"Số thực thể tham gia vào story"
          },
          { 
             "Id":102923,
             "Text":"Dữ liệu được thêm mới, đọc, sửa, xóa"
          }
       ]
    },
    { 
       "Id":24810,
       "Text":"Kỹ thuật nào được sử dụng để xác định yêu cầu cho Product Backlog?",
       "Marks":1,
       "AnswerId":102925,
       "Answers":[ 
          { 
             "Id":102924,
             "Text":"Tìm đường đi ngắn nhất"
          },
          { 
             "Id":102925,
             "Text":"Cây và rừng"
          },
          { 
             "Id":102926,
             "Text":"Tìm đường đi trong đồ thị"
          },
          { 
             "Id":102927,
             "Text":"Cây nhị phân"
          }
       ]
    },
    { 
       "Id":24811,
       "Text":"Mục tiêu của buổi họp sơ kết Sprint?",
       "Marks":1,
       "AnswerId":102929,
       "Answers":[ 
          { 
             "Id":102928,
             "Text":"Đội sản xuất cùng với QA đánh giá lại công việc của Sprint vừa kết thúc"
          },
          { 
             "Id":102929,
             "Text":"Đội sản xuất cùng với Product Owner đánh giá lại công việc của Sprint vừa kết thúc"
          },
          { 
             "Id":102930,
             "Text":"Đội sản xuất cùng với Product Owner đánh giá về công việc của Sprint sắp tới"
          },
          { 
             "Id":102931,
             "Text":"Đội sản xuất cùng với QA đánh giá về công việc của Sprint sắp tới"
          }
       ]
    },
    { 
       "Id":24812,
       "Text":"Phương án nào không phải đặc điểm của nhóm phát triển trong Scrum?",
       "Marks":1,
       "AnswerId":102935,
       "Answers":[ 
          { 
             "Id":102932,
             "Text":"Tạo ra phần tăng trưởng hoàn thành"
          },
          { 
             "Id":102933,
             "Text":"Không có Project Leader"
          },
          { 
             "Id":102934,
             "Text":"Tự quản lý"
          },
          { 
             "Id":102935,
             "Text":"Có Project Leader"
          }
       ]
    },
    { 
       "Id":24813,
       "Text":"Câu nào là đúng nhất đối với định nghĩa hoàn thành trong Scrum?",
       "Marks":1,
       "AnswerId":102936,
       "Answers":[ 
          { 
             "Id":102936,
             "Text":"Định nghĩa hoàn thành thường khác nhau, tùy thuộc vào tình hình dự án"
          },
          { 
             "Id":102937,
             "Text":"Công việc được coi là hoàn thành khi mọi user story mới đã được tích hợp trước buổi sơ kết sprint"
          },
          { 
             "Id":102938,
             "Text":"Công việc được coi là hoàn thành khi đã hoàn thành 1 Sprint, chuyển giao phần mềm cho khách hàng khi chưa kiểm thử chấp nhận"
          },
          { 
             "Id":102939,
             "Text":"Công việc được coi là hoàn thành khi kết thúc việc lập trình"
          }
       ]
    },
    { 
       "Id":24814,
       "Text":"Tính cách nào không phải là loại tích cách Keirsey?",
       "Marks":1,
       "AnswerId":102941,
       "Answers":[ 
          { 
             "Id":102940,
             "Text":"Bảo vệ"
          },
          { 
             "Id":102941,
             "Text":"Ích kỷ"
          },
          { 
             "Id":102942,
             "Text":"Đạo diễn"
          },
          { 
             "Id":102943,
             "Text":"Tư vấn"
          }
       ]
    },
    { 
       "Id":24815,
       "Text":"Lập kế hoạch phát hành trong Scrum là bắt buộc hay không?",
       "Marks":1,
       "AnswerId":102945,
       "Answers":[ 
          { 
             "Id":102944,
             "Text":"Có"
          },
          { 
             "Id":102945,
             "Text":"Không"
          }
       ]
    },
    { 
       "Id":24816,
       "Text":"Cuộc họp Scrum hàng ngày nên được tổ chức theo kiểu gì?",
       "Marks":1,
       "AnswerId":102946,
       "Answers":[ 
          { 
             "Id":102946,
             "Text":"Các thành viên đứng họp trong khoảng thời gian 15 phút"
          },
          { 
             "Id":102947,
             "Text":"Các thành viên họp bàn tròn trong khoảng thời gian 1 tiếng"
          },
          { 
             "Id":102948,
             "Text":"Các thành viên đứng họp trong khoảng thời gian 1 tiếng"
          },
          { 
             "Id":102949,
             "Text":"Các thành viên họp bàn tròn trong khoảng thời gian 2 tiếng"
          }
       ]
    },
    { 
       "Id":24817,
       "Text":"Chọn định nghĩa đúng về Burndown chart?",
       "Marks":1,
       "AnswerId":102951,
       "Answers":[ 
          { 
             "Id":102950,
             "Text":"Là biểu đồ thể hiện xu hướng của công việc đã làm theo thời gian trong một Sprint"
          },
          { 
             "Id":102951,
             "Text":"Là biểu đồ thể hiện xu hướng của công việc còn lại theo thời gian trong một Sprint, một bản phát hành (Release), hoặc sản phẩm"
          },
          { 
             "Id":102952,
             "Text":"Là biểu đồ thể hiện xu hướng của công việc mà tester còn lại phải làm theo thời gian trong một Sprint"
          },
          { 
             "Id":102953,
             "Text":"Là biểu đồ thể hiện xu hướng của công việc mà tester đã làm theo thời gian trong một Sprint"
          }
       ]
    },
    { 
       "Id":24818,
       "Text":"Phương án nào không phải đặc điểm của quy tắc CUTFIT?",
       "Marks":1,
       "AnswerId":102956,
       "Answers":[ 
          { 
             "Id":102954,
             "Text":"Độc lập"
          },
          { 
             "Id":102955,
             "Text":"Khả thi"
          },
          { 
             "Id":102956,
             "Text":"Không theo dõi được"
          },
          { 
             "Id":102957,
             "Text":"Nhất quán"
          },
          { 
             "Id":102958,
             "Text":"Không mơ hồ"
          }
       ]
    },
    { 
       "Id":24819,
       "Text":"Phương pháp nào được sử dụng nhiều nhất trong các dự án phần mềm Agile hiện này?",
       "Marks":1,
       "AnswerId":102961,
       "Answers":[ 
          { 
             "Id":102959,
             "Text":"Lean"
          },
          { 
             "Id":102960,
             "Text":"Scrumban"
          },
          { 
             "Id":102961,
             "Text":"Scrum"
          },
          { 
             "Id":102962,
             "Text":"Kanban"
          }
       ]
    },
    { 
       "Id":24820,
       "Text":"Kiểm thử phần mềm trong Agile được thực thi ở giai đoạn nào?",
       "Marks":1,
       "AnswerId":102966,
       "Answers":[ 
          { 
             "Id":102963,
             "Text":"Trước khi chuyển giao phần mềm"
          },
          { 
             "Id":102964,
             "Text":"Trong quá trình thiết kế hệ thống"
          },
          { 
             "Id":102965,
             "Text":"Trước khi ký hợp đồng nghiệm thu phần mềm"
          },
          { 
             "Id":102966,
             "Text":"Trong quá trình phát triển phần mềm của Sprint"
          }
       ]
    },
    { 
       "Id":24821,
       "Text":"Ý tưởng cơ bản của Scrum có xuất xứ từ ngành công nghiệp nào?",
       "Marks":1,
       "AnswerId":102968,
       "Answers":[ 
          { 
             "Id":102967,
             "Text":"Máy bay"
          },
          { 
             "Id":102968,
             "Text":"Ô tô"
          },
          { 
             "Id":102969,
             "Text":"Xe máy"
          },
          { 
             "Id":102970,
             "Text":"Vũ trụ"
          }
       ]
    },
    { 
       "Id":24822,
       "Text":"Nếu thao tác dữ liệu trên User Story có thao tác cập nhật, user story có giá trị bao nhiêu?",
       "Marks":1,
       "AnswerId":102971,
       "Answers":[ 
          { 
             "Id":102971,
             "Text":"3"
          },
          { 
             "Id":102972,
             "Text":"4"
          },
          { 
             "Id":102973,
             "Text":"1"
          },
          { 
             "Id":102974,
             "Text":"2"
          }
       ]
    },
    { 
       "Id":24823,
       "Text":"Câu nào là sai đối với Scrum?",
       "Marks":1,
       "AnswerId":102976,
       "Answers":[ 
          { 
             "Id":102975,
             "Text":"Scrum hoạt động theo nguyên tắc thực nghiệm"
          },
          { 
             "Id":102976,
             "Text":"Scrum mang lại giá trị thấp trong thời gian ngắn"
          },
          { 
             "Id":102977,
             "Text":"Scrum là khung làm việc linh hoạt để quản lý các dự án"
          },
          { 
             "Id":102978,
             "Text":"Các nhóm trong Scrum là tự quản và tự tổ chức và liên chức năng"
          }
       ]
    },
    { 
       "Id":24824,
       "Text":"Ai có quyền hủy Sprint khi mục tiêu của Sprint trở nên lỗi thời?",
       "Marks":1,
       "AnswerId":102979,
       "Answers":[ 
          { 
             "Id":102979,
             "Text":"QA"
          },
          { 
             "Id":102980,
             "Text":"Scrum Master"
          },
          { 
             "Id":102981,
             "Text":"Tester"
          },
          { 
             "Id":102982,
             "Text":"Product Owner"
          }
       ]
    },
    { 
       "Id":24825,
       "Text":"Phần mềm nào là phần mềm quản lý dự án theo Scrum?",
       "Marks":1,
       "AnswerId":102985,
       "Answers":[ 
          { 
             "Id":102983,
             "Text":"Eclipse"
          },
          { 
             "Id":102984,
             "Text":"Android Studio"
          },
          { 
             "Id":102985,
             "Text":"Trello"
          },
          { 
             "Id":102986,
             "Text":"NetBean"
          }
       ]
    },
    { 
       "Id":24826,
       "Text":"Kỹ thuật nào không nằm trong kỹ thuật để giải quyết xung đột của Kenneth Thomas và Ralph Kilmann?",
       "Marks":1,
       "AnswerId":102987,
       "Answers":[ 
          { 
             "Id":102987,
             "Text":"Đối đầu"
          },
          { 
             "Id":102988,
             "Text":"Thỏa hiệp"
          },
          { 
             "Id":102989,
             "Text":"Cộng tác"
          },
          { 
             "Id":102990,
             "Text":"Điều tiết"
          },
          { 
             "Id":102991,
             "Text":"Cạnh tranh"
          }
       ]
    },
    { 
       "Id":24827,
       "Text":"Ai chịu trách nhiệm đảm bảo mọi người hiểu và dùng được Scrum?",
       "Marks":1,
       "AnswerId":102993,
       "Answers":[ 
          { 
             "Id":102992,
             "Text":"Product Owner"
          },
          { 
             "Id":102993,
             "Text":"Scrum Master"
          },
          { 
             "Id":102994,
             "Text":"QA"
          },
          { 
             "Id":102995,
             "Text":"Tester"
          }
       ]
    },
    { 
       "Id":24828,
       "Text":"Phương án nào không phải đặc điểm của quy tắc SMART?",
       "Marks":1,
       "AnswerId":102998,
       "Answers":[ 
          { 
             "Id":102996,
             "Text":"Rõ ràng"
          },
          { 
             "Id":102997,
             "Text":"Thực tế"
          },
          { 
             "Id":102998,
             "Text":"Dựa trên chi phí"
          },
          { 
             "Id":102999,
             "Text":"Đo được"
          },
          { 
             "Id":103000,
             "Text":"Có thể đạt được"
          }
       ]
    },
    { 
       "Id":24829,
       "Text":"Phẩm chất nào không nằm trong 7 phẩm chất quan trọng mà Scrum Master cần có?",
       "Marks":1,
       "AnswerId":103002,
       "Answers":[ 
          { 
             "Id":103001,
             "Text":"Có kỹ năng tốt về tổ chức"
          },
          { 
             "Id":103002,
             "Text":"Có kỹ năng kiểm thử tốt"
          },
          { 
             "Id":103003,
             "Text":"Có kỹ năng tốt về giao tiếp"
          },
          { 
             "Id":103004,
             "Text":"Có kiến thức chuyên sâu về cả lý thuyết lẫn thực hành Scrum"
          }
       ]
    },
    { 
       "Id":24830,
       "Text":"Câu nào là đúng đối với kiểm thử trong Scrum?",
       "Marks":1,
       "AnswerId":103006,
       "Answers":[ 
          { 
             "Id":103005,
             "Text":"Không nên thực hiện kiểm thử tự động trong Scrum"
          },
          { 
             "Id":103006,
             "Text":"Do scrum chủ yếu là một khung quản lý dự án, nên nó không nhắc tới những phương pháp kỹ thuật liên quan tới lập trình và kiểm thử"
          },
          { 
             "Id":103007,
             "Text":"Không nên thực hiện kiểm thử Unit Test trong Scrum"
          },
          { 
             "Id":103008,
             "Text":"Không nên thực hiện kiểm thử tích hợp liên tục trong Scrum"
          }
       ]
    },
    { 
       "Id":24831,
       "Text":"Sprint thường ngắn hơn bao nhiêu ngày?",
       "Marks":1,
       "AnswerId":103013,
       "Answers":[ 
          { 
             "Id":103009,
             "Text":"40"
          },
          { 
             "Id":103010,
             "Text":"50"
          },
          { 
             "Id":103011,
             "Text":"20"
          },
          { 
             "Id":103012,
             "Text":"10"
          },
          { 
             "Id":103013,
             "Text":"30"
          }
       ]
    },
    { 
       "Id":24832,
       "Text":"Giai đoạn nào không nằm trong năm giai đoạn mà nhóm sẽ trải qua của Broke Tuckman?",
       "Marks":1,
       "AnswerId":103014,
       "Answers":[ 
          { 
             "Id":103014,
             "Text":"Chuẩn hóa"
          },
          { 
             "Id":103015,
             "Text":"Chuyển giao"
          },
          { 
             "Id":103016,
             "Text":"Hình thành"
          },
          { 
             "Id":103017,
             "Text":"Thể hiện"
          }
       ]
    },
    { 
       "Id":24833,
       "Text":"Nếu số lượng thực thể liên quan đến user story có từ 1 đến 3 thực thể, user story nên có giá trị bao nhiêu?",
       "Marks":1,
       "AnswerId":103019,
       "Answers":[ 
          { 
             "Id":103018,
             "Text":"1"
          },
          { 
             "Id":103019,
             "Text":"2"
          },
          { 
             "Id":103020,
             "Text":"4"
          },
          { 
             "Id":103021,
             "Text":"3"
          }
       ]
    },
    { 
       "Id":24834,
       "Text":"Một trong những lợi ích chính của kiểm thử tự động là một phần mềm sẽ chạy tất cả kiểm thử cho bạn?",
       "Marks":1,
       "AnswerId":103022,
       "Answers":[ 
          { 
             "Id":103022,
             "Text":"Đúng"
          },
          { 
             "Id":103023,
             "Text":"Sai"
          }
       ]
    },
    { 
       "Id":24835,
       "Text":"Để tích hợp liên tục hiệu quả hơn, các nhóm phát triển Scrum nên sử dụng công cụ gì để quản lý version?",
       "Marks":1,
       "AnswerId":103027,
       "Answers":[ 
          { 
             "Id":103024,
             "Text":"Wordpad"
          },
          { 
             "Id":103025,
             "Text":"Tortoise"
          },
          { 
             "Id":103026,
             "Text":"Notepad"
          },
          { 
             "Id":103027,
             "Text":"Git"
          }
       ]
    }
 ]